:020000040100F9
:1000000060AB0021D9A802017F0C0301C5A8020141
:10001000C5A80201C5A80201C5A802010000000090
:1000200000000000000000000000000035AA0201EE
:10003000C5A8020100000000D5A90201C5A802015F
:10004000A5AB0201A5AB0201A5AB0201A5AB020164
:10005000A5AB0201A5AB0201A5AB0201A5AB020154
:1000600083140301A5AB0201A5AB0201A5AB0201FC
:1000700099140301A5AB0201A5AB0201A5AB0201D6
:10008000A5AB020169140301A5AB0201A5AB0201F6
:10009000A5AB0201A5AB0201A5AB0201A5AB020114
:1000A000A5AB0201A5AB0201A5AB0201A5AB020104
:1000B000A5AB0201A5AB0201054B00221B788260B3
:1000C00001330260034A4260C371FF230372704729
:1000D000B003002180010800064A074B02604FF47C
:1000E00022729B7882800822C3710023827103727E
:1000F000704700BF437B0201B0030021064A074B53
:1001000002604FF43E72DB7882800822C3710023C4
:1001100082710372704700BF51770201B003002162
:10012000064A074B02604FF4C472DB7A82800822D1
:10013000C371FF2382710372704700BFA771020170
:10014000B0030021054A064B0260B822DB7B8280A7
:100150000822C371FF23827103727047617C020120
:10016000B0030021054A064B0260D0229B7D8280AD
:100170000822C3710123827103727047B18F01019C
:10018000B0030021054A064B0260A0225B7E8280FC
:100190000822C37102238271037270471593000114
:1001A000B0030021064A074B02604FF408729B7EA1
:1001B00082800822C371002382710372704700BFDE
:1001C000A18A0001B0030021064A074B02604FF4E8
:1001D000A472DB7E82800822C371FF2382710372C6
:1001E000704700BFF3810201B0030021044B1A7F66
:1001F000002303608360034B4360C271704700BFFC
:10020000B003002100010800044B5A7F0023036063
:100210008360034B4360C271704700BFB00300218D
:1002200000010800064A9378D278134400228260C5
:100230000260044A4260C371FF230372704700BF2B
:10024000B0030021880008002DE9F341C41D0028F7
:10025000064624F007040CBF0020204600F008FDED
:10026000071E04DA6FF00B0002B0BDE8F081374DD5
:10027000E988A88803316B7A03302A7A89B280B280
:1002800021F0BAFC0028EDDB3C44A978EB78002E85
:1002900004F10304194424F0030400FB01F10CBF32
:1002A0000020204600F086FE20440EB90028D9DB4D
:1002B000EA7A0446B2B1EB7B697C13441944FF2906
:1002C000D0D80330002EAA89C9B220F003040CBF95
:1002D0000020204600F0E0FE0028C3DB04440EB9F5
:1002E000002CBFDB012000F0B9FCB0B1A97BA1B1AB
:1002F00095F82A3033B340234FF481720734002E2F
:1003000024F007040CBF0020204605F0F3FC002871
:10031000A8DB04440EB9002CA4DBAB7AFBB1EB7A6A
:10032000B3B10734002EA97A24F007040CBF0020D3
:10033000204611F081FD002894DB04447EB9002C96
:100340000DDA8FE725232822D8E700BFB00300216C
:10035000012000F083FC10B1AB7B002BE1D1734B8B
:100360001B6893B1A97D81B10334002EEA7D24F08E
:1003700003040CBF0020204698470028FFF672AF08
:10038000044416B9002CFFF66DAF694B1B688BB1A6
:10039000297C79B10334002E24F003040CBF002023
:1003A000204698470028FFF65DAF044416B9002C9C
:1003B000FFF658AF5F4B1F68B7B1697CA1B103343A
:1003C000002E2B7D24F0030408BF0020009318BFEB
:1003D0002046EB7CAA7CB8470028FFF643AF0444D4
:1003E00016B9002CFFF63EAF072000F037FC98B19D
:1003F000A97D89B10334002E2A7E24F003040CBFAA
:100400000020204600F0B8FF0028FFF62BAF044480
:1004100016B9002CFFF626AFB6FA86F795F823003A
:100420007F09A0B103346B7FA97E24F0070419442F
:100430003B4644F00404C9B2224600F0DDFF002828
:10044000FFF610AF044416B9002CFFF60BAF95F879
:10045000241000294CD004F10708002EEA8C28F063
:1004600007080CBF0020404621F0DAFB041EFFF60F
:10047000F9AE4444002E3ED1002CFFF6F3AEA97F26
:10048000002945D095F82230002B41D02A8C073422
:10049000002E02F1240224F007080CBF0020404681
:1004A00092B221F0BDFB0028FFF6DCAE404416B945
:1004B0000028FFF6D7AE03302B7FA97E20F007007F
:1004C00019443B4640F0040495F82200C9B2224684
:1004D00000F084FF0028FFF6C5AE044486B9002C66
:1004E000FFF6C0AEEB6AF3B1C6B1EC620020BBE62A
:1004F000002EC4D08846E98C40461DF0C7F8BEE700
:100500002A8C4046A97F083292B21DF02FFBE9E702
:10051000002EE7D0002211461046F6E728343FF5BA
:10052000A1AE2046A0E6002EE0D1FAE7B4100021EB
:10053000B8100021BC1000211FB572B6194B1C6BFE
:10054000ECB9BFF34F8F1849184BCA6802F4E06248
:100550001343CB60BFF34F8F00BFFDE7B2FBF6F252
:100560002B465D1C002AF9D1DBB203F110056D4466
:1005700005F80C2C0A2233B901A8A047E1E702468E
:1005800000230A26EDE7013BDBB203F110050DEB7A
:100590000506B0FBF2F502FB1500303006F80C0C36
:1005A0002846E8E7B003002100ED00E00400FA056A
:1005B00013B5124C68462389ADF80030E388ADF8D6
:1005C0000430A388ADF802300EF0A6F818B1FC2173
:1005D0009C20FFF7B1FF207D0EF00AF908B1FF2142
:1005E000F6E7E07C0EF0FEF810B14FF48071EFE713
:1005F00094F828001BF01CF802B010BDB0030021D5
:1006000038B5054600283DD020F064F910B94FF008
:10061000FF3038BD1EF064F8B0F5FA7FF7D81B4CF8
:10062000002125631B2504F10F0084F834102A46AD
:10063000217084F82A10E16220F060FC012303217C
:1006400008200222A370E370E372A3742376F723D9
:1006500021722384FB23A0721F20A1734921E3840C
:100660000A23A580E5806272A081E174E27584F8B6
:100670002830EFF3108472B600F0F8FE04B962B6C9
:100680000020C6E76FF01500C3E700BFB0030021EC
:1006900038B51446002840F0C480634D95F83430D6
:1006A000032B00F0BB80B9B112B96FF0150038BD53
:1006B0000139172900F2B580DFE801F00C1D203662
:1006C0006069873C6C6F814248565B8D909FA2A504
:1006D00096B3B3A81378AB700020FFF7B5FD0028E0
:1006E000B7BF012302236FF00B0085F83430A8BF99
:1006F00085F83430DBE71378EB70EDE71379002BE6
:10070000D3D05379002BD0D01288FB2ACDD8638860
:100710001B3B9BB2E02BC8D81A2AC6D92368A288F3
:100720006B60424B9A80D7E71378EA7B9342BCD345
:10073000EB72D1E71378EA7A9342B6D8EB73CBE742
:100740001378EA7A9342B0D86B74C5E71378002B1C
:10075000ABD05378013BDBB2F82BA6D81388927844
:100760006B82334B9A70B7E71078687518F096FA79
:10077000B2E71378002B98D02B76ADE7012000F07C
:100780006DFA237808B1012B8FD9AB73A4E71388D6
:10079000AB81A1E71378AB759EE7072000F05EFA06
:1007A00010B92378012B80D9072000F057FA18B12F
:1007B0002378002B3FF479AF2378EB758CE713781F
:1007C000082B3FF672AF2B7486E71388FF2B3FF69A
:1007D0006CAFAB7280E713786B767DE713780E2BE6
:1007E0003FF663AFAB7677E72368124AC5F81E3051
:1007F00063685360238913816EE71378EB766BE7A8
:1008000013786B7768E713782B7765E713785A1EB0
:10081000092A3FF64AAF85F828305DE74FF0FF30F0
:1008200045E76FF02C0042E7B0030021B40300213C
:10083000C2030021CE030021F8B50D46064630B3B1
:1008400029B311F0070422D1124F97F83430012B4D
:1008500002D16FF00B00F8BD032B02D14FF0FF3037
:10086000F9E700F017F90028F8D02846FFF7ECFC6C
:100870000028EEDB1AF0E2FE3046F96A0FF0BCF910
:10088000FFF796FE0323204687F83430E3E76FF046
:100890001500E0E7B003002110B5074C94F83430A0
:1008A000032B03D10FF0C0F910F092F921F059FB9E
:1008B000002084F8340010BDB003002150B1074B74
:1008C00003F1140253F8041B934240F8041BF9D1BE
:1008D000002070476FF01500704700BF623E0301B3
:1008E00008B50FF081F803490320BDE8084000F087
:1008F000ADB900BF2101000108B50FF08FF8034921
:100900000220BDE8084000F0A1B900BFFD000001D1
:1009100008B50FF0A5F80649012000F097F9054940
:10092000002000F093F9044B012283F82A2008BD2F
:10093000B9000001D9000001B003002108B50FF093
:10094000B1F803490420BDE8084000F07FB900BFBA
:100950004501000108B50FF0BFF80549052000F07A
:1009600075F9044B044A1A60044B054A1A6008BD25
:1009700065010001B410002149970101B810002160
:10098000ED12000108B50FF0BFF80549082000F08E
:100990005DF904490920BDE8084000F057B900BFDF
:1009A00085010001A501000108B50FF0CBF823F087
:1009B000BFFC0549082000F049F904490920BDE8B9
:1009C000084000F043B900BF85010001A501000106
:1009D00008B50FF0D5F805490A2000F037F90449A9
:1009E0000B20BDE8084000F031B900BFC90100018B
:1009F000ED01000108B50FF0E1F805490A2000F00B
:100A000025F904490C20BDE8084000F01FB900BFDB
:100A1000C90100010902000108B50EF065FF034994
:100A20000F20BDE8084000F011B900BF2502000109
:100A300008B50EF073FF03490F20BDE8084000F031
:100A400005B900BF2502000108B50EF097FF034964
:100A50000F20BDE8084000F0F9B800BF25020001F2
:100A600008B50EF075FF03490F20BDE8084000F0FF
:100A7000EDB800BF2502000102680020014B1A609A
:100A8000704700BFE8030021014B1B68184700BFF7
:100A9000E8030021024B1868003818BF0120704796
:100AA000E8030021074B4FF0FF3141F6FF72C3E925
:100AB000001205490022C1E900221F21C3E90212E8
:100AC000704700BF00000021EC0300213F280CD834
:100AD00001380B4BC0F3421200F01F0053F82230D4
:100AE00023FA00F000F001007047FF2806D04038DC
:100AF000044BC0F3421200F01F00EFE701207047E3
:100B000000000021EC030021074B01460068496802
:100B10001A4603C240F48C2200201A6041F0107281
:100B200042F4FF625A607047000000210246034B06
:100B30000068516803C30020704700BFEC03002128
:100B40000246034B0068516803C30020704700BF92
:100B500008000021431E3828DBB21FBF064A59098E
:100B600003F01F0302EB81021DBF9068D84000F024
:100B700001000020704700BF000000210A8870B506
:100B800095B2C67CC2F30E020488023602F1180345
:100B90003444C35AA4B233442344013BB3FBF4F3BB
:100BA00003FB0422438892B29342044B8BBF2B4039
:100BB000AB4313439BB20B8070BD00BF0080FFFFAF
:100BC0004A1E062A08B50346084604D84FF4D171D8
:100BD0001520FFF7B1FC094A914202D940F2A31156
:100BE000F6E711B903B1196008BD2BB11B680022EB
:100BF000C3E901211A1D1A600430F5E7FAFFFF7FEF
:100C000010B5114B00EB41041A786389B3FBF2F382
:100C100003FB0223013A1A44B2F5706F027980781F
:100C200028BF00231A440B18B2FBF0F100FB11217E
:100C30005B1AB3FBF0F100FB113313446FEA43433B
:100C40006FEA5343638110BDF4030021024B03EBB1
:100C500080035960704700BFF4030021034B03EB8E
:100C600080035868003818BF01207047F403002142
:100C70002DE9F04F10F0070A85B0054604D040F288
:100C80006F111720FFF758FC534F04464FF0010B2C
:100C900007F14C06B146B04657F8043B8DF80BA05F
:100CA0003BB101A898479DF80A30082B01D9F521DE
:100CB000E7E79DF80B1041BB05B131604F4506F1E8
:100CC0000406E9D1002D6FD00022DFF81091122721
:100CD000964689F8002058F827A0013FBAF1000F86
:100CE00055D09AF804609AF802C0FF2E60D03946B9
:100CF0000023481C38D19C44BCF1FF0F3FD90AB1F6
:100D000089F800E04FF49A71BBE79DF80AC04B1DCB
:100D100060465A0004EB4303022838BF0220441EF9
:100D200040422344BDF808406444CCF1000C034029
:100D3000013C04EA0C04B4F5803F02D340F20511F3
:100D40009FE775B19A1A32609170148082F803B0EF
:100D50009DF80C00107101984FEA104C1081A2F818
:100D600006C004FB0134A9E758F8210028B190F827
:100D700004B0B34504BF80781B180139B9E7DBB272
:100D8000E6458AF804303CBF5FFA8CFE01227B1CEA
:100D9000A1D10AB189F800E0122640F6FF6A58F89E
:100DA0002670B7B9013EFAD2601B05B0BDE8F08FDE
:100DB0000023E5E707EB410309F101093846A3F8F1
:100DC0000AA0FFF71DFF5FFA89F1BB788B42F1D8CB
:100DD000E8E74FF00009F6E7F8030021F4030021EB
:100DE000034B03EB8003186D00B18078704700BFA0
:100DF000F403002138B54FF6FF7302460380184B09
:100E000003EB8103186DA8B184780379B3FBF4F187
:100E100004FB1133DBB2194600EB4105B5F90A506A
:100E2000002D0EDB0131B1FBF4F504FB1511C9B245
:100E30008B42F1D1002038BD6381BDE8384020F0FD
:100E400093BE00EB41046389C3F30E031380C278A1
:100E5000002AF1D14FF4E5711720FFF76DFB00BFB9
:100E6000F40300211C4B03EB810370B51C6D054698
:100E700044B3030404D54FF4EC711720FFF75CFB77
:100E80000146204620F053FEFF28014604D02046AC
:100E9000BDE8704020F068BEA078B5FBF0F300FB21
:100EA0001353DBB219460A1D04EB4206B6F9026081
:100EB000002E09DB0131B1FBF0F200FB1211C9B2C7
:100EC0008B42F0D1002070BD8B4201D00023E37033
:100ED00004EB42025580DAE7F4030021094B03EBEF
:100EE0008103014610B51C6D204620F020FEFF282E
:100EF000014604D02046BDE8104020F035BE002059
:100F000010BD00BFF4030021F8B5104B074603EBFA
:100F1000810301461C6D204620F009FEFF2805468E
:100F200011D0E288238953EA024606D001462046C2
:100F300020F01AFE01463846B04720462946FFF702
:100F40005FFE0020F8BD0520FCE700BFF403002190
:100F500038B50E4B0446827903EB8203186D08B94D
:100F6000052038BD8278E1799142F9D24B1CE371BA
:100F700000EB41035D89B3F90A30002BF3DBA58058
:100F800020F0F2FD20600020EBE700BFF403002119
:100F900008B5074B03EB81030146186D20F0C7FD30
:100FA000FF2804D140F23E211720FFF7C5FA08BD03
:100FB000F403002170B5044610F003000E4603D080
:100FC0004E211820FFF7B8FAFFF7FAFD054624B1C5
:100FD000034831460460FFF7F3FD284670BD00BFAB
:100FE000900400212DE9F14FDFF870B01E4607464E
:100FF0000D46DBF8003090469DF828A09DF82C9017
:101000001BB960211820FFF797FA52460921404684
:1010100020F0F9FB4A4684B20921304620F0F3FB68
:1010200081B2DBF80000214420F055FD386018B98A
:10103000286001B0BDE8F08F0444534641460922C0
:101040002C60386820F095FB4B4609223146286811
:1010500001B0BDE8F04F20F08CBB00BF9004002130
:1010600070B50E46044620F0E1FB0546304620F000
:10107000DDFB044B2A1821461868BDE8704020F0BB
:101080004FBD00BF90040021024B186808B120F04A
:1010900016BD7047900400211F2AF8B50446134678
:1010A0000ED89200033222F00303B3F5803F2DD215
:1010B000184DACB1A00710D068210920FFF73CFA09
:1010C000FF2B4FEA420204D9FF339A42A8BF1A46C7
:1010D000E8E77C2AB8BF7C22E4E729706C602B81AA
:1010E00022F0030228230127120403FB01F06B689E
:1010F0000025120CEEB2B14200D8F8BD14B126188A
:101100001F705E60104401352833F3E74FF0FF3065
:10111000F3E700BF94040021154A002170B553681D
:101120001578C8B2854203D8BA210920FFF704FA1E
:101130001C461846013114F8286B0EB92346F0E717
:101140000021997001241289996103F126055C70D0
:101150009208D96103F11E04596824F8022FA542B0
:1011600043F8041F1144F8D100234361037070BD9C
:10117000940400210A4B1B89B3F5FF7F4FEA9300CB
:1011800006D25A089B1A9BB2984238BF184670473D
:10119000B3F5EE6F01D8FF22F4E740F27263F3E794
:1011A000940400214B782DE9F04106460C4602F0EC
:1011B000040702F0FB05E3B1A5BBFF23A3707B0886
:1011C00004EB57073A7D032A02D1022D18BF0133E1
:1011D000E2180121117503F10C01002204EB8303D5
:1011E00024F811205B68A27030463360B280BDE8FD
:1011F000F081002DE1D1012301F11E028D61204615
:101200004B7004F1260C1A4BCD611B8949689B0871
:1012100022F8023F944540F8041F1944F8D10023F6
:101220006361CAE7D1F8048014220021A01861701C
:101230001FF064FE0E4B1B89B3F5FF7F0FD25A08D7
:101240009B1A9BB208EB0301C4F804802384A160BD
:101250006284C4F80C80A3842161E284ADE7B3F515
:10126000EE6F4FF0FF02EBD940F27263EAE700BF86
:1012700094040021F7B5D2000B684000002502F06D
:101280007802CDF8013000F006008B880243ADF8FB
:1012900005300D4B42F001021E785F688DF800208A
:1012A000EBB29E4201D800240AE0C5EBC504072238
:1012B000694601353C4420461FF0C2FD0028EFD1AD
:1012C000204603B0F0BD00BFA0040021014B1878F8
:1012D000704700BFA0040021034B00211A78586812
:1012E000C2EBC2021FF00ABEA004002110B50C46DA
:1012F00050B1830703D020214120FFF71DF9044B93
:1013000058601970FFF7E8FFC4EBC40010BD00BFC0
:10131000A0040021F8B504460D461646FFF7AAFFC3
:10132000034628BB134A92F800E05168DAB29645AA
:1013300001D807201BE0C3EBC3070133CA5D01EBF3
:10134000070C12F00100F1D1630022F07F02F600D9
:1013500003F0060306F0780643F00103334313431A
:10136000CB552B68CCF80130AB88ACF80530F8BD14
:101370001220FCE7A00400212DE9F84305460C46A5
:10138000F7200521914620F03EFA061E21DB1DB90B
:1013900006FB04F0BDE8F88315F0030703D098219D
:1013A0001920FFF7C9F8DFF83080C8F81050A8F806
:1013B0001460BBB29C42EBD9B8F814504B46D8F835
:1013C00010000522F72107FB0500013720F0D1F9B5
:1013D000EFE74FF0FF30DDE7A804002107B5CDE9C6
:1013E00000230B4603490246081D20F06AFD03B0A6
:1013F0005DF804FBC004002113B5064CCDE90023C1
:101400000B46024604F1080104F10C0020F059FDDE
:1014100002B010BDC0040021024B0146186820F044
:1014200042BD00BFC0040021024BD3E9002120F0DF
:101430006EBD00BFC0040021034B1B28D3E902216D
:1014400038BF1B2020F063BDC0040021024B0146C1
:10145000D3E9002020F064BBC0040021024B014608
:10146000D3E9022020F05CBBC0040021144B012210
:1014700000214FF0FF309A60C3F80012C3F8080350
:10148000C3F80015C3F804259A60C3F808034FF4A5
:101490008040C3F80015C3F8042503F5805341F6D6
:1014A000F8720849C3F80825C1F88000BFF34F8FD0
:1014B000BFF36F8FC1F88001C3F80825704700BFE4
:1014C00000E0004100E100E08C463422064B00B50C
:1014D0000CF8032B8E4607CBCEF80300CCF8041093
:1014E000CCF808205DF804FBDC0400212DE9F04174
:1014F0001C4D044600F0010795F82460B6F1000881
:1015000018BF4FF001081EB117B1AB8D1A0714D4E4
:10151000012916D82B6B2046984790B195F83430A6
:101520007BB98EB987B1A88D58B995F835304BB9CC
:1015300095F8360080F0010004E095F82E30002B7D
:10154000E6D00120BDE8F08184F0010010EA080037
:10155000F8D0A88D8307E7D595F82E0080F001001C
:10156000F0E700BFD004002110B5154C1BF066F861
:101570001BF07CFF0021E36B208F9847237E9BB9F3
:10158000104B228F93E8030010F0BEFFA36A188867
:1015900010F008FC636C94F8341094F840009847FD
:1015A000002384F8483010BD94E8070004F10C03D0
:1015B00083E80700044904F1190024F01FFADFE76B
:1015C000D0040021F4040021C9140001034B93F856
:1015D000483003B97047FFF7C7BF00BFD0040021F0
:1015E000F8B5254C4FF481730646A56AA4F854302B
:1015F00095F8932094F86030E76C03EB820095F83F
:1016000075102765FF2804D11EB995F874308B42F8
:1016100018D01AF0D1FC95F893303BB3606E1BF0F4
:1016200045F9616E206D1BF0E7FE96B1A88E1AF0A9
:10163000E5FB002095F874101BF070FA022384F883
:101640004830F8BD002AE9D138461BF02FF91BF0CD
:101650000DFF95F875302A8F033B012B8CBF0020BE
:101660002820104480B21BF0FFF9DFE7206D1BF04B
:101670001DF91BF0FBFED8E7D004002108B5094B8B
:1016800093F84820022A07D1DA7A42F00102DA728E
:10169000BDE80840FFF768BF40F2E6212720FEF7CB
:1016A0004BFF00BFD0040021F0B5194C83B0A56EEC
:1016B0004DB3A36D3BB3B4F85C3001F003012F468A
:1016C00006466B702B7823F003030B4307F8033BAC
:1016D0003846B4F85C20A16D1FF0BCFC0DF102028D
:1016E00001A9E06E2565A76520F0DFF9019820F0DB
:1016F000CAF90346B4F85C100122E06E336020F0B2
:101700006DF903B0F0BD40F2E7712720FEF714FF3A
:10171000D00400212DE9F04FBB4C85B0A76A94F8A6
:10172000603097F8932097F8741003EB8203FF2B37
:1017300005D120B997F875308B4200F02981FF2040
:101740001AF03AFCA36A002293F888808DF80920E9
:10175000ADF80A20B8F1050F00F2E681DFE818F0D5
:10176000CE00ED0032003200060006000DF10A0145
:1017700003A800930EF054FC002800F02B81039E78
:10178000009B002E00F0268101224FF0050A84F80C
:101790007420BDF80A2083F888A072BBA4F88820C2
:1017A000C4F8842093F889B093F88A20E667AAF1F8
:1017B000040A5FFA8AFABAF1010F00F2B28100213D
:1017C000097832E0B3F864100DF10902A06FADF8AA
:1017D0000A100DF10A01009320F04FF8009B064615
:1017E000002800F09981012293F888A084F87420E1
:1017F000BDF80A20002A00F0F980A4F88820BAF188
:10180000020F06F1030293F889B0E667C4F884205A
:1018100093F88A2000F09D80AAF1040A5FFA8AFA00
:10182000BAF1010F00F27D81F1780229009300F0F6
:10183000D680A06F019220F090F8D4F884100501B2
:1018400081460978EDB21B29DDE9003200F0038101
:101850000021E66F4FF0030A884633784FEACB0B3E
:101860009200B8F1010F0BF0080B03F0F30302F044
:10187000040243EA0B0343EA020323F0100345EAA0
:10188000030525F003054AEA05053570B4F88830EC
:1018900073704FF00203E26FA4F88030137823F0E6
:1018A000200341EA030111700AD1A36A197C5B7C11
:1018B000032903F01F0308BF002143EA811393703B
:1018C00097F8923084F835901BB1B4F88830002B2B
:1018D00056D1E06F1AF0EAFF1BF0C8FDF88E1AF03F
:1018E0008DFA012097F875101BF018F9012384F880
:1018F0008C3084F8483005B0BDE8F08F94F8732040
:1019000003A80DF10A010093A3F86420ADF80A20A2
:101910000EF086FB009B002841D0039E002E3ED097
:1019200001224FF0040A84F87420BDF80A2083F8DD
:1019300088A0002A7FF461AF30E7344AC24693F8AA
:1019400089B0E2670022A4F88820C4F8842093F8C4
:101950008A20A06F009220F000F8009A8146054688
:10196000C0B900920EF076FB494680F00109A84606
:10197000E66F5FFA89F9009A4FEA0915EDB26CE754
:10198000606E1AF093FFE16F606E1BF0F9FCA5E743
:101990003B46D8E60021E66F102588465DE793F8C0
:1019A000CF20AAB3002500214FF0010A174E93F86B
:1019B00089B093F88A20ADF80A10A4F88810C4F80A
:1019C000841083F888A0E667002DC2D0894645467A
:1019D000414642E740F21C512720FEF7ADFD0025AD
:1019E0004FF0030AA9462946A84636E7BAF1020F86
:1019F000A4F88820C4F8842093F889B093F88A204A
:101A0000E667A6D0D3E600BFD00400214005002140
:101A10000DF10A010DF10902A06F00931FF02DFFD7
:101A2000009B06460028BDD09DF809500DBBBDF8AF
:101A30000A20002A53D14FF0010AA4F88820C4F8E4
:101A4000842093F889B093F88A20E66783F888A009
:101A500084F874A07DE7012103F1100000924FF09B
:101A6000030A1AF0EBFA4FF001082021E66F009A02
:101A7000F3E60146A06F20F002F820F004F8D0F859
:101A800000B0D0F804A08146009B5BEA0A0233D183
:101A90000021BDF80A2089F8001089F8011089F8A2
:101AA000021089F8031089F8041089F8051089F8E4
:101AB000061089F80710002ABDD09DF8090070B102
:101AC000307800F0030001281FD04FF0020A83F89D
:101AD0009510012183F888A084F874108DE6002207
:101AE0004FF0030A3280B270012283F888A084F894
:101AF0007420BDF80A207DE600931CF0D1FF8345D9
:101B0000009B7AEB0101C3D24DE74FF0030A84F842
:101B1000740083F888A070E640F20D512720FEF78C
:101B20000BFD4FF0010A14E740F226512720FEF783
:101B300003FD00BF2DE9F041404C86B094F84830D9
:101B4000012B71D1A56A5FFA83F806460F4695F816
:101B50008430ABB995F88830042B25D095F89330B4
:101B6000002B3BD1012F06D12EB931463046FFF76D
:101B7000BDFC002853D006B0BDE8F041FFF7F4BC2F
:101B8000A38D0021042043F0040385F88410A3856D
:101B9000E36B984794F82430002BDBD095F888301D
:101BA00085F88580042BD9D1A38D0220244943F0E8
:101BB0000203A385E36B984794F82430002BCDD023
:101BC000D4F884301B78A3F10203B3FA83F35B09E2
:101BD00084F82E3095F89330002BC3D0A36A05F11A
:101BE000F80194F860C005F5847593F8750094F8D1
:101BF000243001381C1EC0B218BF0124032855E947
:101C0000062316D800940F4C205C0024039001207A
:101C1000CDE9015CCDE904401BF022FBA2E706B050
:101C2000BDE8F041FFF7DCBC40F62F012720FEF7AE
:101C300083FC40F22C410620FEF77EFCD0040021FC
:101C400054050021D43203012DE9F04FC34C8BB071
:101C5000002394F84820A56A022ACDE9083340F011
:101C60001C82236D03220F46064693F800805978A4
:101C7000134495F893004FEA281AA36508EA020373
:101C8000A4F85420A4F85C100693002E40F0848041
:101C9000002840F0808194F88F30013384F88F3031
:101CA000238F43F48063238795F87530033B012B22
:101CB00040F2DB800FF054F9002840F0D6804FF05E
:101CC0000008C146C34695F89230002B40F0E380EF
:101CD000A36E002B00F01481012303EA0A0384F8A9
:101CE00036303FB994F88F100120FFF7FFFB002832
:101CF00000F054811AF05EFFB9F1000F40F0288126
:101D00004FF00108218F11F0400106D1E36B402014
:101D10009847238F43F040032387BBF1000F09D07E
:101D200094F82430002B40F02B81B4F809300133B3
:101D3000A4F80930002E00F0E980B4F80530002244
:101D4000013384F88F20A4F80530854810F018F886
:101D5000089830B11FF097FE0022027229460FF05A
:101D60005FF8099B33B100221A720C2229460998A8
:101D70000FF024F8B8F1000F40F0E580238F1B0628
:101D800007D4E36B414680209847238F43F08003BC
:101D900023870BB0BDE8F08FC8F3C009002840F0DE
:101DA000BB80002940F00581002095F88930228F02
:101DB0000133A06642F40072DBB2228783EA9808FE
:101DC00018F0010840F0D08095F8881091B10139E1
:101DD00085F88930C9B2042900F26481614B0B4453
:101DE0001B79002B00F0C080022B00F0FA80032B3F
:101DF00000F03B81002194F8243085F888105BB115
:101E000095F8853043B1A38D102085F8851043F0F7
:101E10001003A385E36B984795F88A304FF0000BC9
:101E2000228F03F0010142F400628945228740F0CD
:101E3000A380B4F85C10002900F0BF800698411E12
:101E4000012940F2E0800133032885F88A3000F050
:101E5000BA80D5F8F0300133C5F8F030D5F8F43059
:101E600043F10003C5F8F43086E019F0DDFF0428E3
:101E70007FF425AFB4F85C804FF0000995F89230FC
:101E8000B8F11B0FCB4694BF4FF000084FF001088C
:101E9000002B3FF41DAF95F874C005F5847194F8DC
:101EA00024300CF1FF3C95F87E00B3FA83FE05F177
:101EB000F8035FFA8CFC80000793BCF1030F4FEA34
:101EC0005E1EC0B2D5E93A2300F2F180CDE900E10F
:101ED000DFF890E005F1F8011EF80CC04FF0010E9C
:101EE000CDF80CC04FF0000CCDE904CE4FF0FB0C48
:101EF000CDF808C01BF0B4F9A36E002B7FF4ECAE54
:101F0000B4F85C30B3FA83F35B09E6E6B4F8073063
:101F10000133A4F8073018E71BF0D0FA831EDBB2B8
:101F2000012B10D9B4F85C1000287FF43AAF0029D7
:101F30003FF43AAF95F88A3003F00103994538D160
:101F4000012384F84030FFF70FFB0BB0BDE8F08FA2
:101F5000069909A8FFF7A8FBD2E600BFD00400212C
:101F6000F4040021D432030195F88A30B34603F01B
:101F7000010189453FF45DAF4FF00008C146A2E67C
:101F8000B4F80720B4F805301343B5F8862013439E
:101F90003FF4D0AEC9E61BF0D1FA7CE6FFF7BAFBFE
:101FA000B9F1000F3FF4AEAE069909A8FFF77CFB2C
:101FB000A8E6E06E1FF0F2FCF7E6013385F88A3000
:101FC000069B032BD8D1A38D012042F480523F49B8
:101FD00043F0010385F884002287A385E36B9847CB
:101FE00037E708A9A06F1FF06AFC002869D0D5F870
:101FF000E8300133C5F8E830D5F8EC3043F10003A0
:10200000C5F8EC30F6E642F4805295F893802287CA
:1020100019F00AFF042894F88D3007D1B8F1000FA9
:102020000CBF1F221B22934228BF1346B4F85C202A
:102030009A4226D8A36E002B9ED094F88E80B8F1D9
:10204000000F25D1D5F8F030B1460133C5F8F03096
:1020500095F88A3003F1010385F88A30D5F8F43019
:1020600043F10003C5F8F4302DE60DF0E7FF18B397
:10207000A38D4146082043F00803A385E36B9847EE
:10208000B5E794F8343043F0100384F8343073E744
:10209000E36B0021202098476EE74FF40C61272066
:1020A000FEF74AFA40F2D6612720FEF745FA40F2E1
:1020B0002C410620FEF740FA40F201712720FEF77E
:1020C0003BFA40F2F7612720FEF736FA2805002197
:1020D00010B50C4C0C4A0D4994F84830116023B1EE
:1020E0004FF4A4712720FEF727FA03F0FF022276AF
:1020F00010F002FA0DF0B0FDE0640DF0B1FD606685
:1021000010BD00BFD0040021C0100021B824000180
:10211000074A10B592F8483013B10C24204610BD80
:1021200003F0FF04147610F0E7F9204610BD00BF5D
:10213000D00400212DE9F04389B0AF4C06AD9DF8E5
:10214000446085E8030094F848101098002940F096
:102150008381002B18BF002A00F07E81B0FA80F145
:102160004909002800F07881236304F124036064A6
:1021700084F8341084F88F1084F8401084F88C10A0
:10218000A185218784F8351084F8361084F87410FE
:1021900084F82E10E167C4F88410A4F88810216533
:1021A000A165A4F85C10E26384F88E6095E80300F2
:1021B00083E80300A56A19F073FF1BF057F995F93E
:1021C0007C001AF09BF8AE6A286A1AF09DF8304637
:1021D0001AF050FB95F8A4001AF0A0F8AB8E5D2B16
:1021E00002D9EB8E5D2B01D819F00EFE94F8246015
:1021F000002E76D024F0B9FC014695F87520012018
:10220000A4311AF0BFF97D4B18681AF039FBA36AA4
:10221000D5E9051293F87470E26693F88D20A167F2
:10222000A2F12A01012970D993F88E102A296CD0C5
:10223000253A012A40F2B980282900F09780032F1F
:1022400008BF042705F13C063946304623F083FCDD
:10225000394622F06EFDB5F84830024695F8751003
:102260003046934228BF134684F8733023F028FC8D
:1022700095F8751095F893700429B5F8506008BF6B
:10228000032122F056FD0FB9043080B2864228BFE8
:102290000646F6B284F88D600EF062FE002859D131
:1022A00094F8243084F86060002B46D195F8922091
:1022B000002A40F0AB800120FFF72CFA0023B5F88C
:1022C000860095F8A420A360C4E90033AB6F298889
:1022D0006080218022710BB101221A6009B0BDE833
:1022E000F08324F042FC95F87420454B01463046BB
:1022F000444E33F8123003F5FA73A6FB036301EB87
:1023000093118A311AF03EF97DE794F8242042BBFC
:1023100093F83232002B95D0FA1ED2B2012A4FD94F
:10232000DA1E012A4CD9012B18BF012F0CBF012343
:102330000023C3F10203DFB284E795F89330002B4A
:1023400040D10120FFF74CF9A36AD3F8D8011AF065
:1023500015FBB3E70EF00AFEB04238BF3046C6B2F6
:102360009EE793F8C232002BD6D16BE794F8242075
:10237000002A3FF464AF93F82E2193F86D30134098
:102380005A071DD413F001025FD19B077FF55AAFA6
:10239000FB1EDBB2012B13D9A7F10107B7FA87F7B0
:1023A0007F09C7F10207FFB24CE72829DED094F875
:1023B0002420002A3FF443AF93F82E315907E1D58A
:1023C00004273FE795F8750005F1F80105F58477D6
:1023D0000138C0B20328D5E93C2342D8CDE90176C3
:1023E000094E305C00260390012004960590009071
:1023F0001AF036FFA5E700BFD0040021C01000216D
:1024000058350301D34D6210D432030195F874603E
:1024100005F1F80195F87E0005F58472013E800013
:10242000F6B2C0B2032ED5E93A891AD80F4F0493F9
:102430004B46BE5D019242460396012605960096E4
:10244000FB2602961AF00CFF35E7FB1EDBB2022BCF
:102450002CBF17460427F5E64FF408712720FEF736
:102460006BF840F22C410620FEF766F8D4320301E7
:10247000FFF77AB8014B93F88C007047D004002125
:10248000054B1A8F12F4C06F03D093F8740000B19B
:102490007047C2F300307047D0040021024B93F81C
:1024A0003900C0F3C0007047D0040021014B93F8FD
:1024B0008F007047D00400217D160001491C0001E7
:1024C000351B0001CD15000106220B4603F8032B36
:1024D000B0F809C0C27AA1F803C09A70704700BF73
:1024E00040F2BD21322008B5FEF726F890F8DE2034
:1024F00012B902F0FF00704710B5363882B00C46B2
:1025000004F028FB18230420237002B010BD00BF84
:1025100070B500285BD0437A04460D46002B3BD0B3
:1025200000214089FEF7DAFC002855D00021008800
:10253000FEF7EAFC002854D194F8546094F8A630D1
:102540002BB194F8A7301E43002384F8A630204610
:1025500004F000FBB30730D113212B4604F109022C
:10256000293403F8031BD2F800C0103252F80C6C67
:10257000103352F8080C52F8041CA24243F810CC55
:1025800043F80C6C43F8080C43F8041CEBD11178A9
:1025900000221970AA7170BD036DD0F80E20C3F827
:1025A0000320428AA3F80720437B026D03F0FD035A
:1025B000003B18BF01239370BEE726F004060022FB
:1025C0002046114684F8546005F086F8C4E740F2CE
:1025D00006313220FDF7B0FF40F212313220FDF714
:1025E000ABFF40F215313220FDF7A6FF044B00226D
:1025F0001B68A3F8792183F87B2183F8702070474A
:102600006005002108B518F0CBFF034B18701AF0D5
:1026100015F8032008BD00BF1000002108B518F010
:10262000BFFF024B024601201A7008BD10000021B6
:1026300038B5114C20686C3003F0CEFB656803F0B0
:102640007BFB63682860186858B103F0A3FB68B18E
:102650001AF02CF900201AF007FA042263681A71A4
:1026600038BD40F2F5413220FDF766FF40F2F741F8
:102670003220FDF761FF00BF6005002108B518F0AA
:102680008FFF04490246044B48681A7003F01CFC93
:10269000012008BD6005002110000021F0B5524C5A
:1026A00000220E4683B02368054641F27070196D12
:1026B0005A72CA69B1F800C0A3F80AC0A2F57A7CC0
:1026C000844575D94948A0FB0202C2F38F221A84BF
:1026D0008A8C5A84CA8C9A844FF47F42DA844FF6EB
:1026E000FF721A85002D49D00121304622F020FFCB
:1026F0003278D209236893F8481009B1002A47D1EB
:10270000002159611983207B082859D003F10E025A
:1027100003F10D010DF024FF00285FD023685A7BE0
:1027200003F11A0742F002025A73002D3AD103F165
:10273000780002683A608288BA8093F95810186D60
:102740000EF0A8F820682A4923F04FF92368294998
:102750001A6D1088A3F8330003F12A0092F896202E
:1027600083F8352023F04AF90221206805F058F952
:1027700020686C3003F030FB03B0F0BDA068694600
:1027800022F09EFDA36868461A78C2F38012B1E772
:10279000427902F0C002402AB2D102685A618288AE
:1027A0001A83B0E70021304622F0C2FE2368C0E75A
:1027B0001148A0FB0202920902F5506292B286E72C
:1027C00093F87E109A6FB3F87C0059730021C3F818
:1027D0000E205882C3F81A10D983AEE741F2174190
:1027E0003220FDF7A9FE00BF600500215917B7D1BF
:1027F00011250001C9240001D34D6210F0B5534FDB
:1028000085B03B6893F8943073B3437804461B0754
:102810002AD5037843BB3B680E46D3F8900050306E
:1028200024F087F80546F8B93B68D3F89000837D1B
:10283000F3B963695A78837AB3EB121F14D16368D2
:10284000002B4BD07A685279082A18D100F10C017C
:10285000627CC07A22F0CDF930B13B68D3F8903079
:1028600000229A74012500E00025284605B0F0BD3D
:102870006168002932D07B685A79082A47D010460F
:102880000DF1070102AA0DF06BFE0646002858D094
:102890003B689DF80720D3F89000837D5BB36369A4
:1028A000104602A95A7812091FF0F6FA0028DCD067
:1028B0003B68BDF80C10D3F8902002981182D060CC
:1028C0009DF80710D3F89020D17263690121354635
:1028D0005B789174C3F303139372C6E7002EC1D0E3
:1028E000012EC1D17B68186803F092FD0028BBD08F
:1028F0007B681D7AB9E700F10C0102ABC07A22F0C7
:1029000078F90028B1D03B68D3F89020DDE76369FF
:10291000607C5A7812091FF0BFFA0028A4D06369BE
:1029200039685A78D1F89030C2F303129A7262680B
:102930001068D86092881A82D1F89030627CDA727E
:102940008EE740F6E6713220FDF7F6FD60050021C6
:1029500040F29B31322008B5FDF7EEFD10B504784A
:102960008CB004F00F0402A9224603F06FFD18F0AA
:1029700017FE234A042C107002D003200CB010BDA7
:10298000204C0399236891F800E093F878C0E6455D
:10299000F3D191F801E093F879C0E645EDD191F8D3
:1029A00002E093F87AC0E645E7D191F803E093F8A6
:1029B0007BC0E645E1D191F804E093F87CC0E645A0
:1029C000DBD191F805C093F87D108C45D5D193F8F3
:1029D0007E309DF819109942CFD17F280DD04FF04D
:1029E0007F0C009002A9606882F800C0237C227BE3
:1029F00003F096FC03200CB010BDFFF7A9FF00BF49
:102A000010000021600500210E4A536810B51979A5
:102A100002290CD9197908290ED8197952690A4B5B
:102A200092680B44BDE8104052F8233018474FF429
:102A3000A6513220FDF780FD41F2C1413220FDF761
:102A40007BFD00BF60050021FDFFFF3F38B5194D3C
:102A50006B681B79022B28D82B680446027C83F80C
:102A6000A4201A44C168996692F87C2183F87821E1
:102A70004268C3F88820037A022B0ED019F010FBAD
:102A80001AF022F818F024FE0B4819F0F9FE0B4852
:102A900019F0F0FE0A4819F037FC637C23B12B686B
:102AA0005B6E0BB101221A6038BD40F6081132206E
:102AB000FDF742FD600500211057000155555500F6
:102AC000D6BE898E70B53A4C064663681A79032AD9
:102AD00041D01A79042A3ED0226892F854209207F5
:102AE0003ED1A568002D4AD0236893F85430002BBE
:102AF0003BD03EB1284622F0FBFDD8B9284622F053
:102B000012FEB8B963681A79022A3DD91A79082ADF
:102B10003FD819796269274B52690B4452F8233028
:102B200098470C2826D86369DB68BDE8704053F8E5
:102B30002030184763681A79022A2FD91A79082A8F
:102B400031D81979284662691A4B12690B4452F838
:102B500023309847E5E7186803F01CF90546C1E7FC
:102B6000186803F019F90546BCE741F2CE3132206E
:102B7000FDF7E2FC41F2E1313220FDF7DDFC41F2EC
:102B8000C8313220FDF7D8FC41F2AE313220FDF7DA
:102B9000D3FC41F2AF313220FDF7CEFC41F24E3191
:102BA0003220FDF7C9FC41F24F313220FDF7C4FC61
:102BB00060050021FDFFFF3F70B5154D2C6894F8AE
:102BC0004830EBB16FF00043D4E920129A4208BFBD
:102BD000B1F1FF3F14D01BF003FED4E92023904253
:102BE00099410DD32E6896F8483053B90DF0B2FCD8
:102BF00004461BF0F5FD074BE4FB0301C6E9200189
:102C000070BD01200DF090FD0028F9D02E68EDE791
:102C10006005002140420F001B4B2DE9F04793F95E
:102C2000008084B0B8F17F0F2CD0184C7F228146F1
:102C30000F4666681A703379032B1AD03379062B46
:102C400014BF4FF0010A4FF0030A236803F1420555
:102C500019F0EAF800903A462B4649463046CDE94D
:102C6000028A257B019503F07BF928B904B0BDE801
:102C7000F0874FF0000AE8E7606804B0BDE8F0476D
:102C800003F0E2B8FFF764FE1000002160050021A8
:102C900038B505460C460DF035F8420704D4A37844
:102CA00003F0E003402B0DD00DF02CF8830704D483
:102CB000A37803F0E003202B04D0237803F03F0334
:102CC000242B01D9002038BD19F0B4F894F9002064
:102CD0006378002AA27802F01F0CB4BF4FF49671FB
:102CE0001E2143EA0C2301FB03F3191AB1F5877F78
:102CF000E8D39842E6D80648294623880068A0F819
:102D0000793180F87B21BDE8384003F0E9BF00BF8E
:102D1000600500212DE9F047334F84B0D7F80480D7
:102D200098F80630002B4DD03D6804460E4695F8C5
:102D3000953033B90378002B14BF0223012385F8A3
:102D4000953098F80430062BDAB23FD0072A0CBF32
:102D50004FF0020A4FF0010A244B93F90090B9F1A9
:102D60007F0F3ED07F221A7019F05EF8009005F1B7
:102D7000420332464046CDE9029A397B0191214611
:102D800003F0EEF8F0B16378DB0618D5A1690220F4
:102D9000FFF77EFFE8B100233A6882F89630636956
:102DA000DBB15978C1F3031182F8971059781B7879
:102DB00001F00F0143EA0123A2F8983003E078689C
:102DC00003F042F8002004B0BDE8F0874FF0030A9A
:102DD000C2E7786803F078F8F4E7FF2382F89730C9
:102DE000F1E7FFF7B5FD00BF6005002110000021ED
:102DF00010B504468AB018F0D3FB194A2378107036
:102E000003F00F03072B02D001200AB010BD2046AB
:102E1000694603F0C1FB684603F0A6FC9DF800304C
:102E2000002BF1D19DF80130DB07EDD50D4C019958
:102E300022689DF8110002F1780392F87E2021F0BB
:102E4000D8FE0028E0D020680121A03021F0DAFB74
:102E5000FF216846FFF75EFF0130C0B2D5E700BF33
:102E600010000021600500212DE9F04304468BB0DD
:102E700018F096FB434A2378107003F00F03082BD9
:102E800004D0012528460BB0BDE8F08369462046F2
:102E900003F014FB9DF80050002DF2D19DF8013095
:102EA00003F00303032BECD1374F3E6896F84D3007
:102EB0008BB396F84E807B7B8BBB4FF0000906F1FD
:102EC000780396F87E2001999DF8110021F091FE7B
:102ED00010B9B9F1000FD4D096F848203E6896F8A2
:102EE00041904236002A3CD19DF8120033460299A7
:102EF0004A4601281FD021F07CFE0028C1D0386846
:102F00000121A03021F07EFB7B7B9BBB2146012071
:102F1000FFF7C4FBB6E77B6893F80580CBE721F0A9
:102F2000ACFE0828C9D0A0EB08093873B9FA89F9B2
:102F30004FEA5919C3E74E7921F05BFE80F0010397
:102F400006F0C006DBB2A6F14006B6FA86F67609B0
:102F5000002BD2D0002ED0D0029940460DF018FCA4
:102F6000CBE740460DF04EFC0028BDD006464FF0A2
:102F70000109B9E719F0A8FD18F0AAFB00237B733B
:102F8000C4E700BF10000021600500214378F0B5C0
:102F90000446580687B07AD4227803F01F0352EA19
:102FA000032274D008466188052970D9237A6268A3
:102FB000C3F3040352EA030569D0384D2D68002D90
:102FC00067D0002865D0A847002860D0344E012182
:102FD000237A3068C3F304036268D0F890506976AE
:102FE000110A00208DF8143041EA036162F30700F2
:102FF00061F30F20110C120E41EA034142EA032251
:1030000061F3174004A962F31F60049005F11E00EC
:1030100021F0E9FF628840F2E24303FB02F2637BA6
:10302000C5F8A020D4F809202A60A27B43EA022335
:10303000E27B43EA0243227A6B60C2F34212238AA4
:1030400085F8BA20013B3268A5F88A3092F87831C9
:10305000EB75637825789A0603F01F034CBF4FF495
:1030600096721E2245EA0325174602FB05F518F065
:1030700059FF0B46218A024630680631D0F890008D
:1030800089B201975030009502910EF0F5FF07B01C
:10309000F0BD034E3168D1F89050A1E7CC1000216B
:1030A000600500212DE9F04FDFF8DCA0934698463B
:1030B000827CDAF8003083B0012A044693F8485045
:1030C000894685F001053DD0002637469AF80D2047
:1030D0003AB393F8542052072DD46368B3B1DAF8A9
:1030E00004305B79082B18D0184601930DF046F98F
:1030F0002843C5B2B7B19AF80F20019B6AB321F0FB
:10310000C6FD002307468AF80F300BE0DAF80430DA
:10311000186803F07DF90028E1D11FB19AF80E106C
:1031200009B300278BF8007089F8006088F8005018
:1031300003B0BDE8F08F93F84D20002ACDD093F86E
:103140004E30CFE78268567906F0C006A6F14006F9
:10315000B6FA86F676093746B8E7A16818460DF044
:1031600017FB0746DEE7A0680DF012FA07468AF85B
:103170000D000028D5D021F080FD0828D1D0DAF844
:1031800004305871CEE700BF600500212DE9F04FF3
:10319000044687B006290AD8DFE801F0522E0F094D
:1031A00009090400B34D68688379002B72D119F0C6
:1031B00045FA032007B0BDE8F08F19F03FFAAD4A99
:1031C000136893F854108F07F3D050688179002961
:1031D000EFD0A94D95F900107F2900F01C820291D3
:1031E0002146127B7F2442330192FF220092022269
:1031F0002C7002F0EDFFDCE79E4DA27C2968686828
:10320000012A91F8483090F806A090F8079083F0D2
:1032100001035BD00027BB4691F854C01CF00406A4
:1032200000F0D78091F84D60002E5AD091F84E8072
:10323000B8F1080F5BD191F84180002640466FE05D
:103240008C4DD5E9003093F8542057071AD5C27930
:10325000002A00F0C680626893F85B1016788E42F0
:1032600000F0328193F85620012A00F0518193F842
:103270004E30082B03D042799A4200F0498119F070
:10328000DDF968688379002B40F0AF80C379002BAB
:103290008FD18CE72B6893F85420960740F1CF80AC
:1032A000754A92F900107F2900F0B58102912146FC
:1032B0002C7B42330194FF2400947F241470062257
:1032C00002F086FF002309202B7473E7A268577968
:1032D00007F0C007A7F14007B7FA87F77F09BB4699
:1032E0009AE790F80580B8F1080F00F0DD804046BD
:1032F00004930DF043F8049B0590BBF1000F40F0E0
:10330000388129685E4691F854C091F841800CF0EC
:103310000402404692B3059A43EA020B5FFA8BF32C
:10332000626891F85BC092F800E0E64500F0F38037
:103330004FF0000B6A685279082A00F0308191F84A
:103340004EC0ACEB0202B2FA82F252090492002E95
:1033500000F0B680B9F1000F0BD091F85630012B78
:1033600000F0D6804E4623B9049B53EA0B0B40F085
:10337000CF8019F063F92B6893F854C01CF0030F49
:103380003FF417AF19F05AF9BAF1000F3FF411AF3B
:103390002868A36800F14201A27C90F8410021F066
:1033A00028FC16B9002800F01481334E96F900303D
:1033B0007F2B00F03081029321462B7B7F2401225A
:1033C000CDE90083D5E900303470423302F000FFCC
:1033D000EFE690F80580B8F1080F88D191F84180A8
:1033E000CCE78379002B3FF4E2AE2B6893F85420AE
:1033F000960743D4D0077FF5DCAE510700F1E68095
:103400001D4B93F900207F2A00F005817F20029256
:103410002A7B21461870FF202B6801920022009021
:103420004233686802F0D4FE03206B68DA79002A20
:103430007FF4C0AE9B79002B7FF4BCAEB7E6D1071A
:103440007FF5B5AE530700F1BE800B4B93F900201A
:103450007F2A00F0E0807F20029221462A7B1870AC
:10346000FF24D5E90030019206224233009402F095
:10347000AFFE9EE66005002110000021674A92F928
:1034800000107F2900F0C780029121462C7B423337
:103490000194FF2400947F241470002202F098FE0F
:1034A000012309202B74C0E7626891F85B0092F851
:1034B00000C091F8418084452CD0B3464046049624
:1034C000002B6FD1002654E7567893F85C108E429B
:1034D0007FF4C8AE967893F85D108E427FF4C2AE4A
:1034E000D67893F85E108E427FF4BCAE167993F8CE
:1034F0005F108E427FF4B6AE517993F8602091420E
:103500007FF4B0AE617C93F85A2091427FF4AAAE6A
:103510000A204FE6404692F801E091F85CC0E6458B
:103520007FF406AF92F802E091F85DC0E6457FF4C3
:10353000FFAE92F803E091F85EC0E6457FF4F8AE86
:1035400092F804E091F85FC0E6457FF4F1AE92F89E
:1035500005C091F8602094457FF4EAAE94F811B06C
:1035600091F85A20ABEB0202D2F1000B4BEB020BAD
:10357000E0E6A168404604930DF00AF92968064682
:10358000049B91F854C091F841000CF00402002E05
:103590003CD040F00208002A7FF4BDAEEEE60022E7
:1035A0000492D4E64231A368A27C21F022FB0028D9
:1035B00088D0B9F1000F85D02B6893F85630012BD5
:1035C000A6D00026CFE619F039F83EE719F036F814
:1035D00016E72B6893F85520023A012A3FF6E9AD29
:1035E000002F3FF4E6AD0D4E96F900207F2A12D051
:1035F000029221462A7B7F24686842330192FE2290
:1036000000920122347002F0E3FDD2E58046002AE8
:103610007FF481AEB2E6FFF79BF900BF10000021F6
:1036200008B5054B586802F00FFC17F0B9FF034BC3
:10363000024601201A7008BD60050021100000211B
:103640002DE9F843724D002207468946AB68D5F84C
:10365000008018461A8019F05FF9002800F0B18048
:10366000AC68032F0646237800F0B78023F02F03C1
:10367000296843EA491343F005032370222363704A
:103680000B6D1B6AC4F80F300A6D936AE374180A55
:103690001B0C2075637592F87EC0108ED36ABCF146
:1036A000000F40F0A280DFF86CC1ACFB00E0ACFB87
:1036B00003C3800A9B0AE375C3F30723A07541F295
:1036C00070702376D369A3F57A7C844540F29880A4
:1036D0005048A0FB0303C3F38F23002063F30700CC
:1036E0001B0A63F30F20938C63F317401B0A63F3E9
:1036F0001F60C4F81900D38C63771B0AA377D2F834
:103700009730C4F81F3092F89B3094F8242084F846
:1037100023300B6D22F01F0293F8A23003F01F0339
:10372000134384F824300CF013FB94F8243003F096
:103730001F0343EA401384F82430AC68D8F878308B
:103740002046C4F80930B8F87C30A4F80D3098F859
:103750007E1021F0C9FD2B6893F8482003F142093F
:1037600093F84180A2B393F85420520732D593F8CE
:103770004D207AB393F84E000DF044F8044638B368
:103780004FF0010823684146A868C0F80330A388B9
:10379000A0F8073021F09BFD1F4BD3F8043173B91B
:1037A000052F12D12B68304621681A6DC2F80A1015
:1037B000A188D1811B6D83F80980BDE8F88318F0DA
:1037C0003DFF002603200DF019FB3046BDE8F883CD
:1037D0004C46D7E76B685879CEE723F00F0343F0E8
:1037E000030323700C236370A8E7DFF830C0ACFB41
:1037F00000E0ACFB033CC0F347104FEA5C135AE710
:103800000748A0FB03039B0903F550639BB264E7E1
:10381000600500215917B7D1008000411F85EB5189
:10382000D34D621038B5154C236893F854309B077C
:1038300018D1A568E5B12368FF2093F8781118F036
:10384000BBFB284619F032F8236893F87831033B24
:10385000012B94BF2820002019F006F90722636885
:103860001A7138BD6368186802F096FA0546E1E7F8
:1038700040F21C513220FCF75FFE00BF60050021C2
:1038800038B51E4C0E20236893F8781118F094FB7D
:10389000236893F854309B0724D1A56845B3284684
:1038A00019F004F8236893F87831033B012B94BF97
:1038B0002820002019F0D8F82368681D93F8785163
:1038C0000CF094FE607348B1033D012D8CBF502570
:1038D000552517F0E1FE284619F0EAF8636808223A
:1038E0001A7138BD6368186802F056FA0546D5E7C4
:1038F00040F209513220FCF71FFE00BF6005002195
:1039000070B50D4D0222D5E900031A7103F0FCFEDB
:1039100000B170BD2E68044606F16C0002F0D4FAC6
:103920002868A6F8794186F87B4186F87040BDE8A2
:10393000704004F04BB800BF6005002110B50A4C80
:1039400017F02EFE094A637B10701BB918F076FE43
:10395000032010BD19F0B8F817F0BAFE0023637306
:1039600018F06CFE032010BD60050021100000213E
:1039700070B52D4C0546236893F87B215F2A2CD81F
:1039800051092A4A565C93F8790100F03F0018F07B
:10399000C5FC236893F9580018F0B0FCFDB123680A
:1039A00032460120996E18F0EDFD2368314693F8F8
:1039B0009630022B14BFFF20402018F0FDFA236838
:1039C00093F85420920710D193F89530A568B3B1BD
:1039D0002846BDE8704018F069BF0026D3E732469C
:1039E0008221012018F0CEFDDFE76368186802F03D
:1039F000D3F92368054693F89530002BE8D1681D6C
:103A00000CF0F4FD60730028E2D0042E14BF5024A3
:103A1000552417F041FE204619F04AF82846BDE823
:103A2000704018F043BF00BF60050021E032030181
:103A3000F0B52E4C83B00646236893F87B215F2AAD
:103A400030D851092A4A575C9A6E7ABBD3F888005D
:103A500018F094FF256895F854309A0703D595F827
:103A60009620022A33D05B072DD46368186816BBF2
:103A700002F0CEFC63680646186802F0CFFC0246EE
:103A800005F19A002568314695F8963095F87851F9
:103A9000009502F013FE2268002382F87871A37368
:103AA00003B0F0BD9A6E0027002ACFD00120FFF7A7
:103AB0005FFF2368CAE702F0BDFC014605F19A00EA
:103AC00002F0F0FDE7E795F89630012BCDD1042FF9
:103AD00005D03946002019F021F82568C5E795F88A
:103AE0005930012B0CBF03210421F3E760050021AD
:103AF000E032030110B50B4C637B63B9A168002071
:103B0000FEF7CCFD23680022A3F8792183F87B21FE
:103B100083F8702010BD18F0D7FF17F0D9FD0023EF
:103B20006373EBE76005002110B50E4C637B8BB926
:103B3000206801216268002311710246A0F87931E2
:103B40006C3082F87B3102F047F92068BDE8104004
:103B500003F03CBF18F0B8FF17F0BAFD0023637301
:103B6000E6E700BF6005002107292DE9F04F044674
:103B700087B00D461646406852D1002808BF002A7B
:103B80000CBF4FF0010A4FF0000A72D0002800F07D
:103B9000D580627C012A00F0B180AB4F7B685879F8
:103BA000082848D00DF10F0104AA0CF0D9FC002818
:103BB00000F05E8104A99DF80F0022F0B2FC82465D
:103BC000D7E9000890F8543013F0030240F08880E1
:103BD0005B0788F8062043D4002388F807309B4B06
:103BE0001B6833B131462046984788F80800D7F85B
:103BF0000480636843B1617C3A6882F87E1019687A
:103C000091679B88A2F87C3098F80830002B00F070
:103C10003481A06808B1072D4FD007B0BDE8F08F00
:103C2000002800F08880627C874F012A79684FD095
:103C300048790828B6D16168607C22F072FC7A6805
:103C4000824661680532607C0CF0C0FBD7F80480C6
:103C500003460028B4D1A8F8060088F80800D8E781
:103C6000062D90F84D9000F2B28049EA0A00C3B2E6
:103C7000B3E7754FD7E9001091F8543013F0030201
:103C800018BF012213F00403827105D02378A3F139
:103C90000103B3FA83F35B09C37191F89430002BED
:103CA000BBD03B68D3F89000503022F042FE002891
:103CB000B3D17B6801221A72AFE798F80510082982
:103CC000ABD0002BA9D00CF081FC0123FB73A4E73F
:103CD000437903F0C003402BAAD17B7BFBB9A7E754
:103CE000062D90F84C904FD849EA0A095A0788F8EF
:103CF00006907FF571AF90F84D90B6E7427902F0EB
:103D0000C002402A7FF449AF4F4F7A7B002A3FF42C
:103D100045AF26B93A6892F87811012960D0D7F8F2
:103D2000048020F0AAFF7B6888F8050058790123F9
:103D30003873BB7334E78246434F41E7424FD7E9BC
:103D4000000890F854309A0745D1D14613F0040387
:103D500088F806903FF441AF90F84D90311E98F8E6
:103D600007B018BF0121BBF1010F02D000297FF479
:103D700033AF6368002B7FF478AF002E3DD16378BA
:103D8000D9063AD5012328E7082D03D9002388F85E
:103D9000063021E798F806B0311E18BF0121BBF1AB
:103DA000010F0DD061B14FF0000913F0040388F842
:103DB00006903FF412AF90F84D9098F807B0D2E714
:103DC00062689AB149EA0A095FFA89F9BEE7082DE3
:103DD0003FF602AFC2E790F84C9098F806B0DBE7E8
:103DE0000CF0D6FB7873002899D1D7E6A6B9627893
:103DF000D20611D54FF00109D7E7D8F8000002F03C
:103E000007FB10B1BBF1000F02D1B9F1000F14D0C4
:103E1000D7F804800123E0E6D8F80000019102F011
:103E2000F7FA1BEA000001991CD1B9F1000F0FD07D
:103E3000D7E9000890F85430B7E70CF0C1FAD7F88A
:103E400004800346C9E600BF60050021C8100021B8
:103E500001910CF0B5FA81460199D7E9000890F874
:103E60005430A2E78146D7E9000890F854309CE727
:103E700040F6BA313220FCF75FFBB8F80630003B61
:103E800018BF0123C5E600BF10B5104C17F088FB22
:103E90000F4A637B10708BB9206801216268002390
:103EA00011710246A0F879316C3082F87B3101F053
:103EB00093FF2068BDE8104003F088BD18F004FEB1
:103EC00017F006FC00236373E6E700BF60050021DE
:103ED0001000002110B50F4C606801F0F5FF637B06
:103EE0008BB9206801216268002311710246A0F895
:103EF00079316C3082F87B3101F06EFF2068BDE8CB
:103F0000104003F063BD18F0DFFD17F0E1FB002364
:103F10006373E6E76005002110B5114C606801F09D
:103F2000D3FF17F03DFB0F4A637B10708BB92068FD
:103F300001216268002311710246A0F879316C30CA
:103F400082F87B3101F048FF2068BDE8104003F0A3
:103F50003DBD18F0B9FD17F0BBFB00236373E6E726
:103F6000600500211000002110B5134C17F018FB5C
:103F7000124A00212368107003F1A00020F042FBD8
:103F8000637B8BB9206801216268002311710246AE
:103F9000A0F879316C3082F87B3101F01DFF206888
:103FA000BDE8104003F012BD18F08EFD17F090FB35
:103FB00000236373E6E700BF6005002110000021C5
:103FC00010B5144C606801F03FFF17F0E9FA0246A3
:103FD00020680021104BA0301A7020F013FB637B87
:103FE0008BB9206801216268002311710246A0F894
:103FF00079316C3082F87B3101F0EEFE2068BDE84B
:10400000104003F0E3BC18F05FFD17F061FB0023E4
:104010006373E6E7600500211000002110B5002160
:104020000320164CFFF70CFB20B10321206802F09F
:1040300057FE98B9637BCBB92068012162680023E1
:1040400011710246A0F879316C3082F87B3101F0B1
:10405000C3FE2068BDE8104003F0B8BC012108464B
:1040600018F05CFD092263681A7110BD18F02CFD70
:1040700017F02EFB00236373DEE700BF600500210D
:1040800010B51C4C0C220121D4E900031A7103F075
:10409000C7FC00210520FFF7D3FA20B106212068D4
:1040A00002F01EFE98B9637BEBB9206801216268BB
:1040B000002311710246A0F879316C3082F87B310F
:1040C00001F08AFE2068BDE8104003F07FBC236841
:1040D000012093F8781118F021FD236801221B6D4F
:1040E00083F8962010BD18F0EFFC17F0F1FA0023CA
:1040F0006373DAE76005002170B5244C236893F8F8
:104100007B215F2A29D85109214A565C9A6E42BB0D
:10411000D3F8880018F032FC256895F854309A07D7
:1041200003D595F89620022A20D05B0703D595F891
:104130009630012B1AD06368186802F07BF90146AB
:1041400005F19A0002F0AEFA0022D4E90013A2733E
:10415000062281F878611A7170BD9A6E0026002AD5
:10416000D6D00120FFF704FC2368D1E7042E05D048
:104170003146002018F0D2FC2568DCE795F859306C
:10418000012B0CBF03210421F3E700BF60050021D0
:10419000E032030138B5234C6368186801F0FAFD7A
:1041A00000283AD063680A22054600211A71206867
:1041B00003F036FC22682B780520126D92F8965099
:1041C00005EA531505F001052946FFF739FA48B10C
:1041D0000421206802F084FD20B123681B6D83F860
:1041E000965038BD637B8BB920680121626800233B
:1041F00011710246A0F879316C3082F87B3101F000
:10420000EBFD2068BDE8384003F0E0BB18F05CFC33
:1042100017F05EFA00236373E6E740F26151322043
:10422000FCF78AF96005002138B5174C0521206894
:1042300002F056FD48B12368012093F8781118F078
:104240006DFC0B2263681A7138BD0546606801F089
:104250003BFE637B8BB920680121626800231171EA
:104260000246A0F879316C3082F87B3101F0B4FD60
:104270002068BDE8384003F0A9BB18F025FC17F012
:1042800027FA6573E7E700BF60050021F0B52B4C06
:1042900083B0236893F87B215F2A37D85109284AD5
:1042A000575C9A6E002A35D1D3F8880018F066FB67
:1042B000256895F854309A0703D595F89620022A78
:1042C0002DD05B0703D595F89630012B27D0636876
:1042D000186802F09DF863680646186802F09EF8B8
:1042E000024605F19A002568314695F8963095F812
:1042F0007851009502F0E2F90022D4E90013A2738C
:10430000052281F878711A7103B0F0BD9A6E00270A
:10431000002AC9D00120FFF72BFB2368C4E7042F34
:1043200005D03946002018F0F9FB2568CFE795F84D
:104330005930012B0CBF03210421F3E76005002154
:10434000E032030110B501291D4C636810D178B922
:104350001A79082A2AD91A790C2A2CD8197962696B
:10436000184B52680B44BDE8104052F823301847F0
:10437000184601F0A9FD637B8BB9206801216268B2
:10438000002311710246A0F879316C3082F87B313C
:1043900001F022FD2068BDE8104003F017BB18F0C3
:1043A00093FB17F095F900236373E6E741F2904120
:1043B0003220FCF7C1F841F291413220FCF7BCF801
:1043C00060050021F7FFFF3FF0B55A4C83B020682D
:1043D0006C3001F001FD656801F0AEFC6368286097
:1043E0001868002800F09C8001F0D4FC05460028E5
:1043F00000F09B80236893F8A630002B48D1D4E9C5
:10440000000290F8A430034493F87C7180F878712E
:10441000137913B11379012B4BD190F8A520464B9A
:104420001344187917F07AFF236893F8A4201344F3
:1044300093F87C61022E3AD04DD8012E4ED101F076
:1044400075FC314617F0B8FD284618F02FFA3146B2
:10445000012017F079FF012F31D1E81C0CF0C6F8CC
:10446000607328B1402517F017F9284618F020FB93
:104470006268082100232068517121730321D380D1
:104480001372E38180F895302374117103B0F0BD8D
:10449000236893F8542093F8A700196D0243C3F8DA
:1044A000101183F85420002283F8A620A7E70D20DE
:1044B000C7E7002102F014FCA8B12068ADE7681D31
:1044C0000CF094F860730028D2D0033F012F8CBF0A
:1044D00050255525C7E7F31E012BB0D940F605013D
:1044E0003220FCF729F8637B93B9206801216268C8
:1044F000002311710246A0F879316C3082F87B31CB
:1045000001F06AFC206803B0BDE8F04003F05EBA39
:10451000019018F0D9FA17F0DBF801986073E4E71E
:1045200040F252413220FCF707F840F25441322069
:10453000FCF702F860050021E032030108B517F02E
:104540002FF8044B187018F079F8BDE80840FFF711
:104550003BBF00BF1000002110B50C4C17F020F835
:104560000B4A637B10702BB918F068F8BDE8104057
:10457000FFF72ABF18F0A8FA17F0AAF80023637310
:1045800018F05CF8BDE81040FFF71EBF6005002181
:104590001000002110B50446FEF758FA237A032BC9
:1045A0004AD0012B51D039D82F4C304A216891F88C
:1045B000A53091F84B000133A2FB03CE0EF4FF7C33
:1045C0000CEB5E0CA3EB0C0340FA03FC1CF0010F98
:1045D00013D10133A2FB03CE2EF0010C0CEB5E0CC9
:1045E000A3EB0C031841C00707D40133A2FB03025D
:1045F00022F0010000EB52029B1ADBB281F8A530D9
:1046000091F9580017F07AFE2368002283F895206C
:10461000FFF7DAFEBDE81040FEF7CEBA023B012BF1
:1046200009D8114C236893F8950088B9FFF700FA70
:10463000052263681A7110BD0B4B1B68986E70B928
:10464000FFF796F9237A012BADD1074C2168D7E704
:104650000120FFF7EDF9062263681A7110BD4FF4CF
:1046600015613220FBF768FF60050021ABAAAAAAFA
:104670002DE9F047AE4F86B0D7F8008098F8573054
:10468000A3B17E680446B379A3B12578012D1AD071
:10469000022D5CD055B998F85420910706D0002B14
:1046A00040F08980337A002B40F08580032006B0EB
:1046B000BDE8F087F279002AE7D1327A002AF5D0F6
:1046C0002578012DE4D198F878216378022A00F04A
:1046D000EA8003F01803182BE8D198F854305A07F1
:1046E00000F1E780934B93F900507F2D00F0538148
:1046F0007F221A7017F098FB00210090029508F1B4
:1047000042030391FF22397B30460191214601F09B
:1047100027FC0028CAD0A1690120FEF7B9FA0028B9
:10472000C4D001233A6882F896306369002B3ED0EA
:104730005978C1F3031182F8971059781B7801F06A
:104740000F0143EA0123A2F898300220AFE798F85E
:1047500054309B07AAD0637803F01803182BA5D117
:10476000744B93F90090B9F17F0F00F014817F2210
:104770001A7017F059FB00220090CDF8089008F14C
:104780004203039230463A7B21460192FF2201F018
:10479000E7FB00288AD0A1690120FEF779FA0028FA
:1047A00084D03A6882F896506369002BC0D1FF2309
:1047B00082F89730C9E7637813F0100FC3F300163F
:1047C0000CBF012208229A437FF470AF0023A26835
:1047D0008DF815308DF81630002A00F0A4800DF108
:1047E00017030DF116010DF115022046FEF75AFCD4
:1047F00039689DF8153091F84190002B40F0C18048
:104800004231A368A27C484620F0F3F968B93B68BE
:1048100093F85530023B012B3FF648AF9DF8163018
:10482000002B3FF443AF4FF0FE09424B93F9008059
:10483000002E00F08180B8F17F0F00F0AC807F2265
:104840001A70D7E9003603F1420517F0EDFACDF8FA
:1048500008804A462B460025009030460395397B58
:104860000191214601F07CFB00283FF41FAFA169B4
:104870000120FEF70DFA00283FF418AF3B6883F8DB
:1048800096506269002A00F082805178C1F30311CA
:1048900083F897105178127801F00F0142EA012253
:1048A000A3F8982051E703F01903192B7FF4FEAE0B
:1048B00013E763686BB9A368002B7FF4F7AEA369B5
:1048C0009B781F2B24D898F84930002B7FF40AAF2F
:1048D000ECE608F15B0398F85A2008F1780198F8A3
:1048E0007E0020F086F97E68D7F80080737998F80A
:1048F0005620082B03D098F84E10994244D0012A34
:10490000D9D0002A7FF4D2AE00283FF4CFAED2E750
:1049100003F0E003402B7FF4E5AE98F84A30002B1B
:104920007FF4E0AEC2E64FF0FF098DF817207CE778
:104930006005002110000021B8F17F0F2BD07E68A8
:104940007F221A703379032B04D03379062B14BFDE
:10495000012503253B6803F1420A17F065FA214659
:10496000009053464A463046CDE902853C7B01948F
:1049700001F0F6FA00283FF499AE786801F064FA85
:1049800094E649F0020950E7012A94D98EE6FF2205
:1049900083F89720D9E6FDF7DBFF00BF30B5054669
:1049A0008BB016F0FDFD3E4B2C780246694628463A
:1049B00004F00F041A703B4D01F0EEFD072C2B683C
:1049C0003DD093F8542012F0060210D121466846DB
:1049D000FFF7CAF82B6893F87831042B1BD8022B09
:1049E00054D903246B7BDBB920460BB030BD93F860
:1049F000A420134493F87C21012A4CD000222146A4
:104A00006846FFF7B1F82B6893F87831012B10D086
:104A1000023B022BE5D941F249213220FBF78CFD04
:104A200018F052F816F054FE002320466B730BB0BA
:104A300030BD062C1BD018D917F000FED1E793F833
:104A40007811684601F0E0FD002221466846FFF734
:104A50008BF82B6893F87831042BDCD8022B0CD917
:104A60006846FFF705FE0446BCE7022CE4D8214661
:104A70006846FEF78BFB0446B4E7012BF0D0022B0F
:104A8000C9D19DF80030012BABD1E9E7012BD0D083
:104A9000022BA6D0BFE79621002017F089FDADE7D5
:104AA00010000021600500212DE9F04F93B0AD4CBE
:104AB0000D4608A901F070FD206808A99A3001F0A0
:104AC00025FE23689DF8201093F89620914205D189
:104AD000032D17D09DF82120120766D4606801F0DD
:104AE000F3F90125637B1BB9284613B0BDE8F08FAD
:104AF00017F0EAFF16F0ECFD00232846637313B0AD
:104B0000BDE8F08F93F89720FF2AE3D108A82A4642
:104B10000721FFF729F86068C38813B9037A002BCF
:104B2000DDD000230A9F8DF81D308DF81E308DF8E2
:104B30001F30002F4AD00DF11F030DF11D020DF1A2
:104B40001E0108A8FEF7AEFA23689DF81D8093F8B1
:104B500041509DF8206045EA48059DF81E90012EC1
:104B60009DF81F70EDB238D0022E00F0AA80002E02
:104B7000B4D1206890F854309E07B2D09DF821300F
:104B8000990700F1D180FF2563681B7A33B1764B1A
:104B90001B681BB10F9808B111999847294608A8BE
:104BA000FEF7B8F8451CEDB29CE70D9993F8970015
:104BB0004A78B0EB121F91D1097802F00F02B3F8D6
:104BC000983041EA02229A4288D19FE79DF82060FE
:104BD000B946B846FF25012EC6D19DF82130206880
:104BE00003F0090290F89A10092A05D000293FF431
:104BF00078AF1B077FF575AF90F85430D4F804A058
:104C00005A0713D59AF8073083B1002900F00D81B7
:104C10000A9B1BB1B8F1000F00F05B81A0301FF0C0
:104C200013FD002840F0B681D4F804A09AF80630AD
:104C3000002B3FF456AF276897F854309B073FF49A
:104C400050AF9DF8213013F0020300F0CA80B8F194
:104C5000000F0AD10A9B07F142019DF8322097F814
:104C600041001FF0C6FF00284ED0404B93F9009042
:104C7000B9F17F0F00F09481D4F804807F221A707C
:104C800098F80430032B00F0F28098F80430062BDB
:104C900008BF0326236803F1420717F0C5F82A4628
:104CA00000903B4608A94046CDE90296257B019538
:104CB00001F056F900283FF414AF606801F0C4F821
:104CC0000FE7266896F854309A073FF40AAFD4F8F5
:104CD00004A09AF80620002A3FF403AF9DF8212093
:104CE00002F0090109297FF4FCAE13F0020B02F077
:104CF00002013DD0002900F0BC80B8F1000F40F067
:104D00002181002F40F01281236893F85530023B37
:104D1000012B3FF6E6AEB9F1000F3FF4E2AEFE2103
:104D200008A8FDF779FFDCE6B8F1000F7FF42CAF9F
:104D300000F142010A9B9DF8322090F841001FF0DB
:104D400058FF00287FF420AF236893F85530023BCA
:104D5000012B3FF6C6AEB9F1000F3FF4C2AEFE25FF
:104D600012E700BF60050021C410002110000021DF
:104D7000002900F0BE80B8F1000F0AD10A9B06F1AD
:104D800042019DF8322096F841001FF032FF0028C2
:104D9000BAD0844B93F90080B8F17F0F00F0008106
:104DA00067687F221A703B79032B06D03B79062B6C
:104DB00014BF4FF0010B4FF0030B236803F14206C1
:104DC00017F032F82A460090334608A93846CDE954
:104DD000028B257B019501F0C3F800283FF481AEDA
:104DE0006BE7704A92F900507F2D00F0D9807F2147
:104DF00011709AF80420032A00F096809AF8043083
:104E0000062B08BF032617F00FF807F142030090A6
:104E1000CDE90256257BFF2208A95046019501F0F5
:104E20009FF800283FF45DAE47E700F15B0390F880
:104E30005A2000F1780190F87E001FF0DAFE034658
:104E4000D4E9000A9AF8051090F85620082904D0F1
:104E500090F84EC08C4500F09F80012A3FF4D8AEF8
:104E6000002A7FF4E3AE002B3FF4E0AED0E600264C
:104E700010E74C4B93F90080B8F17F0F00F0908061
:104E80007F2203201A70FEF7DBFB23680646D4F866
:104E9000049003F1420716F0C7FF2A46012500904F
:104EA0003B46CDF8088008A903954846257B019527
:104EB00001F056F8002E3FF411AE00283FF40EAE7C
:104EC0002068A0301FF0C0FB00283FF4F6AE0B2591
:104ED00008E6002F3FF4AAAE00F142019DF832200F
:104EE00090F841001FF085FE00283FF49DAE206839
:104EF00094E62C4B93F900507F2D51D07F221A70ED
:104F00009AF80430032B05D09AF80430062B14BF0E
:104F100001210321059116F087FF059906F142034F
:104F20000090CDE9025175E71E466CE70A9B06F139
:104F300042019DF8322096F841001FF05AFE0028E9
:104F40003FF4E2AE174B93F90080B8F17F0F27D002
:104F50007F22002103201A70FEF772FB23680646A9
:104F6000D4F8049003F1420716F05EFF2A460125AB
:104F700000903B46CDF8088008A903954846257B5C
:104F8000019500F0EDFF002E3FF44BAF00283FF4F9
:104F9000A8AD95E70C25A5E5012A7FF639AE45E6D3
:104FA000FDF7D6FC1000002110B5044616F0F8FA03
:104FB000094A2378107003F00F03072B05D1204610
:104FC0000121BDE81040FFF76FBD044B586800F0A9
:104FD0007BFF012010BD00BF1000002160050021F3
:104FE00010B5044616F0DCFA094A2378107003F075
:104FF0000F03072B05D120460321BDE81040FFF722
:1050000053BD044B586800F05FFF012010BD00BF86
:10501000100000216005002190F83E00003818BF04
:1050200001207047007A003818BF0120704700BF88
:10503000036D10B583B10222FF21044642721A8823
:105040004FF6FF7380F8271003850649428120F050
:10505000CCFC0023236510BD40F261313220FBF708
:105060006BFA00BF1125000138B50121054600206B
:10507000FBF734FF20B3044601F05AFD02E094F838
:1050800070301BB194F87030012BF8D13F22002111
:1050900020461BF033FF002340F20111072284F861
:1050A000543084F8A530A4F84C1084F8585084F893
:1050B0004B20636684F89430C4F8903084F8A630AE
:1050C00001210846FBF70AFF044618B301F030FD42
:1050D00002E094F870301BB194F87030012BF8D1D5
:1050E0003F22002120461BF009FF002340F201115E
:1050F000072284F8543084F8A530A4F84C1084F8C2
:10510000585084F84B20636684F89430C4F890308B
:1051100084F8A630BDE8384000F0FEBDF8B506467C
:105120001D4F0AF099FD034601210020BB60FBF7EB
:1051300099FE30B34FF4C072002104461BF0DEFE2E
:1051400001210846FBF78EFE7F69054680B14FF4CA
:10515000C07200211BF0D2FEC7B13046FFF784FFBA
:10516000204601F0C7FC2846BDE8F84001F0C2BC6B
:1051700067B13046FFF778FF2046BDE8F84001F000
:10518000B9BC40F691013220FBF7D6F940F69B01FD
:105190003220FBF7D1F900BF60050021014B024A24
:1051A0005A61704760050021AC570001034904486B
:1051B000044B054A08601A60704700BFC410002104
:1051C0008D2F0001C8100021FD270001036810B5D4
:1051D0004BB1074A03F16C045169C2E900340B6812
:1051E000BDE81040184740F67F113220FBF7A4F9C4
:1051F0006005002110B50F4C606800F065FE637B10
:105200008BB9206801216268002311710246A0F861
:1052100079316C3082F87B3100F0DEFD2068BDE82A
:10522000104002F0D3BB17F04FFC16F051FA0023E8
:105230006373E6E76005002180F84B10704700BFFC
:1052400011F001031FD04FF0010C0222634680F8D9
:105250007CC111F0020F0ED000EB030C490700B522
:105260004FF0020E8CF87CE103D51044042380F843
:105270007C315DF804FB4A0704D51844042380F808
:105280007C31704770470122E3E700BF80F8571078
:10529000704700BF38B590F840C0ACF1020EBEF1C7
:1052A000010F98BF00290CBF0124002408D00CF086
:1052B000FD000038BDE8384018BF01200AF006BFE5
:1052C00002F0FD0205461946101E18BF01201FF00E
:1052D000CAFC082801D0204638BD95F840C0E6E752
:1052E00090F8400000F0FD00003818BF01200AF0DF
:1052F000EDBE00BF90F8A6303BBB10B5044603F0EE
:10530000FF0094F85430022B07D0012B08BF04296A
:105310000CBF0120002002D010BD0429FCD1D4F81C
:105320001031A3B9236DBBB10DF068F8216D04F104
:10533000E80001F031FD0DF067F8042384F8A73090
:10534000FF2384F8A630012010BD002070474FF4E1
:1053500020613220FBF7F0F840F601213220FBF704
:10536000EBF800BF80F84010704700BF38B5044626
:1053700090F8400000F0FD0004F14201003818BF31
:10538000012084F841000AF087FE94F84030023B87
:10539000DBB2012B94BF0123002384F8483000D9ED
:1053A00038BD0BF0D7F8054619F01AFA094BE5FBA2
:1053B000030194F84830C4E92001002BF0D000200C
:1053C0000BF0B2F90028EBD140F629213220FBF78F
:1053D000B3F800BF40420F00B1F1000C4FF00801DC
:1053E00010B504460CBF0120002084F856C084F894
:1053F0004D0084F84E1009D102F0FD021946101E2E
:1054000018BF01201FF02FFC84F84E0010BD00BF14
:1054100008B5A2B180F85A10D2F800C0036DC0F8E8
:105420005BC090F841109288A0F85F205972D0F8C4
:105430004220C3F80A20B0F84620DA8108BD40F6C1
:1054400047213220FBF778F880F84910704700BFF9
:1054500080F84A10704700BFF0B5D0F8C8409DF8FA
:1054600014E0944203D190F840208A4201D00020F9
:10547000F0BD1EF0020190F8455123D00024A4464F
:105480002146224611E0314300EB820253F82C60A2
:105490000CF101070134D2F8CC205FFA87FC763298
:1054A000B242E4D1E2B2AA4226D8861896F87C61CC
:1054B000F71E012FE7D80CF1010C41F004015FFA4F
:1054C0008CFCE1E70E460A468418013694F87C41CC
:1054D000E71E012F53F8227088BF214300EB82049E
:1054E00098BF41F00401F2B2D4F8CC4004F1760C3C
:1054F0006745BCD1AA42E7D90EF00500401AB0FAC0
:1055000080F04009F0BD00BF90F854305A070ED427
:1055100013F0030301D11846704790F8550000F0CE
:10552000FD00A0F10100B0FA80F04009704790F84A
:105530005600A0F10100B0FA80F04009704700BFAA
:10554000012938B5044610D094F8543004F16C05A4
:105550009B071AD1284600F03FFC0023A4F87931BC
:1055600084F87B3184F8703038BD0A4D6B7B002B9A
:10557000EAD017F0A9FA16F0ABF800236B7304F128
:105580006C0594F854309B07E4D0284600F09CFC4E
:10559000E0E700BF60050021A0301FF05EB800BF4B
:1055A0000149363020F024BAED24000110B5012164
:1055B00004460020FBF792FC80B36278034680F833
:1055C0005420217811F0010223D1012011F0020FA3
:1055D00005D003EB020C024602208CF87C0149073F
:1055E00003D51A44042182F87C11A27883F8402064
:1055F000E17801F0FD0283F85510B2FA82F2520907
:1056000083F84C20227983F84B20627983F8572065
:1056100010BD0122022083F87C21D7E74FF42E61D0
:105620003220FAF789FF00BF10B504466C3000F055
:105630004BFC0023A4F8793184F87B3184F8703076
:1056400010BD00BF10B5012104460020FBF746FC49
:1056500068B1034690F8942002F0FF002AB9C3F81D
:105660009040FF2283F8942010BD0C2010BD40F61E
:1056700024313220FAF760FF08B501210020FBF742
:105680002DFC18B1002380F8943008BD40F6353168
:105690003220FAF751FF00BF38B501210020FBF797
:1056A0001DFCF0B1044690F89430BBB1002380F8A3
:1056B0009430D0F890000121503021F0F1F9D4F865
:1056C000903093F8443003F0FF053BB9D4F89000D4
:1056D00013F07CFE2846C4F8905038BD0C252846AF
:1056E00038BD40F63C313220FAF726FF08B50121DB
:1056F0000020FBF7F3FB28B190F89400003818BFA6
:10570000012008BD40F65F313220FAF715FF00BFD7
:10571000092A0001C52A000145430001D53E0001C8
:1057200031260001F53A00012538000181380001D9
:10573000594500013D450001893E0001193F000126
:10574000C13F0001693F0001ED250001293B000137
:1057500001390001C9430001E12400018D4200012B
:10576000F9400001E1240001E12400011D40000195
:105770009541000129420001814000019D4900013D
:105780005D290001A94F0001E14F0001F12D000149
:10579000692E00013D390001052600017D2600012A
:1057A0007D260001213600011D26000195450001DE
:1057B0002057000130570001485700017C57000175
:1057C000945700012DE9F04705468CB00E460020A5
:1057D0000121FBF783FB002800F075820446A83006
:1057E00001F0C2F9002846D094F85430042B42D07E
:1057F000AF6A002F00F05281BD4B9F4263D0043B43
:105800009F4260D00AF036FA07F13B09804602A9B0
:10581000484600F0C1FEEB7AB8F1000F00F0BC8002
:10582000DC0606F10D0100F1F481002F00F050823A
:105830009DF80830022B00F04B8295F83230E522BB
:1058400048461FF0D9FE95F83230044648462344B6
:1058500085F832301FF0C8FE95F83290A9EB0009A8
:10586000B9FA89F94FEA5919B8F1000F31D104F1A9
:105870001803DBB29FE02046FFF7CEFB0028B7D12C
:105880009C4C04F1080604F10C070023AA6A002AC4
:1058900000F03481A96A0A68B142AA620B704B70A9
:1058A0008B70CB70F2D0B942F0D020681CF0F0F9C8
:1058B000231DD3E84F3F0133211DDBB2C1E8423F36
:1058C000002AF5D1E1E70AF0D5F9814600286ED02B
:1058D0000024EA7AD10640F1FB815207AB7A697B5A
:1058E00003D5EA7EFE2A00F0748104F10A02F37007
:1058F000717102FB03F30322023332707370D5F827
:105900000E30C6F806306B8A3473344473812B7EB4
:105910006373EB7A13F0080000F00481754C0423E4
:1059200004F108083371474579D13379022262F3D3
:105930004613AA6A33716AB1EFF3108272B6AB6A8A
:105940001968A962002A00F0C58000221A705A70F6
:105950009A70DA70A5F1080120681CF099F9231DEE
:10596000D3E84F3F0133211DDBB2C1E8423F002A9B
:10597000F5D102274FF004088DF804808DF80570EA
:105980009DF8042000209DF8053062F3070063F3C2
:105990000F200CB0BDE8F087D80606F11C0100F11D
:1059A000418127B19DF80830022B7FF446AF1823C0
:1059B00000244FF0010904223270AA7A02FB03F39B
:1059C000F27002337370D5F80B20D5F80F30D5F88C
:1059D0001300D5F817107260B360F0603161D5F82C
:1059E0001B20D5F81F307261B36195F8148095F8CB
:1059F00015A00AF07DF908F1FF338A05DBB253D513
:105A0000032B00F269813C4AD35C7373BAF1000F37
:105A100062D1F476374C04F10808474585D004F18B
:105A20000C0A574500F08780002F00F0AC80B9F1D8
:105A3000000F2AD0AB6A63B1EFF3108272B6AB6A83
:105A40001968A96202B962B600221A705A709A7077
:105A5000DA70394620681CF01BF9231DD3E84F3F4C
:105A60000133211DDBB2C1E8423F002AF5D1AB6A08
:105A700085F83220434500F0DF80534500F0008177
:105A80009DF80830022B00F0BD803379012262F3CB
:105A90004613337101274FF004086DE70AF0EAF866
:105AA00005F133098046B2E6032B00F21E81124A4B
:105AB00013441B797373BAF1000FAAD00AF1FF3AAD
:105AC0005FFA8AFABAF1030F00F20F815244137998
:105AD000B3739EE762B638E70AF1FF3A5FFA8AFAD3
:105AE000BAF1030F00F2F88012F80A30B37390E7AE
:105AF0008405002178050021E8320301A5F10801A1
:105B000020681CF0C5F8231DD3E84F3F0133211D49
:105B1000DBB2C1E8423F002AF5D14FF40073ADF883
:105B200004302DE703F00301032949D0580749D574
:105B3000012333716EE7AB6A63B1EFF3108272B683
:105B4000AB6A1968A96202B962B600221A705A706B
:105B50009A70DA706B7D83BB32794FF0040863F37F
:105B600046123271A5F1080120681CF091F8231D3E
:105B7000D3E84F3F0133211DDBB2C1E8423F002A89
:105B8000F5D10227F8E695F80B8018F010083FF4DD
:105B9000F3AE3379A5F10801206867F3461333713A
:105BA0001CF076F8231DD3E84F3F0133211DDBB2F3
:105BB000C1E8423F002AF5D1DBE64FF00008D1E70B
:105BC000307127E7022922D0002940F08A80327103
:105BD00020E7F3701B01717102337370112333706E
:105BE00001233371D5F80E30C6F806306B8A327354
:105BF0007381EB69C6F80D302B8CA6F811302B7E23
:105C0000F37407E7337923F06803337142E73171A6
:105C100000E79DF8184008460599C14622461BF04A
:105C200019FA56E69DF81840084605994FF0010903
:105C300022461BF00FFA1AE63379022262F346136A
:105C4000AA6A337162B1EFF3108272B6AB6A196857
:105C5000A96202B962B600221A705A709A70DA709C
:105C6000A5F1080120681CF013F8231DD3E84F3F6D
:105C70000133211DDBB2C1E8423F002AF5D178E6AD
:105C8000337962F34613AA6A337162B1EFF310827B
:105C900072B6AB6A1968A96202B962B600221A70BC
:105CA0005A709A70DA70A5F1080120681BF0F0FFB5
:105CB000231DD3E84F3F0133211DDBB2C1E8423F32
:105CC000002AF5D155E64FF4F0713320FAF734FC91
:105CD0005B213320FAF730FC4FF4E9713320FAF7F7
:105CE0002BFCA2213320FAF727FC40F211310620C9
:105CF000FAF722FC343270B5044692B21E460D46C5
:105D00001BF08EFF24B1034B1C601D745E741D716B
:105D100070BD00BF7805002110B5034C20681BF052
:105D2000A1FF237C237110BD78050021014B587C15
:105D3000704700BF7805002138B5154C20681BF06E
:105D400097FF00B30546231DD3E84F3F013B221DBB
:105D5000DBB2C2E8413F0029F5D105F10803342246
:105D6000012418461BF0CAF8EA7C0346FF2147F6D7
:105D7000FF7064F346126975E883184685F82310AE
:105D8000EA74ED6238BD40F255113320FAF7D4FBC6
:105D9000780500213330704738B50446406A08B1B1
:105DA0003B3038BD0B4D28681BF062FF606260B16C
:105DB0002B1DD3E84F3F013B291DDBB2C1E8423F19
:105DC000002AF5D1606A3B3038BD4FF4B7713320FB
:105DD000FAF7B2FB7805002138B503684BB39A6A2D
:105DE00052BB596A054629B301F10800154C83429C
:105DF000206808BF2A601BF04BFF231DD3E84F3FEC
:105E00000133211DDBB2C1E8423F002AF5D12B68E6
:105E10007BB1A3F1080120681BF03AFF231DD3E8F2
:105E20004F3F0133211DDBB2C1E8423F002AF5D1CB
:105E30002A6038BD034CECE740F28B113320FAF7AF
:105E40007BFB00BF7805002170B505680646F5B1FB
:105E50001B4928461FF0D5FD1A4C0023E360EFF3E1
:105E6000108272B6AB6A23B3E96A04F10C030B60CB
:105E7000EB6202B962B63368596A29B101F10805CB
:105E8000AB421AD100236B620023336070BD696A94
:105E90000029F9D00B4C20681BF0FAFE231DD3E833
:105EA0004F3F0133211DDBB2C1E8423F002AF5D14B
:105EB000E8E704F10C03AB62DAE71D46EBE700BF4D
:105EC000C55700017805002170B50668002E3CD04A
:105ED000716A0546002939D001F108031E4C9E4223
:105EE0000DD020681BF0D4FE231DD3E84F3F0133B3
:105EF000211DDBB2C1E8423F002AF5D12B68002208
:105F000072625A7D8AB10022A260EFF3108172B6EC
:105F10009A6AF2B1D86A114A0260DA6201B962B6CD
:105F20002846BDE87040FFF78FBFA3F10801206845
:105F30001BF0AEFE231DD3E84F3F0133211DDBB222
:105F4000C1E8423F002AF5D12A6070BD3346024CB9
:105F5000D7E7024A9A62E0E7780500218005002130
:105F60002DE9F04704680D4698469DF820109DF8ED
:105F700024309DF928C09DF82C90002C00F00A8157
:105F8000DFF840A2174606469AF80420002A7FD080
:105F9000626A002A00F0088182F81190EA684AB12A
:105FA00095F810E0228E724440F2726E724500F352
:105FB000BA802286012284F818C0A272B9F1000FBB
:105FC00072D061756A691AB15278C2F30312A27570
:105FD000EA6912B15288A4F819202A78E17AA2F16C
:105FE0000100B0FA80F0400960F30001C8B2E1722C
:105FF00011F0020140F08E80022A00F0BE80E07AAB
:1060000061F34100C0F34001E072002A14BF002197
:1060100001F00101E27A61F3C302E272AA68002A88
:1060200000F08B80E17A41F00401E172296A0029D5
:106030003CD091F90010E1756968002939D0082B2E
:1060400004F10E0200F08F80184604F10D010AF0F1
:1060500087FA002800F0B180637B43F0020363738A
:10606000AA6832BBAA69B9F1000F30D13AB193786E
:10607000527803F01F0352EA032200F08780636A1C
:10608000002B00F09580002301206362BDE8F087BB
:10609000B9F1020F5BD03FD8FFF79EFE3368002BAB
:1060A0007DD10020BDE8F08721758BE76968002964
:1060B000C5D1BB1E04F11C01012B4CD91368E3614F
:1060C00093888B80E776AA69B9F1000FCED00021C2
:1060D000636A197059709970D970A16A002950D0FB
:1060E000E16A0B60E36282B19178507801F01F029F
:1060F00050EA022009D1A26ACAF80800002A42D058
:10610000314A1A600023E2623360304920461FF0B2
:1061100078FCB4E7012172E7B9F1030F3FD1FFF733
:10612000D3FE3368BBE7FFF7CFFE3368002BB8D050
:1061300040F273313320FAF7FFF92A6A12B192F96B
:106140000020E2756A68002A7FF479AF8AE7FFF7DA
:106150007BFE3368A3E7D8F80030E361B8F8043079
:106160008B80E776AFE76B7C63736B681968C4F864
:106170000E109B889380AA6873E740F00200E072DB
:1061800048E7A362AEE7104AA262BBE73046FFF7DA
:1061900023FE86E740F239313320FAF7CDF940F299
:1061A00056313320FAF7C8F940213320FAF7C4F901
:1061B0004FF4D7713320FAF7BFF9C1213320FAF732
:1061C000BBF900BF7805002180050021C5570001FB
:1061D0002DE9F843504D0F4600260468297998466A
:1061E00006609DF820909DF824009DF9283081B923
:1061F000A4F1080128681BF04BFD2B1DD3E84F3F8D
:106200000133291DDBB2C1E8423F002AF5D1BDE8C8
:10621000F8830121C4F80960C4F80D60C4F8116066
:10622000C4F81560C4F81960C4F81D60A4F82160B2
:10623000A172062A66D8DFE802F02B3239653E6586
:106240000400E27A22F0120242F01202E272237695
:106250000123082804F10E02237547F6FF73E38239
:1062600030D004F10D010AF07BF900284FD0637B98
:1062700043F002036373E37A5B072ED4FF23E376D4
:106280000023237225492046BDE8F8431FF0B0BB28
:10629000E27A22F0130242F01302E272D7E7E27AC6
:1062A00022F0150242F01502E272D0E7E27A42F0E3
:1062B0001002E272CBE7E27A22F01A0242F01A02EE
:1062C000E272C4E77B7C63737B681968C4F80E10C4
:1062D0009B889380E37A5B07D0D5A9F1020304F190
:1062E0001C02012B07D9BB681968E1619B88938068
:1062F00084F81B90C4E7D8F80030E361B8F80430A4
:106300009380F5E740F244413320FAF715F9C121B3
:106310003320FAF711F900BF78050021C5570001B5
:10632000F8B5394D8446002610462A790F46DCF828
:1063300000409DF91810CCF800607AB9A4F108016A
:1063400028681BF0A5FC2B1DD3E84F3F0133291D06
:10635000DBB2C1E8423F002AF5D1F8BDC4F80960BC
:1063600041F60125C4F815600122217645EA03258E
:10637000618941F6FF33C4F81160082821F4DF5128
:1063800003EA0503227547F6FF7221F01F01C4F8E6
:106390000D60E28204F10E0243EA0103C4F81960C1
:1063A000C4F81D60A4F82160638115D004F10D01CB
:1063B0000AF0D6F818B3637B43F002036373E37A01
:1063C0005B0714D4FF23E376002323720F49204692
:1063D000BDE8F8401FF00CBB7B7C63737B681968D9
:1063E000C4F80E109B889380E37A5B07EAD5BB68FC
:1063F000FF221968E1619B88E2762384E4E7C121EA
:106400003320FAF799F800BF78050021C55700013D
:1064100018B1407BFF3818BF0120704720B1C07E03
:10642000FF3818BF0120704740F29941332008B56A
:10643000FAF782F820B1807DFF3818BF012070473D
:1064400040F2A141332008B5FAF776F870B50C4652
:10645000164605461EF044FF0346284663741EF0A8
:106460004AFF062EA07424D8012303FA06F212F084
:10647000550F11D0E91C00226370C4E901126B783A
:10648000063B13F0FF0303D11D462374E56070BD86
:1064900009352374E56070BD9E420AD10322AB1812
:1064A00009356270C4E9013500231D462374E56097
:1064B00070BD00236370C4E90133F5E738B50C46BD
:1064C000C17811F03F0161D005461EF009FF034677
:1064D000284663741EF00FFFA0742B796370E87870
:1064E000830923702B7913F0010146D14FF0050C7D
:1064F0004FF00B0E6246616013F0020102D005EB13
:106500000C017246A160590701D50132D2B213F0D5
:10651000080104D002F1020CA9185FFA8CF2616143
:1065200013F0100104D002F1030CA9185FFA8CF2E9
:10653000A16113F0200104D002F1120CA9185FFA36
:106540008CF213F04003E16102D0AB180132D2B2F9
:1065500000F03F002362031D9B1A13F0FF0114BFDC
:10656000AB180B4663626B78013B1B1ADBB22374DA
:1065700053B10A441544E56038BD4FF00B0C691D5A
:106580004FF0110E6246B6E7E36038BD2046282280
:10659000BDE838401AF0B2BC70B5057805F00F05BB
:1065A000072D2DD00C4606461EF09AFE03463046B7
:1065B00063741EF0A0FE0122A07402FA05F313F02A
:1065C00055030CD00023F11C6270C4E901137378E9
:1065D000063BDBB223748BB10936E66070BD954291
:1065E00008D103212374E360721809366170C4E98D
:1065F000012670BD63702374C4E90133E36070BD8C
:10660000BDE87040FFF75ABF0378012B10B43AD0B1
:10661000022B0CD093B903394278012902F01004FF
:1066200019D974B964F3C3024461427009E0437834
:10663000002223F00303C0E901224370033901293A
:1066400017D94378002210BC23F02003C2610274E2
:10665000C2604370704734B122F003024270D20628
:10666000C0E9013308D44378002223F008034261D3
:1066700043704378DB06E4D54378002223F04003DF
:1066800002624370DDE743780022022923F002030F
:1066900082604370D5D0DBB2426062F30003437086
:1066A000CCE700BF0122002340F2011C51400271DF
:1066B000A0F800C0C37043718170704710B4012B03
:1066C000114C9DF804C0C0F802400ED0022B06D039
:1066D0001BB901704270A0F8033010BC7047002253
:1066E000012310BC028043717047ACF1020C4FF0E3
:1066F000000310BCBCFA8CFC4FEA5C1C6CF3070373
:106700006CF30F23038070470001010003782BB165
:106710004B78002223F001034A604B7043782BB181
:106720004B78002223F002038A604B7003792BB16F
:106730004B78002223F02003CA614B7083782BB181
:106740004B78002223F008034A614B70C3782BB1C9
:106750004B78002223F010038A614B70437913B108
:1067600000230B74CB6070474378002223F0220390
:106770008260C26143707047D0F81011F0B5D0F854
:10678000C86090F8455189B100210C460B4600EBDA
:1067900083030131D3F8CC20CBB27632AB42144420
:1067A000F5D9A6420CBF02200120F0BD8C460F4651
:1067B00000EB81010CF1010CD1F8CC405FFA8CF1B7
:1067C00004F1760EA9427744F2D90721BE42A6FB16
:1067D000011422D0D0F8C070C919D0F8C47044EBAD
:1067E0000704D0F8CC701DB3D0F8D0C0012D674499
:1067F00007F1EC0703D0D0F8D40076300744BE424E
:1068000005D08A4273EB040416D30120F0BD8A42FE
:1068100073EB040410D20320F0BDD0F8B070C91996
:10682000D0F8B47044EB0704D0F8CC70002DDBD165
:106830007637BE42E5D1EAE70220F0BD03280346E1
:1068400007D040F2347240F62450022B08BF1046A5
:10685000704741F6F640704740F28A31212008B572
:10686000F9F76AFE38B50446FF2380F8153100F5C4
:106870008C75284619F0BCF9284604F5A47519F062
:10688000F1F9284619F0B4F9284619F0EBF900217E
:106890002046FEF755FE94F816313BB1D4F8083186
:1068A00053B104F1E8000BF087FD09E0D4F81001C2
:1068B00010B1D4F808319BB104F1E8000BF00CFDE5
:1068C000002384F8153194F8160110F0FF0018BF6A
:1068D0000C2084F81631C4F8103184F8143138BD16
:1068E00000F5E4700BF0F8FCE6E700BF022910B5F4
:1068F0002AD013D8012934D10446084616F002FCE8
:106900004AF2A133194A0344D4F81011A2FB032020
:10691000800900F5257001B1400010BDCB1E012B90
:106920001FD840F2DA3340F2AC740846042918BF8D
:106930001C4616F0E7FB4AF2A1330C4A0344A2FBC3
:10694000032304EB931010BD084616F0DBFB4AF25C
:10695000A133064A0344A2FB0320800900F5BE7060
:1069600010BD40F217119E20F9F7E6FDD34D6210DD
:106970002DE9F041044617F033FF05460E46D4F8E2
:106980001021D4F8C8E094F84571002A46D04FF0A1
:10699000000C6046634604EB83030CF1010CD3F852
:1069A000CC205FFA8CF37632BB421044F3D9864593
:1069B0000CBF02270127384618F016F83F2829D9BE
:1069C000411CD4E9363259D0C118914228BFD01A9F
:1069D000D4F8A830D4F8AC205B1B62EB0602012B84
:1069E00072F1000151DB0021984291415EDA41F2DF
:1069F0008836864228BF0646C5F1900517F0F0FE9E
:106A00000544B54206D83946304618F019F805460F
:106A1000002852D100252846BDE8F08110461346D3
:106A200004EB83030132D3F8CC10D3B27631BB42EE
:106A30000844F5D907238645D4E92C1CAEFB03385E
:106A40002ED0D4F8C0209B18D4F8C42048EB0208FC
:106A5000D4F8CC20DFB1D4F8D000012F024402F1E9
:106A6000EC0203D0D4F8D40076300244964511D01D
:106A700099427CEB080817D301279CE7D61A41F20C
:106A800088339E4228BF1E46B6E70026B4E776321A
:106A90009645EDD199427CEB080805D203278AE799
:106AA000CB184CEB0808D3E7022784E741F2883281
:106AB000934228BF13461E469EE717F097FED4F870
:106AC000E020D4F8D830B018D4F8DC203344C4F82F
:106AD000E0009342C4F8D83003D1D4E93A23C4E9A2
:106AE000302317F07FFE96E7014B1870704700BF08
:106AF000110000210D4B002141F6690210B519600B
:106B00001B6893420CD8044690F8143123B190F8D6
:106B100014310BB1FFF7A6FE0023A4F80C3110BD11
:106B200040F65E012120F9F707FD00BF8C0500212A
:106B300010B5044690F8143113B190F814311BB914
:106B40000023A4F80C3110BDFFF78CFE0023A4F83D
:106B50000C3110BD90F8143103F0FF020BB9104650
:106B60007047FFF77FBE00BF90F86C00003818BF79
:106B700001207047F0B585B090F81421002A40F04C
:106B80009A8002F0FF030A7802F0020402F0040582
:106B900012F001020393CDE9013320D08E680196F3
:106BA000002C6FD1002D73D00B6914460122763E64
:106BB000029380F845214B68C0E93236C0F8F830BE
:106BC00040F27123A0F8FC303DB10DEB840300EBE3
:106BD00084045B68763BC4F8CC3005B0F0BD7CB96A
:106BE000002D63D00D6940F2712280F845414B6859
:106BF0000195A0F8FC20C0F8C830C0F8F830E4E7F0
:106C00004FF0010C9646674604AE06EB8E0ECE683A
:106C10004EF80C6C0DBB40F2712480F845214B6896
:106C2000A0F8FC40C0F8C830C0F8F8302AB9019B81
:106C3000763BC0F8CC3005B0F0BD019B763BC0F888
:106C4000CC3001230DEB83025C1C00EB8303526804
:106C5000E4B2763AC3F8CC20B6E70E690DEB8C0CA3
:106C600080F845714968CCF80460C0F8C810C0F8D5
:106C7000F81040F27121A0F8FC10002ADDD1002CA0
:106C8000A3D0DFE74FF0020C4FF0010E6746BBE7E1
:106C900040F27122763E80F845514B68A0F8FC2006
:106CA000C0F8F830C0E9323605B0F0BD40F2BE2180
:106CB0002120F9F741FC40F2A5212120F9F73CFC05
:106CC000D0F8102142B190F8143103F0FF020BB953
:106CD00010467047FFF7C6BD0C221046704700BF34
:106CE00070B590F8153113B10026304670BD0446DA
:106CF0000D4617F075FD94F87831062D46D8DFE87B
:106D000005F029040407310404000126304670BD53
:106D1000033B012B8CBF4FF457724FF46172D4F8D0
:106D2000B010D4F8D830401AA3F58E738518AB4252
:106D30008CBF01260026D8D82046FFF719FE002870
:106D4000D3D0D4F8D860A6F58E76B5422CBF0026F5
:106D50000126CAE7022B12D007D8012B11D14FF41C
:106D60000472DCE74FF40272D9E7DA1E012A08D870
:106D7000042B40F2563208BF4FF4E562CFE7F82209
:106D8000CDE740F217119E20F9F7D6FB4FF44B7177
:106D90002120F9F7D1FB00BFF8B50E4605460021CA
:106DA000D6F8D00106F5E4770BF0ECFAA8420446D9
:106DB0000BD0014638460BF0ADFA00232B628CB99C
:106DC00000220023C6E97223F8BDD6F8D0318268CC
:106DD0009A4217D2826912B3014638460BF09AFAEA
:106DE000002323620BF016FBE8B1A168B4F924007C
:106DF000D4E900325B18A6F8EC0142F10002C6E9C2
:106E00007232F8BDC5690762002DD9D00BF002FBC4
:106E100048B1A968B5F92400D5E90032EAE7C569A7
:106E200007628360F0E740F241712120F9F784FBAB
:106E30002DE9F04F91B004461D460E46BDF868306E
:106E40000392079317F0CCFCD4F8CCA080460491B1
:106E50000AF1760094F84511834651B1012304EB01
:106E600083020133D2F8CC20DBB276328B429344DA
:106E7000F5D9D4F8C890D9454CD1002D4AD094F812
:106E80001431002B40F0C080039B002B40F0708237
:106E90006FF00043D4E92A129A4208BFB1F1FF3FD4
:106EA00000F0CA8194F844312046234493F87C11C1
:106EB000FFF71CFD039B05460B908DF8283018F555
:106EC000B3730AA80E93049B43F100030F9340F29F
:106ED0000243ADF8303018F0A5FE002800F095828E
:106EE0000E9AD4F8A8300F999B1AD4F8AC2062EB14
:106EF00001025B1B62F10003002B80F29D81DDF833
:106F00000CA001234546049FD346CDF814A0CDE93B
:106F1000063A0EE1039B002B40F0AC80D4E93A37EF
:106F2000A8EB0302B2FBF9F209FB02F2002D76D1C5
:106F30009D1808F5B373A3EB050347F100079945C6
:106F400094BFA3EB09099946002900F046828145C8
:106F5000C0F02582A9EB0A090122A9F176090129CD
:106F600014D0D4F8D00000F1760CCC4505D8A9EBAC
:106F700000000132A0F17609D2B2022906D0D4F87D
:106F8000D41001F17600814580F01E82A11893464D
:106F9000204691F87C11CDE90532FFF7A7FC484463
:106FA00004EB8B01D1F8CCA08245DDE90532C0F0BD
:106FB000E481AAEB090ABAF1000FC0F221825D193F
:106FC000D4F8E800D4F8B03047F10007D4F8EC105A
:106FD0001B1A00F11382D4F8C820B3FBF2F302FBB2
:106FE00003F31B1841F10001C4E93A31EB1A00F137
:106FF00005829342B3FBF2F134BF002301230791D2
:1070000005930023069394E0B4F90C31002B3FF470
:107010003BAF039B73BBD4F8C890D4E93A37A8EBD5
:10702000030513EB09024FF0000B47F10007B5FB16
:10703000F9F509FB05F5AD18A5EB080247F10007C6
:10704000B2F5B37F80F00181D4F8B820D21AB2FB38
:10705000F9F209FB0233EB1A19EB0505B3FBF9F260
:1070600047F100074B45079234BF00230123CDE9C8
:10707000053B5EE001210023CDE9051318F5FA6513
:10708000049B43F100070BF0B9F90BF071F90346CB
:1070900004F1E8001946CDE908300BF03BF9D4F8CB
:1070A0001011089B19B10998FFF776FE089B002B79
:1070B00000F07781B3F92420D9459868A4F80C2111
:1070C0001A680CBFD4F8F090D4F8C89080185968AA
:1070D0004A4641F10001CDE900571FF054FD8145BA
:1070E0008346C0F08681451947F100070BF08CF903
:1070F000079BD4F8C810002B00F099809AB242F296
:10710000107C28463B46E2FB0C03C4E92A0301F24B
:10711000CF735B444FF0000BB3FBF1F301FB03F3C0
:10712000EB1AC4F8E83067F10003C4F8EC3001232F
:10713000079304EB0B03204693F87C11FFF7D6FB73
:10714000D4F8A83081465A1BD4F8AC3063EB07035F
:10715000012A73F10001C0F2EB80002192459941B0
:1071600000DB924604EB8B0BDBF8CC30534528BF99
:107170005346C4F8DC30059B002B40F09680039BFF
:107180002BB1D4E93A03C4E93003C4E92C570423F2
:10719000C4F8D8902A462046C4E92E5773723B465D
:1071A000FFF7EAFA069B3072C6F80490002B00F055
:1071B000BA80012304993370D4F8A830D4F8AC20F5
:1071C000B3EB080362EB0102012B72F10001C0F284
:1071D000CD80904D00219D42914100DB1D46D4F8A9
:1071E0001021D4F8C800002A00F0A5804FF0FF332A
:1071F0001F469845049971EB07020ED2B3EB0803C2
:107200004FF00002284667EB01076FF00101994239
:10721000BA4102D39D4228BF18463061D4F8DC0041
:10722000484534BF0020012011B0BDE8F08F4FF079
:10723000FF306FF0004368E7002301224546049FBA
:107240009B4605930692079373E794F87C112046BA
:10725000FFF74CFBD4F8E820D4F8B8300421D4F878
:10726000C8509B1A0B9020468DF831108DF828B02D
:10727000B3FBF5F305FB03F39A18D4F8EC3043F1B4
:1072800000030E920F93FFF777FA29468DF830002E
:107290000AA81DF020FD031E079018BF0123CDF89A
:1072A00018B0DDE90E57059343E7079BB4F90C01CD
:1072B000590089B21EF0C9FCB4F80C21D4F81011A1
:1072C000C317121A12B2A4F80C2161B1A1F8EC2173
:1072D000D1F8C8211218C1F8C821D1F8CC2143EB4C
:1072E0000202C1F8CC21D4F8E8202D1843EB07079F
:1072F0008018D4F8EC20C4F8E80043EB0203039AAA
:10730000C4F8EC30002A7FF43EAF0423C4F8D890D0
:107310002A462046C4E92E5773723B46FFF72CFAE3
:10732000C6F8049030720023C6E90457337075E73D
:107330004FF0000A16E794F845711146134604EB26
:1073400083030132D3F8CC3076331944D3B29F4251
:10735000F5D207238842A0FB033724D0D4F8C020FD
:107360009B18D4F8C42047EB020742E7002536E714
:1073700000220123CDE9052380E694F84501D4F8E5
:10738000C810904217D901328B42D2B227D204EBF7
:1073900082039346D3F8CCA00AF176030BE60022D1
:1073A000DDE59B46A2E6D4F8B0209B18D4F8B420C3
:1073B00047EB02071DE78B420DD3B3EB410F4FEABA
:1073C000410211D21346F6E5A9EB01010132A1F108
:1073D0007609D2B2DAE50B46EDE50A46D6E54FF47A
:1073E00085612120F9F7A8F840F245412120F9F7FD
:1073F000A3F840F24D312120F9F79EF8FFF72CFA5F
:1074000040F24E412120F9F797F840F296412120B1
:10741000F9F792F80040420FF0B5044689B005290B
:1074200000F29C80DFE801F01C062B469A082046FB
:10743000FEF7B6F809B0F0BD90F815315BB9B0F8B9
:107440007A31C3F30C03002B7FD090F87831033BE3
:10745000012B40F28E8009B0BDE8F040FDF7CABEB6
:1074600090F8153103F0FF054BB30121FEF768F8E2
:1074700015F072F909B0BDE8F04018F029BBB0F87A
:107480007A31C3F30C03002B65D10022012302A93A
:1074900020460092FFF7CCFC0028C8D002A904F5D2
:1074A0008C7018F033FB0028C4D140F27571212094
:1074B000F9F742F809B0BDE8F04015F097BB17F0B6
:1074C000EFFAD4F8E830B0EB030CC4E92C0174D423
:1074D00094F84561D4F8C87002940595002E6AD0DE
:1074E0002946BCFBF7F207FB02332A46C01A2B469B
:1074F00004EB8303D3F8CC3003F1760E864503D832
:1075000076380131C01AC9B20132D3B29E42EFD2ED
:10751000B4F87A3184F84411C3F30C038DF81810D1
:107520000BBBBC4534BF0125012302A88DF81050C8
:107530008DF81930FDF74AFED4F8D800A0F5817017
:10754000C4F8E00017F04EF974E7FFF711FA0028CD
:107550007FF470AF7FE7FEF767F896E74FF4E571C9
:107560002120F8F7E9FFD4F84021032500230392F6
:10757000DBE790F87031002B7FF46DAF012144F20E
:10758000365084F8701117F05BFA00283FF463AFAF
:1075900017F02CF9D4F8D830D4F8E02044F2365063
:1075A00003441044C4F8D830C4F8E00009B0BDE882
:1075B000F04017F017B92946AAE7FFF74DF900BFC9
:1075C00030B589B090F81421002A4ED1044602F05B
:1075D000FF03FF2280F8142180F8153190F84551FF
:1075E0009C4680F84431A0F80C31184604EB830324
:1075F0000CF1010CD3F8CC205FFA8CF376329D426B
:107600001044F3D2D4F8C830984221D0D4F8CC201A
:10761000E5B1D4F8D030012D1A4402F1EC0203D0C8
:10762000D4F8D43076331A44C4F8F0200023009103
:10763000012202A92046FFF7FBFB60B102A904F575
:107640008C7018F063FA58B109B030BD7632EBE7B0
:1076500041F28832E8E74FF41F712120F8F76CFF00
:1076600040F27D212120F8F767FF40F267212120B9
:10767000F8F762FF38B590F81431E3B90D4621B33D
:1076800004460246134900F58C7018F035FA11498A
:10769000224604F5A47018F02FFAC4F8105195F89A
:1076A0008C3003F0FF015BB984F816112046BDE869
:1076B0003840FFF785BF4FF423712120F8F73CFFD6
:1076C00040F293212120F8F737FF40F28D2121204D
:1076D000F8F732FF1974000138B504460D4602462A
:1076E000084900F58C7018F007FA04F5A4702246DA
:1076F000044918F001FA29462046BDE83840FFF752
:107700005FBF00BF1974000190F87B315F2B2DE93A
:10771000F04F044687B049D85A09A64911F80280AB
:10772000B8F1040F00F0188194F9792103F01F03D8
:1077300094F87A51002A45EA032594F87931B4BFC8
:107740004FF496721E22DB0902FB05F50CBF1E26C4
:107750004FF4967614F06EFBA5EB000914F0B4FB21
:1077600094F87931074609EB060A13F0400F2F44CD
:10777000914D0CBF4FF4FA7B4FF0320B1CF073FFAE
:107780008E4B5844B9F5E07F0AFB0055A3FB053545
:107790004FEA954570D994F8153153B114F0DCFFD8
:1077A00018F096F9012007B0BDE8F08F4FF00008FF
:1077B000BAE74046DFF808A215F09CFC814B53F86D
:1077C00028904AF2A1334B44AAFB032306EB9316FD
:1077D000BA3606EB45060644404615F08BFCA6EB90
:1077E000000B404615F08EFC94F85410A9EB0009EC
:1077F0000BF58E7B0129AAFB09A94FEA991900F024
:10780000B1804046FFF71AF8D4F8B030ABEB090866
:10781000D4F8B420933B80446B4842F1FF32DB192B
:10782000007842F100025B1B4FF00005CDF80480A8
:1078300062F10002FE288DF800504FF00405CDE9FA
:1078400004328DF8095000F0A780490740F1A48068
:107850008DF80800694604F58C70C4F8D880C4F827
:107860004061C4E92E3218F051F9002896D140F257
:10787000EE612120F8F760FE4046DFF844A115F0E4
:1078800039FC504B0246404653F8289009F2E73342
:10789000AAFB031306EB931620363E442E441644EF
:1078A00015F028FC8346404615F02CFCA9EB000996
:1078B000A6EB0B0BAAFB09A994F854A0BAF1010F8F
:1078C0004FEA99195CD04046FEF7B8FF0BF58E736E
:1078D000D4F8D8B0A3EB090303EB0008C34528D2C2
:1078E000394B93F80090B9F1FE0F45D01AF0040F10
:1078F00042D0484617F078F8A8EB0B034946402BD6
:1079000038BF4023834228BF03461846984617F0E5
:1079100097F800283FF447AF16F068FFD4F8D83046
:107920004344A3F58170C4F8D830C4F8E00016F0E1
:1079300059FF103F94F84411022200237F1B684630
:107940008DF8101003978DF808208DF81130CDE9CF
:107950000046FDF73BFC25E700224FF0030880F8C6
:107960007021E1E6A8F102085FFA88F8B8F1020F89
:107970001AD940F6480047E717F094F88146B8E76F
:10798000A8F102085FFA88F8B8F1020F09D8094B8C
:1079900003EB8803586899E717F084F8DDE90432AF
:1079A00056E740F6480091E7024B03EB880358681E
:1079B0002AE700BFF03203013F420F0083DE1B4382
:1079C000D34D6210443503011100002110B588B079
:1079D00090F8152172B902F0FF0302A904461A4675
:1079E0000093FFF725FA60B102A904F58C7018F036
:1079F0008DF880B114F0B0FE08B0BDE8104018F06A
:107A000067B82046FDF7CCFD14F0A6FE08B0BDE82F
:107A1000104018F05DB840F25C712120F8F78CFD41
:107A200001292DE9F04F054683B030D9022940F0F5
:107A3000D480D0F81031002B00F0D48000242246EE
:107A400083F88C4090F8781161F3070261F30F22FC
:107A5000A3F87420FF2683F876600339D0F810016C
:107A6000012900F13C008CBF002101211EF05BF8D0
:107A7000D5F810011FF094FFC5F8104185F8166184
:107A800014F06AFE03B0BDE8F04F18F021B801F021
:107A9000010A0026D0E92C9814F0EEF995F87871D7
:107AA0008346504639461DF07AF90446384615F0AB
:107AB00029FB0146BAF1000F03D0BB1EDBB2022B3B
:107AC00075D94FF4FC7214EB0B0346F1000613EB6F
:107AD00009044C4B48EB060633F8173003F2E73342
:107AE0000B444949A1FB03139B09E31A66F1000605
:107AF0009C1846F100061FF038F88A30D5F810714E
:107B0000241AD7F81C8066F100060AF02BFC05F158
:107B1000E803834232D04246D7E97201CDE90046FC
:107B20001FF031F8804567D3384BD5F810211B681A
:107B300092F87E10834212D9D369D362034400299C
:107B400047D141F66A010D46884215864FD21B196E
:107B500046F10006C2E9723603B0BDE8F08F59BBAA
:107B60002B4BA3FB001340F2E2419B0A01FB03F302
:107B7000D36241F66A0313860346E8E797F87D006F
:107B80000028D1D0D5E93A9A0AF044FC38B9B7F9BF
:107B9000EC31A7F8EC0113EB09094AEBE37A424612
:107BA00048465146CDE900461EF0EDFFBCE7194AB4
:107BB00002EB83031A6986E7174BA3FB00136421CA
:107BC0005B0901FB03F3D3624FF4FA731386034698
:107BD000BDE74FF4FA710D46B6E740F642012120A9
:107BE000F8F7AAFC40F2DD712120F8F7A5FC40F27D
:107BF000D2712120F8F7A0FC40F261312120F8F782
:107C00009BFC00BF58350301D34D62108C05002149
:107C10005917B7D1F03203011F85EB5108B558B1A0
:107C200001280CD10B4B40F6C4121A601A6841F6B9
:107C300069039A4208D808BD064B1860F6E740F67B
:107C400055012120F8F778FC40F65E012120F8F775
:107C500073FC00BF8C050021F0B5524C012089B0A7
:107C6000636820701A7A002A59D1237D032B52D0E1
:107C7000012B257AE06821D0D0E93223009515F058
:107C800053FDE061002800F0828000F12005237A96
:107C90006E78012B17D9237D2846032B74D012F060
:107CA00053FC63681B7A0BB1002E63D1284614F095
:107CB000FDFD09B0BDE8F04015F0D8BB017F2846B6
:107CC00015F016FDDDE7226A2978D2F8A00001F050
:107CD00003029DF818C000F0010EC1F3C0032CF0A0
:107CE0005F0C42EA8E02704601F0580E42EA0E0224
:107CF00042EA0C028DF81820520604D4E36893F887
:107D0000C83003F00103DB0001F0530143EA8003B4
:107D10000B432B70C5E70023A569E361B7E7E6686D
:107D20001F6896F8D8502169237A013D0A6A1031FC
:107D30008342EDB282EA07028CBF4FF0020C844608
:107D4000003B06924A6918BF0123032D0792D6E92A
:107D5000326721D8009332463B46CDE904C0124831
:107D6000405D0390FB20029006A80190002015F0D2
:107D700077FA7AE7606A14F099FD2946606A09B0DB
:107D8000BDE8F04015F0FCBA12F0FCFB89E740F2C8
:107D900087114720F8F7D0FB40F22C410620F8F776
:107DA000CBFB00BF900500210C33030170B53D4CA7
:107DB000022288B0636822701B7A002B38D1237DA1
:107DC000023B012B1AD80023A3626368A0691B7AC7
:107DD0002BB3616A15F010FB237A03F0FD03012B2E
:107DE00024D1236A93F8B030033B012B94BF2820A1
:107DF000002008B0BDE8704014F036BE206A20F0C4
:107E000025FE0346A0620028DFD0226A2030D2E996
:107E10002812C3E9021263681B7A002BD9D114F02F
:107E200045FD237A03F0FD03012BDAD008B070BDC5
:107E3000606A14F03BFD226A237A92F81EC0216921
:107E4000BCF11B0F92F8B0000D6A01F1100138BFB0
:107E50004FF01B0C012B636800F1FF308CBF022632
:107E600001261B68C0B283EA050314BF0125002563
:107E7000032806934B690793D2E928230DD8009570
:107E8000094D0496285CCDF808C0039006A801901F
:107E90000120059015F0E4F991E740F22C4106200D
:107EA000F8F74AFB900500210C33030110B5104C84
:107EB000A06A20B1216A20F0D6FD0023A362E36905
:107EC0000BB10023E36194F84030022B03D194F806
:107ED0004400C30708D514F0B1FB002384F84030F8
:107EE00015F0C4FA94F84400A36CBDE8104018479C
:107EF0009005002110B5134C94F84430A06A43F06B
:107F0000010384F8443020B1216A20F0ACFD002345
:107F1000A362E3690BB10023E36194F84030022BC4
:107F200003D194F84400C30708D514F087FB00235D
:107F300084F8403015F09AFA94F84400A36CBDE838
:107F4000104018479005002170B55F4C82B0237D2A
:107F5000032B00F08780E269002A00F0A880012B43
:107F600006462ED10025E561002E3AD1237A002B5A
:107F70004BD194F84030022B00F08180A06A90B180
:107F8000216A20F070FD0023A362E369002B00F05A
:107F90009880002294F84030E261022B03D194F8DB
:107FA0004400C30708D514F049FB002384F840308F
:107FB00015F05CFA94F84400A36C02B0BDE8704080
:107FC0001847A36D0025226D616DE0689A1841EB9A
:107FD000E37300F1C801009121F09DFBE561002EE3
:107FE000C4D094F84430A06A43F0010384F84430CC
:107FF00030B1216A20F037FDE369A56203B1E56184
:1080000094F84030022BCAD0CDE7032B18D0012BB7
:1080100052D1217D236A0329626893F8B01014BFFE
:10802000987F0820127A00EB8200C0B213F0C4FFE0
:10803000FFF7BCFE94F84030012B2FD002B070BD8A
:1080400094F84030022B99D1204814F0AFF8E3683F
:108050003046E16A93F8D82014F094FAA06A002818
:1080600093D08DE7A06A20B1216A20F0FCFC0023A8
:10807000A362E369002BC3D00023E361C0E7134888
:1080800014F094F8236A0120E16A93F8B02014F008
:1080900079FAA06A00283FF478AF71E713F066FF21
:1080A000E36A0222034484F84020E362C6E74FF407
:1080B0003B714720F8F740FA40F21B314720F8F7B0
:1080C0003BFA94F8403068E790050021C005002194
:1080D0002DE9F04F054685B0002800F08A80B24CAB
:1080E0000F46A06A002800F0038100F1200394F8F5
:1080F00008901E78B9F1010F93F801B040F2A98001
:10810000B9F1020F00F002814FF000082A464FF04B
:10811000080A464663681B7A002B40F0BD8019F0C0
:10812000FD0900F0D28013F0AFFEE36D014620663A
:108130004FEA4810002E58D1002D52D0A56A002DCC
:1081400000F03881D4F864C04AEA0000226D40F0A3
:10815000100012EB0C022A61626D42EBEC726A6154
:10816000B4F86820003A18BF01222A769847A36A1B
:10817000002B00F04E81226A1E70D16B5E709E70E3
:10818000DE70002900F00981116C0B60136492F815
:108190003930002B00F0FB800023A362002F40F059
:1081A000CE80237A012B00F0D580022B00F0A68030
:1081B000002B40F02981E368FF2093F8D81013F0DA
:1081C000FBFEFFF749FD94F84030012B06D1E16A30
:1081D0000222236E84F840200B44E36205B0BDE820
:1081E000F08F256A6A6F01326A674AEA0000984791
:1081F000D4E76D4C237D032B00F09F80226AD36E61
:108200000133D366E66D13F03FFE01462846B047C2
:10821000A06A20B1216A20F026FC0023A362E36952
:108220000BB10023E36194F84030022B03D194F8A2
:108230004400C30708D514F001FA002384F8403045
:1082400015F014F994F84400A36C05B0BDE8F04FA4
:108250001847E268C6F3C005236A92F8C88093F80D
:10826000A03088EA9608C6F3801603F0010308F0F0
:10827000010885EA0302ED1A86F00103B5FA85F5D7
:108280001A404FEA551535D0636800264FF0880A2A
:108290001B7A002B3FF443AF4FF00009019215F019
:1082A0000DF9831E019ADBB2012B48D92A40BBF19C
:1082B000000F0CBF002202F0010212B1002800F0F2
:1082C0009880237A13F0FD0F03D113F02BFEC4E93D
:1082D000140113F0D9FDE36D01462066B9F1000FDA
:1082E0003FF426AF50469847A06A002892D196E7FF
:1082F000A369FCE61A464FF0080A0BE794F84030F1
:10830000022B5FD0A06A002884D188E79DF80C304A
:1083100006F03F0623F03F031E43237D032B8DF819
:108320000C60F6B22AD016F0200922D14FF0080ACC
:1083300063681E7A9EBBB046C7E7402562E794F8A3
:108340004430A06A43F0010384F8443000287FF4ED
:1083500061AF64E794F84030022BD3D1134813F097
:1083600025FFE368E16A384693F8D82014F00AF94B
:10837000C8E74FF000094FF00C0AD9E706F00306F2
:10838000032E2CD14FF040094FF0480AD0E7206A65
:10839000074931301DF02CFBFEE6D363F6E632468A
:1083A00035460026B04679E790050021C00500213A
:1083B000258B0201226A126E002A7FF416AF4AF062
:1083C000100A12E7154813F0F1FE226AE16A012053
:1083D000236E92F8B020194414F0D4F892E794F880
:1083E000443043F0010384F8443000287FF412AF96
:1083F00015E794F84430A06A43F0030384F844304E
:1084000000287FF407AF0AE74FF435714720F8F7EB
:1084100093F8B3214720F8F78FF800BFC00500217B
:10842000024A936D03449365704700BF9005002195
:1084300010B5064C07F010FCA06107F011FC044ACF
:1084400000236062E26684F8403010BD9005002190
:1084500048870001034B0246D86EDA65996414F030
:108460000FBA00BF90050021024B002283F8402084
:10847000704700BF900500212DE9F043424C83B0C6
:1084800015466366BDF82C302272A4F868309DF85A
:1084900030300A9E2375A6659DF83460DDE90E3202
:1084A000C4E914012262109A1199E26094F8402004
:1084B00021610021022A636084F844101BD1032D3E
:1084C0005CD8DFE805F00B020B02FFF7C5FB207A52
:1084D000012808D9012003B0BDE8F083FFF766FC4E
:1084E000207A0128F6D8C30744D4E36893F8D8105B
:1084F00014F014FBEEE7186813F006FF304613F093
:108500000DFF6368586814F0B5F9E36893F9D90072
:1085100013F0F4FE237A03F0FD03012BD4E9146772
:1085200014BF4FF001094FF0000912D1E368FF209A
:1085300093F8D880414613F03FFD32463B4648460B
:10854000CDF8008014F078F90028B8D103B0BDE868
:10855000F083217D236A0329626893F8B080127A40
:108560000CBF0820987F414600EB8200C0B213F098
:1085700023FDE2E7236A93F8B010B9E740F27331C4
:108580004720F7F7D9FF00BF90050021074B0021D6
:108590001A7883F84010022A00D07047D3E91421DA
:1085A000801841F1000114F01DBA00BF90050021B0
:1085B00010B5134C94F84430A06A43F0010384F8DA
:1085C000443020B1216A20F04EFA0023A362E3690F
:1085D0000BB10023E36194F84030022B03D194F8EF
:1085E0004400C30708D514F029F8002384F840306C
:1085F00014F03CFF94F84400A36CBDE81040184709
:108600009005002130B4D2E900540D4AC2E90B05AF
:108610005568012095F808C082F838104FF4807131
:1086200082F840009187997F93F8B00001EB8C03AA
:10863000546382F83900DBB230BC5387704700BF07
:108640009005002130B592F808E093F80EC0546808
:1086500015680CEB8E0C0D4A4FF0000E5FFA8CFC87
:1086600082F838100121A2F83AC082F8401093F83D
:10867000D81093F9D930D06282F83DE082F83910F1
:1086800082F83C30C2E90C5430BD00BF9005002197
:1086900070B4D2E9006593F9D9C0903093F8D8202E
:1086A0000E4B0F4C33F8123003F5FA73A4FB03435F
:1086B000FF2400EB93100B4B83F83810002183F854
:1086C0003920022283F83CC05C8783F83D1083F890
:1086D0004020D862C3E90C6570BC7047583503016F
:1086E000D34D62109005002110B59DF80840DCB90B
:1086F00093F81EC093F8B0E0137A14680CEB830C67
:1087000052680B4B5FFA8CFC83F838104FF4807181
:108710005A630222D8621C6383F839E0A3F83AC096
:10872000998783F8402010BD4FF0080CE2E700BFA6
:1087300090050021034B986A08B120307047986972
:10874000704700BF90050021AD7E0001D18000017F
:10875000497F0001F57E000138B50C460C21054625
:10876000F8F7BCFB10B12060002038BD0B21284673
:10877000F8F7B4FB08B10C2038BD09212846F8F7FA
:10878000ADFB0028EFD1022038BD00BF38B50C4644
:108790000B210546F8F7A2FB10B12060002038BD80
:1087A0000C212846F8F79AFB08B10C2038BD0921A6
:1087B0002846F8F793FB08B1B830EEE7022038BD41
:1087C00040F21131062008B5F7F7B6FE26211A202F
:1087D00008B5F7F7B1FE00BF38B505460C4691F86D
:1087E000FB3113B191F805328BB9002D52D02B78A3
:1087F00073B194F8F0319BB304F1B80020F0E5FFB9
:10880000002100220023C4F8A811C4E9682338BD60
:1088100094F8F2316BB90221B4F8AC01F8F75EFBC1
:1088200038B104F2152100F58E7021F079F8002896
:1088300040D0B4F8B0010921B4F8AE41F8F764FBB8
:10884000002844D1D5F89C30002BE0D108212046E7
:10885000F8F75AFB0028DAD07C211A20F7F76CFED3
:1088600094F8F23103F0FF017BB9B4F8AC01F8F7EA
:1088700035FB50B104F2152100F58E7021F050F84F
:1088800018B92E211A20F7F757FE4FF6FF73A4F8F8
:10889000AC31B1E794F8F23173B90221B4F8AC010C
:1088A000F8F71CFB40B104F2152100F58E7021F0A1
:1088B00037F808B9FFF78AFF0921B4F8B001F8F7D3
:1088C00023FB0028A3D051211A20F7F735FE63219E
:1088D0001A20F7F731FE00BF70B5002800F098802D
:1088E00004460B46002200F80D2C0A206FF4FE759A
:1088F00004F89A2C66198A701870082134F84D2CE7
:1089000034F84F0CA3F8032096F806225A71F8F7B2
:10891000E5FA054614F8023CA3B9C5B12B785BB360
:1089200014F80D3C002B4ED06FF4A273E0185D3CA0
:1089300020F04BFF002100220023C6F8A811C4E953
:10894000002370BD237A002BFBD1002DE6D114F853
:108950000B3C002B51D10221B6F8AC01F8F7BEFA5E
:1089600000284AD004F1180100F58E7020F0D8FFDD
:10897000002842D1FFF72AFF14F80B3C6BB9022103
:10898000B6F8AC01F8F7AAFA38B104F1180100F50D
:108990008E7020F0C5FF0028ECD00921B6F8B00198
:1089A000B6F8AE41F8F7B0FAB8BBD5F89C30002B5A
:1089B000C7D108212046F8F7A7FA0028C1D07C21AA
:1089C0001A20F7F7B9FD14F80B3C03F0FF017BB94F
:1089D000B6F8AC01F8F782FA50B104F1180100F5CD
:1089E0008E7020F09DFF18B92E211A20F7F7A4FDF4
:1089F0004FF6FF73A6F8AC3196E70921B6F8B0013F
:108A0000F8F782FA00289CD051211A20F7F794FD3C
:108A100040F281111A20F7F78FFD63211A20F7F732
:108A20008BFD00BF10B54FF408720021044618F00A
:108A300065FA4FF6FF724FF096132046A4F8AC216A
:108A4000C4F8B4311FF0EDFF04F1B800BDE81040E8
:108A500020F0A4BE38B500250446282200F5E470B5
:108A60002946C4F8A050C4F8A450C4F8A850C4F8CB
:108A7000AC50C4F88051C4F88451C4F88851C4F88B
:108A80008C5118F03BFA84F8F25184F8F1512046E9
:108A90001FF0C7FF04F1B800BDE8384020F07EBEEB
:108AA00010B50C4601F1B80020F098FE2046BDE854
:108AB00010401FF0E8BF00BF90F8F23123B9022147
:108AC000B0F8AC01F8F70ABA0020704790F8F2311C
:108AD00003F0FF011BB9B0F8AC01F8F7FFB90020B3
:108AE000704700BF38B528B390F88E3004462E2B5F
:108AF0001ED142B92F2380F88E3094F9CE30002B4E
:108B00001CDB002038BD1F230D4680F8122180F8A1
:108B10001331362380F88E300029EED00821B5F8C5
:108B2000AE01F8F7DBF968B12946FFF755FEE4E737
:108B30000C2038BDD1211A20F7F7FEFCF8211A20AD
:108B4000F7F7FAFCF3211A20F7F7F6FCF8B500283E
:108B500000F0F58025236FF4F9720C4607460B7080
:108B60008518437A0821E370B5F8B03195F898215B
:108B7000A380627295F89931A37295F89A31E372E5
:108B800095F8B9312375B5F8AE01F8F7A7F995F85E
:108B9000FC310646002B79D1002800F0D480D5F8AE
:108BA000BC206B69017822F07F4223F07F430029CB
:108BB00076D1C3F3072123731B0CE2736173A37394
:108BC000C2F30723120C2374627495F8B030013B92
:108BD000DBB2032B00F2B1805D4AD35CA37495F83D
:108BE0009031013BDBB2032B00F2A780D35CE3742E
:108BF000EB7F637595F8C730A375AA7FAB8BA4F89C
:108C0000192095F8C6206384B5F8C430A4F81B2059
:108C1000A38495F8253095F8242084F82730D5F8DA
:108C2000CC3084F8262023F07F4395F8262084F862
:108C3000282084F82930C3F307221B0C84F82A204B
:108C400084F82B30337C434AA371737CE371B37C8B
:108C50002372B6F81530A4F81730736895F89C1194
:108C6000A2FB032395F89E21E1779B0A95F89D11BD
:108C700084F82120A4F81D30012395F82C2084F8D5
:108C8000201084F82C2085F86331F8BD10B10378EA
:108C9000012B43D029463046BDE8F840FFF79CBD84
:108CA000C2F307212273120CE3736173A273C3F33F
:108CB00007221B0C2274637495F89031013BDBB2E0
:108CC000032B3AD8224AD35CA37495F8B030013B09
:108CD000DBB2032B31D8D35CE37495F8C7306375EE
:108CE000EB7FA37595F8C6206B6AB5F8C410A4F89D
:108CF000192023F07F43AA7F6184A4F81B20AA8B4C
:108D0000A28495F8CC2084F8262095F8CD2084F80C
:108D1000272095F8CE2084F828208AE717F8033C0E
:108D2000002BB7D0162307F10A000B4985F806324D
:108D30001CF05BFE4423E370ACE7FFF741FDFF212D
:108D40001A20F7F7F9FB40F213111A20F7F7F4FB9A
:108D5000103303015917B7D1D9880001F0B583B09A
:108D6000002800F01481A0F226239A7B2E2A40F0DE
:108D7000C1800C46A0F5CA7241F61071118093F9BA
:108D80004E203621002A9973C0F20681A0F2A62057
:108D9000D0F81C71002F00F003816FF405730022DE
:108DA0000821FD18102385F8C821252285F8FC31FB
:108DB000E370227095F89831B5F8B021637295F898
:108DC0009931A280A37295F89A31E37295F8B9317E
:108DD0002375B5F8AE01F8F781F895F8FC31064631
:108DE000002B78D1002800F0E280D5F8BC206B6918
:108DF000017822F07F4223F07F4300297DD0C2F327
:108E000007212273120CE3736173A273C3F3072269
:108E10001B0C2274637495F89031013BDBB2032B79
:108E200000F2C380644AD35CA37495F8B030013B70
:108E3000DBB2032B00F2B980D35CE37495F8C73042
:108E40006375EB7FA37595F8C6206B6AB5F8C410FF
:108E5000A4F8192023F07F43AA7F6184A4F81B2083
:108E6000AA8BA28495F8CC2084F8262095F8CD20F2
:108E700084F8272095F8CE2084F8282084F829301B
:108E8000C3F307221B0C84F82A2084F82B30337C90
:108E90004A4AA371737CE371B37C2372B6F8153030
:108EA000A4F81730736895F89C11A2FB032395F87A
:108EB0009E21E1779B0A95F89D1184F82120A4F862
:108EC0001D30012395F82C2084F8201084F82C20E4
:108ED00085F863310BE030B10378012B03D117F82B
:108EE000253C002B48D129463046FFF775FC04206D
:108EF00003B0F0BD002003B0F0BDC3F3072123731E
:108F00001B0CE2736173A373C2F30723120C237467
:108F1000627495F8B030013BDBB2032B45D8264A8A
:108F2000D35CA37495F89031013BDBB2032B3CD8A2
:108F3000D35CE374EB7F637595F8C730A375AA7FA4
:108F4000AB8BA4F8192095F8C6206384B5F8C4301B
:108F5000A4F81B20A38495F8242095F8253084F8E4
:108F6000262084F8273095F82620D5F8CC3084F8D0
:108F7000282023F07F4381E71623A7F1180010492A
:108F800085F806321CF031FD4423E370ABE740F274
:108F90005B111A20F7F7D0FAF8211A20F7F7CCFA6C
:108FA0004FF4B9711A20F7F7C7FAFFF709FC40F23E
:108FB00013111A20F7F7C0FA103303015917B7D16C
:108FC000D988000140F24521062008B5F7F7B4FA28
:108FD00040F24521062008B5F7F7AEFA2DE9F04F2B
:108FE0008446884685B01146002A5CD040F2E242B1
:108FF00002FB03F30F9A002A5CD040F2E9394FF4E8
:109000007A720124CDF80CC0A3FB09790E9B88F875
:109010000040A3FB02B61BF1FF3046F1FF353B18C1
:10902000A1FB077A019301FB09AA49EB05093B184B
:109030004AEB050A029307E098F800400134E4B2D5
:109040000F2C88F800405AD85A46334601984946B2
:1090500017F022FE07460D465A46334602985146FF
:1090600017F01AFE01384FEA85024FEA870361F1D3
:10907000000142EA9772DB1945EB0205C01822464F
:109080004FF0000341EB0501001941F1000117F019
:1090900003FE0230FB28CFD8DDF80CC0ACF800008E
:1090A00005B0BDE8F08FACF8002088F8002005B0CE
:1090B000BDE8F08F01F1FA00134AA2FB00200E9ADE
:1090C000541E1C44B4FBF2F401EBD012C009013A67
:1090D000B2FBF0F292B2FB2A28BFFB225318ACF885
:1090E0000020013BB3FBF2F39BB204FB03F30F2B15
:1090F00028BF0F2388F8003005B0BDE8F08F4FF48B
:1091000082611120F7F718FABFBF8C822DE9F04178
:10911000847B002C7FD0424B002201461D68944680
:10912000C2EBC20391F819808E7E00EB430318F066
:10913000040F06F00407B3F815E0B3F817302AD18E
:1091400018F0010F04D118F0020F44D1FFF73AFFD5
:109150005FFA8EFE77BBF70735D4C6F340060EF1F3
:109160000E0EDBB276004FEACE0EF6B2002EEDD038
:109170009B003C33734401320E7C0E3103F5977330
:10918000AB4238BF2B46A24206FB03CCC8D1ACF1A0
:109190009600BDE8F0815FFA8EFEDBB24FEA8E1ECC
:1091A0000EF5747E5FB9F70712D4C6F34006760059
:1091B000F6B2DBE70EF10E0EDBB24FEACE0E9B01EC
:1091C00003F57473D6E70EF10E0EDBB24FEACE0E46
:1091D000DB007033CEE75FFA8EFE9FB9F70709D444
:1091E000C6F340060EF10F0EDBB276004FEA8E0E8C
:1091F000F6B2BBE7DBB20EF10F0EDB004FEA8E0ECC
:109200007033B7E7DBB20EF10F0E9B014FEA8E0E03
:1092100003F57473AEE76FF09500BDE8F08100BF11
:10922000000600212DE9F843DDF8249099F800703C
:109230001F2F4AD01E467B1C0446884689F8003002
:109240001546FFF763FF089B98423CD8DDB1A37831
:1092500040F2E241627842EA0322B4F8093001FBAD
:1092600003F3E17842EA0142E17901FB03F3617B18
:1092700089BB9B1A0344B8F80A204FF47A7101FBAA
:1092800002F29A421FD31EB3637940F2E24122797F
:1092900042EA0322B4F8093001FB03F3A17942EA60
:1092A0000142217A01FB03F3617BB9B11A44024404
:1092B000B8F80C304FF47A7101FB03F3934202D3F8
:1092C0003046BDE8F88389F800700020BDE8F883D7
:1092D0000120BDE8F8831A441318CCE79B1A1A182A
:1092E000E6E700BF08B502F00FF9BDE80840FFF758
:1092F0009FB800BF0020704710B5A022002104468F
:1093000017F0FCFD02F008F9002324622065C4F880
:109310009C3010BD10B501F120000C461DF0E8FB9B
:10932000D0B92278D4F89C30012A01D0C3B910BD3D
:10933000002BFCD01A68092133F8610CC4F89C207A
:10934000F7F7E2FD20B9D4F89C30002BF2D110BD24
:109350004D211120F7F7F0F842211120F7F7ECF832
:1093600055211120F7F7E8F8054B984205D800F58C
:109370003473044A0020136070471220704700BF06
:1093800000093D001400002110B5002382B008221E
:109390000446CDE900338DF8062003E0009B1B7DD9
:1093A000A34208D06846F7F7D3FD0028F6D04FF661
:1093B000FF7002B010BDBDF8040002B010BD00BFC8
:1093C000D0F89C0050B16FF40473184490F8B83191
:1093D0008B4203D0D0F811020028F4D1704700BFAF
:1093E00070B50468FCB115466FF405720E4614445E
:1093F00094F8B831AB4209D0D4F815429CB16FF45F
:1094000005731C4494F8B831AB42F5D10821B4F887
:10941000AE01F7F763FD0028EED0037DB342EBD138
:10942000B4F8B00170BD4FF6FF7070BD2DE9F04F7C
:1094300085B0002800F0E9816FF43B7805460F46BF
:109440008044D8F81C618EB16FF4057E0821764403
:10945000B6F8AE01F7F742FD15F86D3C027D9A4271
:1094600000F02C81D6F81562002EEDD108210DF107
:109470000A00F7F7BFFC0446002800F03681A0225E
:10948000002117F03BFD04F1200602F045F800230F
:1094900020653046C4F89C30246208F053FD092151
:1094A00003A8BDF80AA0F7F7A5FC8146002800F044
:1094B0009181FFF7B7FAA9F8AEA1BDF80C30B8F862
:1094C0000020A9F8B031A9F8B830A9F8103001236C
:1094D000A9F8AC2189F8C831EFF3108172B66FF4A6
:1094E000E87209F21526AB181A68C9F815221E6031
:1094F00029B962B6D8F81C61002E00F081816FF4A2
:1095000005731E4415F86DCC40F2E24284F814C095
:1095100035F8543C02FB03F3636015F856EC84F80D
:1095200015E015F8559C84F8169015F8642C15F87C
:10953000651C15F8610C41EA022115F8632C02F054
:109540000F0241EA024115F8622C42EA002215F8A6
:10955000600C00F00F0042EA004215F8680CA160B0
:10956000C0F3C0102367E260E07515F86B4C14F08F
:10957000040F40F0428114F0010A04D1C4F3400406
:1095800064005FFA84FA86F8B0A015F86A4C14F00B
:10959000040F40F02F8114F0010A04D1C4F34004F9
:1095A00064005FFA84FA86F890A115F8664C15F805
:1095B00051BC04F00F0415F868AC00940AF00F0ACF
:1095C00015F8524C44EA0B2415F84EBC019415F8DA
:1095D0004F4C44EA0B2415F869BC4BEA0A2B15F8EA
:1095E00067ACA6F81CB0DDF800B04AEA0B2ADDF83B
:1095F00004B0A6F8C4A015F850AC4BEA0A4AC6F865
:10960000A4A115F84DAC44EA0A4415F859ACC6F8C3
:10961000A04115F85A4C15F84BBC44EA0A2415F839
:109620004CAC4AEA0B2AA6F8B2A115F858AC44EAA9
:109630000A44C6F89C4115F86C4C86F8B84115F8F8
:109640005BAC86F82C0086F8B9A186F8D40015F832
:10965000570CC0F30300F07715F8570CC6F8CC2070
:10966000C0F303107162B36286F8C700C6F8D03049
:1096700035F85F3CB37735F85D3C86F8C99086F8DD
:10968000C63086F821E098F89320B6F8AC3186F819
:10969000C421D8F82820C6F8C021B8F82620A6F89A
:1096A000BA21B6F8B021A7F803300423A7F80520A3
:1096B00026223C7287F807C03A701FE0D0F89C3031
:1096C000044623B36FF4047C15F86C1C634493F8D0
:1096D000B8218A4209D0D3F81132C3B16FF40470B3
:1096E000034493F8B8218A42F5D10722002140466D
:1096F000FFF7F8F90346002840F08B80002210465F
:1097000063F3070062F30F2005B0BDE8F08F40F26D
:10971000E24235F8543C02FB03F362689A42E4D11A
:10972000627D15F8563C9A42DFD1A27D15F8553C72
:109730009A42DAD115F8682CE37DB3EBD21FD4D16D
:1097400015F8642C15F8653C43EA022315F8632CE0
:1097500002F00F0243EA0243A2689A42C5D115F80B
:10976000612C15F8623C43EA022315F8602C02F0E4
:109770000F0243EA0243E2689A42B6D1092103A8E4
:10978000B6F8AE91F7F736FB06460028ADD0FFF7E6
:1097900049F9A6F8AE91BDF80C30B8F80020A6F84B
:1097A000B031A6F8B83033820123A6F8AC2186F890
:1097B000C831EFF3108072B66FF4E87106F215232A
:1097C0006A181168C6F81512136000287FF49AAE63
:1097D00062B697E630461DF08BF9F8B90821BDF85E
:1097E0000A00F7F791FB00283FF47FAFCB2111204F
:1097F000F6F7A2FE4FF0040AD5E64FF0040AC2E6DF
:1098000040F231111120F6F797FEF8211120F6F7FA
:1098100093FE4FF4B1711120F6F78EFECA2111208C
:10982000F6F78AFE01FB02F2009910B10B4498187A
:109830007047CB1A98187047014B1860704700BFEB
:1098400000060021044B1B68002B18BF83420CBF8D
:1098500001200020704700BF00060021024B18685D
:10986000003818BF0120704700060021A1F1030C49
:10987000BCF1010F38B5BDF81450BDF818402AD915
:1098800001291ED0022932D10F308000D91E0129B2
:109890001DD9012B23D0022B29D10F3292000DB3F9
:1098A00004B304994319481C12490233400809685B
:1098B00013448842234438BF0846984238BF1846AC
:1098C00038BDD91E0E3001294FEAC000E1D89201FF
:1098D00002F57472E3E7800100F57470D6E70E328A
:1098E000D200DCE740F226211120F6F725FEFFF733
:1098F00069FB00BF000600212DE9F04F8FB00C4638
:1099000005460893037803920B7083784278417977
:1099100042EA0322037943EA0123C1786270E170CD
:1099200042EA0141120AA27082792371A27143EACC
:1099300002421B0A637140F6C313994240F2CE8083
:10994000964BA3FB013140F6C3139A424FEA91278D
:1099500000F2CA80039A089B9A4200F0F981002B1A
:1099600000F0D780687A002800F02D83134601228A
:10997000002B40F0D882D31CB3FBF2F303FB02F2BE
:109980000023A4F80920E97961F30703297A61F338
:109990000F23A97B60F3174361F31F63C4F80B30F7
:1099A00093B248BB039890B1A07840F2E247667842
:1099B00046EA002690B207FB00F0E77846EA074641
:1099C000B0FBF6F706FB170008B10120607308989A
:1099D00090B1667992B2207940EA062040F2E246E0
:1099E00006FB02F2A67940EA0640B2FBF0F600FB65
:1099F00016220AB101226273002900F0C38005F12A
:109A0000100704F111064FF000090DF1300A54E07F
:109A100011F0010003D1C1F380018900C8B2307296
:109A20007979880758D411F0010003D1C1F380017E
:109A30008900C8B27072C9EBC90894F802C009F174
:109A40000109607804EB4808617B093740EA0C2083
:109A50000E360191E17840EA01400DF12F010090AE
:109A60005046FFF7BBFABDF830209DF82F30A8F81C
:109A7000152006F8043C60792179A37941EA002198
:109A8000B8F81320504641EA0341B4F80930009178
:109A9000617B01910DF12F01FFF7A0FABDF8302095
:109AA0009DF82F30A8F8172006F8033C5FFA89F3D9
:109AB000AA7B9A4268D9B4F8093017F8012C06F845
:109AC000022C3A68326092B239798807A0D5022018
:109AD000307279798807A6D50220ABE740F6C31328
:109AE00001279A427FF636AF2C4E0899A6FB023624
:109AF000039B8B424FEA962600F02B8151B1687A86
:109B0000002800F03782039B002B00F0B983324617
:109B100007E00126687A002800F03581039B3A4669
:109B2000CBB1BB1840F2E24C69894FF47A7E0CFB52
:109B300003F30EFB01F1F2338B4208D3032A06D95B
:109B40005208BB180CFB03F3F2338B42F6D2089B8E
:109B5000002B40F0E981032A7FF60DAFA4F809201D
:109B600093B2E979002261F30702297A61F30F22A7
:109B7000A97B60F3174261F31F62C4F80B20002930
:109B80007FF43DAF0DF1300A002326780C93CAF81C
:109B9000043008238DF8363007E000BF5917B7D1DD
:109BA0000C9B1B7DB34200F047815046F7F7D0F97C
:109BB0000028F5D0A67B0027B94B40F201121B68A4
:109BC000A4F80720002E00F09D80B4F8098040F230
:109BD000E242C6EBC60602FB08F804EB4601434529
:109BE00034BFA8EB0303002304932346DA7E0E332D
:109BF000987B824238BF024699429A70F6D120463D
:109C0000FFF784FA039BA3B1A278637843EA0223A7
:109C1000E27843EA0243627B002A00F07C814344FD
:109C200003446A894FF47A7101FB02F29A42C0F050
:109C30006E81089BA3B16279237943EA0223A2795A
:109C400043EA0243627B002A00F0698143441844DE
:109C5000AB894FF47A7202FB03F38342C0F0578161
:109C600004F11003AA462E464FF0000998460793C8
:109C70002346049D4446DDF820B09846B17B14F895
:109C8000010C002900F0BD8001EBC10133463144D5
:109C900003E00933994200F0B480DA7B8242F8D1C4
:109CA0009AF816C09AF81700237B2178002B00F051
:109CB000978098F80820B1FBF3FE01FB02F2013B0C
:109CC00003FB1E229042C0F28B805B46039A314612
:109CD0004046CDE90054FFF7A5FA09F1010998F8CB
:109CE0000E300E340AF1090A5FFA89F29342C5D8A0
:109CF00035461E4640464446FFF708FA0590002EBA
:109D000040F07781607B00B340F2E243B4F8092071
:109D1000A17803FB02F2637843EA0123E17843EA86
:109D200001439A4203DD039B002B40F0F08023792E
:109D30006079A17943EA002343EA01439A4203DDB3
:109D4000089B002B40F0E38000200FB0BDE8F08FAF
:109D50000126314638461BF0E5FF0246687A0028A6
:109D600039D1032A7FF607AEA4F80920EB79A97B45
:109D700063F307002B7A63F30F2093B261F31F6044
:109D8000C4F80B000EE6032F40F23181A4F80970ED
:109D9000EB79A97B63F307002B7A039A63F30F2017
:109DA000BBB261F31F60C4F80B00002A3FF424AE7D
:109DB000A2786078E67840EA022040F2E24240EA87
:109DC000064007FB02F2B2FBF0F600FB1622002A67
:109DD0003FF412AE0EE6039B002B3FF4B8AEA0E6B4
:109DE000E37A002B3FF479AF98F80720B1FBF3F04A
:109DF00001FB02F2013B03FB10239C45FFF66DAF14
:109E000063E7002F00F04A82D7F89C3053B16FF41B
:109E1000047C634493F8B821824208D0D3F811320D
:109E2000002BF4D140F2AD211120F6F785FB93F819
:109E3000D5C093F82D0037E7BDF834004FF6FF7317
:109E400098423FF4B7AE0821F7F748F8A67B0746DB
:109E500000283FF4B1AED0F89C30002B3FF4ACAEFC
:109E60006FF4047803EB080C9CF8B811002E7ED038
:109E7000C6EBC60004EB4000234602E00E339842D6
:109E800010D0DA7B8A42F9D1DCF81132002B3FF492
:109E900093AE6FF4047213F8591C03EB020CEBE75A
:109EA00014000021721C3346D6B2C3EBC30304EB8B
:109EB0004303D9739CF8B9211A74BCF8C420A3F8E1
:109EC0001120BCF81C20A3F813209CF8C620A3F88E
:109ED00015209CF81E20A3F817209CF89021D11E75
:109EE000012998BF04225A769CF8B020D11E01297E
:109EF00098BF04229A769CF8C720DA769CF81F2037
:109F00001A77A673DCF81132002BA9D154E6112080
:109F10000FB0BDE8F08FA8EB0303034481E6A8EB84
:109F20000308404494E61646931940F2E241032A9E
:109F300001FB03F394BF00270127F233A9894FF4F3
:109F40007A7C0CFB01F199423FF605AE002F3FF4FD
:109F500002AE40F2E24702E0032A7FF60CAD52085F
:109F6000B31807FB03F3F2338B42F5D2F3E5012676
:109F700000239AE741F287339A4240F27E81A4F8A7
:109F80000960EB79A97B63F307002B7A039A63F3EB
:109F90000F20B3B261F31F60C4F80B008AB1A2783E
:109FA0006078E77840EA022040F2E24240EA074067
:109FB00006FB02F2B2FBF0F700FB17220AB1012206
:109FC0006273324605E50422A0726272EB79A97BC6
:109FD00063F307002B7A63F30F20039B61F31F6089
:109FE000C4F80B00002B00F045811346DCE43A4630
:109FF000C1E4C6EBC603099608EB430B294623468A
:10A000004FF0010AAE7B93F80FC0002E00F00981DB
:10A0100006EBC6062A462E4403E00932964200F0BB
:10A020000081D07B6045F8D18A7D91F817E00292DB
:10A03000187F1A7C904237D2B0B394F808C0B2FBB4
:10A04000F0F90CFB02F8013800FB1988C6452BDB40
:10A05000607940F2E24694F804E0B5F80C804EEAEC
:10A06000002EB4F8090094F8069006FB00F04FF4B7
:10A070007A764EEA094E94F80D9006FB08F80CF13A
:10A0800001060CFB00000696B9F1000F00F0ED8010
:10A090007044059E3044804506D3BCF1FF0F03D0C9
:10A0A00006984FF0000A2072D87E824235D9A0B3BC
:10A0B00000F1FF3C029EB2FBF0FEE07900FB02F2F1
:10A0C0000CFB1E22964228DB6678A27894F803E007
:10A0D00046EA022840F2E246B4F80920B5F80AC080
:10A0E00006FB02F24FF47A7606FB0CFC48EA0E46B9
:10A0F00094F80DE000FB022200F10108BEF1000F10
:10A1000000F0AF803244059E3244944505D3FF28C9
:10A1100003D04FF0000A84F807800E3309319B45C5
:10A120007FF470AFBAF1000F3FF468AF099ECDF82D
:10A1300008A0A2463346DDF820B02E46002B40D0C2
:10A14000B146079C029D4FF00008B17B14F8010C4A
:10A15000002947D001EBC1013346314402E0093305
:10A1600099423FD0DA7B8242F9D199F816C099F82A
:10A170001700237B217833B39AF80820B1FBF3FE54
:10A1800001FB02F2013B03FB1E2290421BDB049AFF
:10A190005B463146504600920194039AFFF742F81D
:10A1A00080F001032B40DDB208F101089AF80E306F
:10A1B0000E3409F109095FFA88F29342C5D8002DDF
:10A1C000BCD054469EE5E37A002BEDD09AF80720E8
:10A1D000B1FBF3F001FB02F2013B03FB10239C45B2
:10A1E000E2DBD4E7002F59D0D7F89C30002B3FF4A6
:10A1F00019AE6FF404710B4493F8B82182420BD06E
:10A20000D3F81132002B3FF40DAE6FF404710B4400
:10A2100093F8B8218242F3D193F8D5C093F82D007A
:10A22000A7E7002F3AD0D7F89C20002A3FF4FAADD8
:10A230006FF40470024492F8B80160450BD0D2F874
:10A240001122002A3FF4EEAD6FF40470024492F83C
:10A25000B8016045F3D192F8D50092F82DE0029054
:10A26000E6E6921B059E32444FE7A0EB0E00059EEA
:10A27000304410E71346FFF7ACBB3246FFF77BBB19
:10A2800041F2873740F6C413BA4206FB03F3324665
:10A2900003F1F20394BF002701274FE640F2AB2100
:10A2A0001120F6F749F900BF8A7B5AB102EBC202CE
:10A2B0000A4401E0914205D0CB7B09318342F9D1B8
:10A2C000012070470020704710B48C7B84B10023BC
:10A2D00002E00133A34208D091F80FC00E3184454B
:10A2E000F7D10120137010BC7047002010BC7047DC
:10A2F0002046F8E7D0F89C30D0F894000BB11A68EB
:10A3000002B170476FF4047253F8751C134493F84C
:10A31000C720DB7F9A4238BF1A46012A134638BF4E
:10A320000123B0FBF3F303F50D738B42E9D2013A3D
:10A3300001FB02F2904288BF801AE2E7FEF738B9CB
:10A34000F8B5224D2B681C7834B15B6800205B089F
:10A35000984228BF1846F8BD9A6E9E6FB2EB060C65
:10A36000DA6EDB6F62EB03031CEB000643F10003C4
:10A37000012E73F1000224DB4FF0FF32B24274EB86
:10A38000030319DB61B164210224304614F06CF937
:10A390002B6820445B685B08984228BF1846F8BDCC
:10A3A0001AF061F92B680746112493F88A0006F029
:10A3B0007BFA391889B2E8E74FF4A5714220F6F725
:10A3C000BBF840F249114220F6F7B6F80406002126
:10A3D00070B50D4686B0044614F064FB95F8C7309E
:10A3E0000021EA7FD5F89C6193420291009138BF29
:10A3F0001346274A8DF80800013B1268059106FBB9
:10A4000003F3D2F89420934238BFD21A02F58D7329
:10A41000019304238DF809302378012BCDE9031132
:10A4200023D0257F06FB05F52846FFF789FFA36E9D
:10A4300000F1C9025030ED18E36E43F10003AD1A8C
:10A4400063F10002019B049503EB40030592019325
:10A45000694604F12800236615F058FB98B112F004
:10A460007BF915F035FB06B070BD02F5D57201928F
:10A4700014F016FBD5F89C311818019B41F100012E
:10A48000CDE90401E4E740F2F1514220F6F754F837
:10A490000406002140F2B711422008B5F6F74CF847
:10A4A000F8B50446000734D53A4F01230D46B86885
:10A4B0003B717B7190F8C831022B5AD014F0F0FA3E
:10A4C000BE6842F2107C2A46B6F8BAE10023EEFBE1
:10A4D0000C231218386843EB0103C6E9762303788E
:10A4E0008BB9D0F89C30027F002B50D053F8793CC8
:10A4F0002946D6F8985120305B1BD6F89C5105FBB5
:10A5000002321CF036FA210603D4BB68012283F81C
:10A51000C921E2061FD4A30600D4F8BD1D4CA368D0
:10A5200093F8C71003F5C070D3E9626502F0B4F880
:10A530002268A368117841B9D3E9620186428D414E
:10A5400003D25068FDF76CFFA368D3F87021013A7D
:10A55000C3F87021F8BD0F4DA868C17FA03002F08C
:10A560009BF8AB680022196E83F8C92161B12A7388
:10A57000D1E70323084900F2F31000F82B3C002335
:10A5800043721BF032FA99E701232B73C3E7FFF7FD
:10A5900081FF00BF040600214D8B000140F2B44151
:10A5A000422008B5F5F7C8FF10B504460068052934
:10A5B0002ED8DFE801F01B280F092D03174B1B686D
:10A5C000BDE810401B691847144B1B68BDE81040DC
:10A5D0005B69184700230178037769B11946203079
:10A5E00007F0CEFD638F013B638710BD0B4B1B68EB
:10A5F000BDE810409B681847203007F0DDFD638FF1
:10A60000013B638710BD40F2C2514220F5F794FF31
:10A6100040F2C5514220F5F78FFF00BFD010002156
:10A6200038B50378044613BB056F14F0D9F8D4F895
:10A630009C30C3B16FF40472134493F8C821022A0A
:10A6400013D00CD9032A14D184460C46E5FB02C46E
:10A65000D3F8D8219445D3F8DC21944105D2D3F81E
:10A660001132002BE6D1022038BD012038BD856FA4
:10A67000DBE74FF49E714220F5F75EFF70B5D0F82E
:10A680009C400546FCB16FF404731C44D4E9782364
:10A6900094F8C9E004F1B800023294F8C7C043F15D
:10A6A0000001B2EB0E0261F10001A2FB0C230CFBD6
:10A6B0000133002B01DA0022134613F085F8D4F899
:10A6C0001142002CDFD1002605F120042E77204610
:10A6D0001CF09AF92B7848B920461BB9BDE87040A8
:10A6E0001CF0CDB9BDE870401CF0B9B9012120467D
:10A6F0002E771BB9BDE8704007F05EBDBDE8704025
:10A7000007F03EBDFFF7BABF10B590F8901190F872
:10A71000C441CA1E90F8C630D2B2ACB1012A3DD9AC
:10A7200001294FD0022967D190F8B0100F33827FF2
:10A73000CC1E9B00012C3AD8B0F8B4019201184409
:10A7400002F57472104410BD012A13D901293FD0BB
:10A75000022951D190F8B0100B33827FCC1E9B00A0
:10A76000012C10D8B0F8B4019201184402F53472EB
:10A77000104410BD9B01827F90F8B01003F5347334
:10A78000CC1E012CEED901292FD0022934D1B0F8EA
:10A79000B401920018442C32104410BD9B01827FFA
:10A7A00090F8B01003F57473CC1E012CC4D90129A4
:10A7B00014D0022920D1B0F8B401920018443C32E0
:10A7C000104410BD0E33827F90F8B010DB00EBE731
:10A7D0000A33827F90F8B010DB00D1E7B0F8B40103
:10A7E000D20018447032104410BDB0F8B401D20049
:10A7F00018445032104410BDFEF7EAFB784B8446F3
:10A800001A68986870B5117E137F012966D00133EC
:10A8100090F8B911DBB299422DD8D0F8113243B378
:10A8200013F8491C6FF4047001291844A1F10204C3
:10A830003FD0012CF1D813F8203C03F0FF01002B8E
:10A84000EBD1B2F95A30B2F85A40B0F9D221A0F89F
:10A85000D2419B1AD0F8E0219BB2D218D0F8E43153
:10A8600043F10003C0F8E021C0F8E4318CF8001097
:10A8700070BD002070BDC17F49B1D0E92A54D0E934
:10A880007861AE42A14102D38CF8003070BD90F8DF
:10A89000C71031B1D0E96254D0E97861AE42A1412C
:10A8A000F2D211780129B8D190F8C9110029B4D198
:10A8B000EAE711780029B0D1B2F85A100225B0F8B1
:10A8C000D441091B0904A8D4D0F8E01180F8C8517C
:10A8D0000631A0F8D241C0F8D411ACE70028C8D0A6
:10A8E00000244FF0020ED0F8110230B36FF404755B
:10A8F000284490F8C81101292FD002390129F2D833
:10A9000090F8F1110029EED1002B51D0C17F002920
:10A9100037D0D0F8E051D0F8A860D0F8AC10B542EC
:10A92000D0F8E45175EB01012BD390F8B91199429D
:10A93000AAD8D0F811020028D8D1002C99D1D2F889
:10A940009C00002895D06FF4047101330124084461
:10A95000DBB290F8C8110129CFD111780029C2D1FA
:10A96000B0F8D451B2F85A10491B0E04BBD4D0F839
:10A97000E011A0F8D251063180F8C8E1C0F8D41136
:10A98000BEE790F8C71059B1D0F8E051D0F888610F
:10A99000D0F88C11B542D0F8E45175EB0101C4D266
:10A9A000117801299FD190F8C91100299BD1BCE7EA
:10A9B000B2F85A40B0F9D211B2F95A20A0F8D241F7
:10A9C000521AD0F8E01192B28918D0F8E42142F17D
:10A9D0000002C0F8E011C0F8E4218CF8003070BD2E
:10A9E000040600212DE9F04FCD4D8FB0D5F8008041
:10A9F000A860D8F89C3098F81C60002B00F0F58116
:10AA0000D0F89C21044653F8793C0F4602FB06F629
:10AA1000D0F89821B61A1E44FFF776FE2B69304411
:10AA2000984202D9002F00F05C8198F8003020464F
:10AA3000002B00F05B81FEF749F88046002800F00B
:10AA4000DB812B6808F1960094F8CF211F7FD4F8A2
:10AA5000E09101371FFA89F3FFB2BA4205D194F8A9
:10AA6000D011DAB2914200F09281009704F5E571BD
:10AA7000D4F8BC211AF05AFB824684F8CF7184F8CE
:10AA8000D09184F8CE010D21B4F8AC01F6F726FA86
:10AA90000746002800F0318194F8900110F05EFD27
:10AAA00007EB400797F9193084F8913104F1A001C0
:10AAB0002B68204604F1B80B1B7F009394F82130DB
:10AAC000E27F01F03DFD2B68287304F5C0711B7F08
:10AAD0002046009394F8C77094F8C9303A4601F0C4
:10AAE0002FFDD4F8E011D4F8E4315846013143F198
:10AAF0000002A1FB071307FB02334A1E63F10003A8
:10AB00001EF006FE2F68D4F89C313A7FE17F03FBEC
:10AB100002F294F8C730002900F0F280D4E92A1E2E
:10AB2000D4E97809002B00F02381D4E962C36045A1
:10AB300079EB0303C0F03081884279EB0E0EC0F050
:10AB40004281A0EB010CBCF1FF0F00F250817B6849
:10AB500003FB0C2CCCF100030A9300230993D4F8D7
:10AB60008831C01AFF2800F24281D4F8983139693F
:10AB7000A3EB01097B68A9EB020903FB10990023F1
:10AB8000297930466B71FFF7DBFB2B680B901A7845
:10AB9000012AD3E91A7100F0D680BF1941F10001F2
:10ABA0003F1A61F10001B4F8B40108F1E808089116
:10ABB00011F024F92A683846099F12780297002775
:10ABC000059404F5DE740A9B04940899CDF80CA052
:10ABD000CDF800900197CDE906B8FDF74DFC04468D
:10ABE00000287ED02B681B78012B00F0D380AF6843
:10ABF00097F8B00012F07EFA97F8B010494A0B9B14
:10AC000052F8212048495B0002F2E732A1FB021210
:10AC100003EB92131844FDF7B9FC0DF13700FFF771
:10AC2000EDFD074600285DD0D5F800A09DF83790CF
:10AC3000DAF89C30002B00F0D88053F8792CD0F84B
:10AC40009C3103FB09F8D0F89831A8EB0308904435
:10AC5000FFF75AFD2B694044984243D89AF80030D8
:10AC600038466F61002B00F0A580FDF72FFF00280C
:10AC700000F0C28009F10109A8EB060897F8CF217E
:10AC800096305FFA89F6D7F8E091B2421FFA89F35D
:10AC900005D197F8D011DAB2914200F0A380D7F82D
:10ACA000BC2107F5E57100961AF040FA87F8CF61EC
:10ACB000064687F8D09187F8CE012B681B78012BC8
:10ACC00000F087806421404613F0CEFC023031460C
:10ACD0003B4680B207F5DE72A8EB0000FDF792FC60
:10ACE00000E0002420460FB0BDE8F08FFDF7E4FE41
:10ACF000804600287FF4A5AE61E098F97C30D3E669
:10AD0000A3B1D4F8E0010A91D4E962C36045D4F854
:10AD1000E4C17CEB030349D3022309931FE700BF7F
:10AD20000406002144350301D34D62100A93022327
:10AD3000796809933869D4F89831A3EB0009A9EB35
:10AD4000020989441BE794F8902190372C4B41F17C
:10AD50000001BF1933F812302A4A41F1000103F50E
:10AD6000FA73A2FB03239B09DF1941F100011AE7E3
:10AD7000884279EB0E0ED9D3401AFF2837D879686C
:10AD800000FB012043420A9301230993D2E794F880
:10AD9000CEA178E638463EE7884279EB0E0EEBD23C
:10ADA000022000237968CDE90903C3E7022379680B
:10ADB0000993BFE7FDF780FE00287FF45BAF8B218E
:10ADC0004220F5F7B9FB4FF0020C0023CDE909C38F
:10ADD000C5E607F1B80307F5DE7231464046FDF7D8
:10ADE00031FC7FE797F8CE6167E7FFF753FB4FF43D
:10ADF000FA714220F5F7A0FB94214220F5F79CFB65
:10AE000058350301D34D621082072DE9F0434C4DB4
:10AE100087B003D5AB683D2283F8F1212F68AE6877
:10AE200097F81C8096F8B93108F1010295F80C905A
:10AE30009A425ED0C30756D40DF11700FFF7DEFC2F
:10AE40009DF81730044607F120003B771BF0DCFD2E
:10AE50000746FCB180F00103DBB2A3B91AE0FDF7AD
:10AE600003FB11F0EBFB00212046FFF7BBFD03467F
:10AE70000DF1170073B9FFF7C1FC2B689DF817207F
:10AE800004461A7730B16B69A342E8D16B79002B85
:10AE9000E9D1E4E7B9F1000F03D096F83930002B7F
:10AEA0003AD09CB396F8B9C1424606F5C073D6E9CC
:10AEB0006089D6E97801CDF808C096F8C7C0CDF80A
:10AEC00004C096F8C9C0CDF800C001F009FB10EB32
:10AED000080206F1B80049F1000312F075FC3FBB0F
:10AEE00007B0BDE8F083384607B0BDE8F043FFF790
:10AEF000C5BB3B78002B9DD196F86231002B99D1D0
:10AF0000D6F878310133C6F8783193E7286807B06E
:10AF1000BDE8F043FFF7B2BBD6E92823094906F1A3
:10AF20003100C6E902231AF063FD002CBAD1EDE727
:10AF30002146286807B0BDE8F043FFF749BA00BFD3
:10AF400004060021258B02012DE9F04300237B4EEE
:10AF5000D0F89C4083B033713060002C70D06FF417
:10AF600004773C4494F8C831012BA3F1020260D06D
:10AF7000012A60D894F8F13103F0FF01002B5AD177
:10AF8000B0F95A30B4F9D221D6F800909B1AD4F80F
:10AF9000E021B0F85A509BB2A4F8D251D218D4F89C
:10AFA000E43143F10003C4F8E021D9F89420C4F857
:10AFB000E431D9F89C303261002B00F0B9801D6873
:10AFC000002D5BD001278846022013F00DFD0221E1
:10AFD000D9E92535ED1A854228BF0546402D38BFF1
:10AFE0004025284613F02CFD002840F0938011F0F6
:10AFF00057F8FDF739FA52495248FDF72BFAB8F1E4
:10B00000000F6ED100212046FFF7ECFC03463568A7
:10B010000DF107005BBBFFF7F1FB9DF8073004461D
:10B020002B770028EED1284603B0BDE8F043FFF7A8
:10B0300025BB03784BB1D4F81142002C8FD1306876
:10B0400003B0BDE8F043FFF719BBB4F8D4210221E7
:10B05000B0F85A309B1A1D04EDD4D4F8E03184F8CE
:10B06000C8110633A4F8D221C4F8D43182E705F11F
:10B07000200003B0BDE8F0431BF0ECBC6FF404719A
:10B0800053F8750C0B4493F8C710DB7F8B4238BF25
:10B090000B46012B38BF0123B2FBF3F202F50D7210
:10B0A000824242D209F120001BF0A8FCD6F80090A1
:10B0B000804600283FD199F81C304BB909F1200097
:10B0C0001BF0A2FC20B930681F4920301BF01EFD88
:10B0D000002710F0E5FFFDF7C7F919491948FDF7FA
:10B0E000B9F901212046FFF77DFC35680028BED163
:10B0F0000DF10700FFF782FB9DF8073001462B7723
:10B10000002890D0002F8ED1284603B0BDE8F04330
:10B11000FFF75EB913F06AFB33692B443361D9F84A
:10B1200060302B44C9F8603061E70127A8464BE73F
:10B130000127984648E72F4646E700BF040600214E
:10B1400009AE0001A1A40001A9A500012DE9F0416B
:10B15000037E0646002B5DD0D0F89C70002F00F0D7
:10B16000B4806FF4047100200F4484460446054601
:10B170003B46DA7F93F8C7108A4238BF0A466245D9
:10B1800001D394461D4693F8B921824201D310465B
:10B190001C46D3F811321BB16FF404721344E8E774
:10B1A000002D00F09280002C00F093803378002B6B
:10B1B0007AD12846FFF7A8FAD7F8982100F1390389
:10B1C000E87FD5F89811134495F8C720824238BF1C
:10B1D0000246D5F89C01013AD2B200FB02335B1A59
:10B1E000C6F894302046FFF78FFA94F8B931D6F8B4
:10B1F0009C203930013BDBB252F8791CD4F89821FD
:10B20000801AD4F89C21084402FB0300C6F8980079
:10B21000BDE8F0819C301EF0A1FB00285DD06FF4EA
:10B220000474337804192546002B3DD1392728466C
:10B23000FFF76AFAEA7F95F8C710C3198A4238BF48
:10B240000A46D6F89C10013AD2B259B351F8791C8B
:10B250000B44D5F89C1101FB0233D5F898219B1AB9
:10B26000C6F894303378002BBCD01E4B94F8902154
:10B2700094F8B00033F8125011F044FF074620460E
:10B28000FFF742FA05F24952174B3A44A3FB023248
:10B2900094F8B93100EB9210013BD6F89C20DBB258
:10B2A000002AA9D1FFF7F6F80E4B95F8902195F8F2
:10B2B000B00033F8128011F025FF00F249570A4B15
:10B2C0004744A3FB0737BF09B1E7ED214220F5F75B
:10B2D00033F9EE214220F5F72FF9C9214220F5F785
:10B2E0002BF900BF58350301D34D6210D0F89C30C4
:10B2F0002DE9F04FD1E9048983B0002B00F0D38011
:10B300006FF404740F4600210546234401268A4643
:10B310001C46D3F898B194F8C831032B00F2CA80C8
:10B32000DFE803F01702501F94F8F131002B5AD0D8
:10B3300094F8F13103F0FF02002B7AD10323604926
:10B3400004F2F31084F8C83184F8FC211AF04DFBA4
:10B350000121D4F81142002C4AD06FF404731C442C
:10B36000D9E7D4E97623904579EB030311D2D4F8D9
:10B37000A430180603F080020BD4D4F8843103F013
:10B3800080031A4305D1D4F8E42102F0800213436C
:10B3900061D094F8F131002B47D1082384F8C8A17B
:10B3A00084F806322B783BB904F2112105F19C0098
:10B3B0001EF0A1FA002871D0424904F2FD101AF0E3
:10B3C00014FBC5E7D4F8D40194F8F131002BAFD1C8
:10B3D000D4F8E031D4F8E421013342F10002834291
:10B3E00072F1000229D2D4F811420026002CB4D107
:10B3F000BEB92B78ABB9D5F89C30002B53D053F89D
:10B40000793CBBEB030B50D42B699B4541D23B6984
:10B4100013EB0B033B617B6943F100037B61002964
:10B4200033D1304603B0BDE8F08F94F8F131DBB290
:10B43000B4E72B78A3B1002381E72B78E3B1002395
:10B440001F4904F2F31084F8C8313E2384F8FC311C
:10B450001AF0CBFA7CE794F8F131002B99D1C2E7CE
:10B4600004F2112105F19C0001921EF044FA019AA8
:10B470000028E0D1FFF792F804F2112105F19C00B9
:10B480001EF039FA0028DAD1F4E72846FFF75EFE0D
:10B49000C7E74FF4B1614220F5F74EF840F2C641DC
:10B4A0004220F5F749F8FEF7F5FF40F287514220B8
:10B4B000F5F742F840F277514220F5F73DF800BF2A
:10B4C0004D8B0001D9880001D0F89C300BB11A686F
:10B4D0000AB1002070476FF40471D0F8942053F83B
:10B4E000750C0B4493F8C710DB7F8B4238BF0B46BB
:10B4F000012B38BF0123B2FBF3F303F50D73834235
:10B500002CBF002001207047014B024A1A6070478F
:10B51000D010002124B50001014B1868704700BF0E
:10B52000D0100021F5A2000121A6000149AF0001C1
:10B5300005A700013DA30001EDCB0101EDB2000123
:10B540002DE9F04F04691746D1F8982183B0C56EF4
:10B550009846A41A826E9DF830308346A418894616
:10B56000009345F1000513F09BFA0E46A04276EBDE
:10B57000050171D201901BF0F8FA9034019A00F1A4
:10B580008A006FF0004145F10005A41A65EB06053D
:10B59000201A65F10005884275F1000157DAFC694F
:10B5A0004FF0000A84427AEB05013EDBD446544654
:10B5B0005146B7F88670009B3944212BA8F800103B
:10B5C0000AD0B0F5FA7F75F1000105DADBF8041056
:10B5D0000918084645F10005DBF81070D9F89811F4
:10B5E000C91B11F129074FEAE17141F10001BA18B5
:10B5F00046EB010612EB0C0244EB0604121845EB75
:10B6000004040128C9F8E82175F10003C9F8EC41E8
:10B6100002DA009B212B24D16FF07F43984275F111
:10B6200000050FDA03B0BDE8F08FB0FBF4F189B28A
:10B63000A1FB04CEB0EB0C0C604665EB0E05A1FB44
:10B6400004C4B6E740F2FB411320F4F775FF40F263
:10B65000C4411320F4F770FF40F2C1411320F4F706
:10B660006BFF40F2F9411320F4F766FF2DE9F84F24
:10B67000446894F88E701FB101273846BDE8F88FF2
:10B6800005460E4604F034FBC90711D41A261F23C1
:10B6900084F8126184F81331362384F88E302846FA
:10B6A0001AF09CFB00233846A4F8A432BDE8F88FBA
:10B6B00004F5207806F1010C2136C146DCF80000C3
:10B6C0000CF1100C5CF80C1CCE465CF8082C09F14F
:10B6D00010095CF8043CB445AEE80F00EED19CF8CC
:10B6E0000230BCF8002089F80230A9F80020E66991
:10B6F000B4F8869004F006FB94F88232022B40F2F4
:10B70000F480042B40F0F480C0431842C2B240F0F1
:10B71000FA8094F88332022B40F2F180042B40F03F
:10B72000E7801A4240F0EF8094F8851201F0C003E0
:10B73000C02B00F0E88094F8892294F8883243EA1C
:10B74000022394F88A2202F00F0243EA0243FE2BFE
:10B7500004D894F89622120740F0CA8094F88C021C
:10B7600094F88B2242EA002294F88D0200F00F0038
:10B7700042EA0042FE2A04D894F896020F2800F20A
:10B78000B780B4F88E02002840F0BF8094F896C2CB
:10B790001CF00F0F40F0AC80B4F890C2BCF1000F69
:10B7A00040F0B78094F896E2BEF10F0F00F2A0804F
:10B7B00094F892E20EF1FF3ABAF11E0F00F298806F
:10B7C00094F894B2BEF1010F94F893A24AEA0B2ABE
:10B7D00094F895B24AEA0B4A03D0BAF5C87FC0F094
:10B7E0008780B4F899B240F2E24E0EFB0BFEF245B0
:10B7F0007EDA94F897A2BAF1000F79D094F898A263
:10B80000BAF1000F74D0ABF1040A40F67C4B1FFA7A
:10B810008AFADA456CD811F0800F36D194F896A2E6
:10B820001AF00F0F16D0BEFBF3FB03FB1BE3002B3C
:10B830005ED101F00F0194F8843243EA01230AF04B
:10B840000F010344013B93FBF0F39BB20BFB03F3AB
:10B850008B424DD8BAF10F0F17D9BEFBF2F102FBA4
:10B8600011E2002A44D194F8872294F8863202F03B
:10B870000F0243EA02236344013B93FBFCF39BB2B8
:10B8800001FB03F3B3EB1A1F32D894F89C2294F80F
:10B890009B3243EA022394F89D2243EA0243B3F524
:10B8A000FA7F25D39E4223D994F89F1294F89E22C2
:10B8B00042EA012294F8A01242EA0142934217D8C8
:10B8C000B4F8A132A3EB09031BB2002BB8BF5B4253
:10B8D0009BB2B3F5804F0BD22E23104904F2ED201A
:10B8E00084F88E301AF084F8D9E6002B7FF40CAF80
:10B8F0001E2640462322002115F000FBC7E6002B40
:10B900007FF40FAFF4E72026F3E7FB287FF644AF80
:10B91000EEE7BCF1FB0F7FF64BAFE9E72D9400019A
:10B92000FDF7E0B84B682DE9F043D3F81C5183B024
:10B9300025B940F219211320F4F7FEFD0C46074605
:10B94000082135F8670CF5F7C9FAD4F8049055F8D2
:10B95000753CD9F81C60013E9E4228BF1E4618F077
:10B9600082FE6368804693F87F0004F09DFF636861
:10B9700008EB0001D86989B212F076FE044609F19D
:10B980003C001AF09BF80346C6F30F2238461C44CD
:10B9900055F8713C694611346400B44228BF3446FE
:10B9A0009C4238BF1C46009B64F31703009335F894
:10B9B000633C8DF80360ADF80420ADF8063019F053
:10B9C0004CFF092003B0BDE8F08300BF0B465A6866
:10B9D00000B5B2F83A3183B092F83C215BBA01A9C4
:10B9E0008DF80620ADF8043019F099FF042003B05B
:10B9F0005DF804FB202901D002207047F0B54568AE
:10BA000083B0044695F88E30302B07D1D5F81C61F1
:10BA10003EB940F241211320F4F78EFD022003B01D
:10BA2000F0BD082136F8670C0192F5F757FA204669
:10BA3000002485F88E40A5F8CC401AF0E0F9019A70
:10BA400006F8192C0AB106F84D4CA6F1220002495D
:10BA500019F0CBFF0020E2E74D8B000190F88E300B
:10BA60002E2B00D0704790F8F532002BFAD190F8C9
:10BA7000AE32002BF6D1C2690139B0F8A432B0F869
:10BA8000CEC111446344B1FBF2F19BB28B42A0F8EA
:10BA9000A432E7D3024900F2A62019F0A9BF00BFE3
:10BAA0005D8D000108B5436893F88E202F2A06D1DA
:10BAB0003021002283F88E10A3F8CC2008BD4FF46B
:10BAC0001C711320F4F738FD08B50A794979FDF7A0
:10BAD00087FC4FF6FF73984200D108BD0921F5F7A6
:10BAE000FDF918B1162380F8F13108BD40F27E212E
:10BAF0001320F4F721FD00BFD0F87C3270B5002B85
:10BB00004AD013F8512C6FF406710446022A03EB55
:10BB1000010507D01B68C4F87C3203B170BD84F8FE
:10BB2000803270BD0821B5F8AE01F5F7D7F9B4F849
:10BB30008630B5F8B2216FF0004CE6696FF0020E66
:10BB4000D21A13B242F3C031A3FB063206FB012224
:10BB5000D5F8A8115B184FF0000142F1000213EB79
:10BB60000C0C42F10002E64591411AD3002B0BDB8D
:10BB70000622D4F87C32C5F8D421002BCAD140F279
:10BB8000C2311320F4F7D8FC4168CA1A013AB2FB5B
:10BB9000F1F292B20632ECE740F2BA311320F4F738
:10BBA000CBFC4FF44B711320F4F7C6FC2DE9F04F9A
:10BBB00045688BB0044695F88E30302B03D00220B8
:10BBC0000BB0BDE8F08F084606A919F08EFED5F837
:10BBD0001C81B8F1000F04D140F2DB311320F4F7DF
:10BBE000ABFC6FF4057E082138F8670C08EB0E07F4
:10BBF000F5F774F9B5F886300646BDF8251042F21F
:10BC00001070EA8CCB1A00FB02F21BB2C6F884203B
:10BC1000002BB8BF5B429BB2B3F5804F80F08C80A5
:10BC2000BDF820309DF81F00BDF822C040EA032077
:10BC30009DF824304CEA0342079BDDF818C0C3F39B
:10BC40001703C7F8BCC196F817C03061C7F8A83110
:10BC5000A7F8B211B3687168C7F89821727D009097
:10BC60006046FDF7DFFDD6F810C07861F368B27D5D
:10BC70007168F07DCDF800C0FDF7D4FDC7F8BC00B9
:10BC800097F82C00D7F89831727D716800284FD052
:10BC9000B068184401FB0201B5F88600BDF8252004
:10BCA000D5F81CC0121A0798D5F86CA20FFA82F9C1
:10BCB000C0F3170E42F3C030D5F86822A9FB0C9BE5
:10BCC000B96119EB0E090CFB00BB31696FF07F40C5
:10BCD0004BF1000B9B184AF1000C13EB09034BEBE3
:10BCE0000C0C5B1AC7F8E8316CF1000319EB00008B
:10BCF000DFF8D4C2C7F8EC314FF000034BF100017C
:10BD0000844573EB010121D285F88E302046A5F8D9
:10BD1000CC301AF074F820230022AC49A8F122009C
:10BD200087F8FC3187F8C82119F05FFE002047E74B
:10BD3000013A01FB0231AFE70023204685F88E303F
:10BD4000A5F8CC301AF05BF81E23E5E728880492AA
:10BD50001CF0D9FD049AE0B197F8B030022B00F046
:10BD6000008100F2F880012B40F02A8100F10A01E5
:10BD700097F89031022B00F0EC8000F2E580012B67
:10BD800040F01E810A300B89A7F8B631C388A7F8A6
:10BD9000B431BBF1000F0DDA71680023C7F8E4314C
:10BDA000A1EB0903013BB3FBF1F398B201FB00994E
:10BDB000C7F8E00106F1200B049258461AF0B9FDCD
:10BDC000D6F89CE00146049A002800F09480BEF169
:10BDD000000F00F0E680D7F898016FF4047C5EF85D
:10BDE000793CF44498427AD9434643F804EDC6F8C6
:10BDF0009C303046CDE90412FFF7A8F9D6F89C3004
:10BE0000002B00F0D38053F8790CD7F89831A0EBD1
:10BE1000030CE145DDE9041280F08D804FF000084D
:10BE2000049271B3002158461AF03AFE06F1280038
:10BE300013F0DEFE049A002800F0BD80D6F804C09E
:10BE4000B16F0CFB189083185B1A9C4511D8D6F87B
:10BE50009C301B686BB153F8311C013143F8311C25
:10BE600053F82D1C41F1000143F82D1C1B68002BD9
:10BE7000F1D10021009053465846CDE9011106F05A
:10BE8000FBF8B6F85A3001339844A7F8D481337ED2
:10BE9000012B73D0D6F89C30002B7DD06FF4047248
:10BEA0009A181B68002B72D053F8791CD2F898317D
:10BEB000D2F89C215B1A93424FF0000354D32046E2
:10BEC00085F88E30A5F8CC3019F099FF2EE753F89D
:10BED000791C6FF4047E88429E4404D8F446DCF852
:10BEE0001132002BF3D1A8F1040148F8043CCCF83E
:10BEF000111200217DE74346CDE9040243F804ED29
:10BF00003046C6F89C300126FFF720F90499A7F8BF
:10BF1000D4615846059A5346CDF80090CDE90111F9
:10BF200006F0AAF80499204685F88E10A5F8CC10E2
:10BF300019F065FFFAE6A3EB00087368C844B8FB84
:10BF4000F3F81FFA88F86BE7033B012B38D81E3053
:10BF500019E7143017E7033B012B31D800F11E011C
:10BF600006E700F1140103E701222046327685F846
:10BF70008E30A5F8CC3019F042FFD7E600232046DA
:10BF800085F88E30A5F8CC3019F039FFCEE640F2B6
:10BF900015311320F4F7D0FA40F212311320F4F7E0
:10BFA000CBFA40F2D6211320F4F7C6FA40F23D3125
:10BFB0001320F4F7C1FA40F249411320F4F7BCFA18
:10BFC000DC21B420F4F7B8FAFF8693044D8B00010E
:10BFD00003460A46F0B583B05F68104601A919F020
:10BFE000A5FCD7F81C4174B19DF805509DF804607C
:10BFF0006FF405731C4494F8B831AB4206D0D4F802
:10C000001542002CF4D1002003B0F0BD0821B4F893
:10C01000AE01F4F763FF037DB342F0D19DF8063023
:10C0200084F8F13197F83631002BECD097F83A21AB
:10C030009DF805309A42E6D197F83B219DF80430EF
:10C040009A42E0D197F81631222BDCD0002387F8F2
:10C050003631D8E7704700BFD0F89C308BB190F8EC
:10C06000312003F8242CFF2103F8231C1B6843B163
:10C0700090F8312003F8242C03F8231C1B68002BB4
:10C08000F6D17047F0B54F6885B0D7F87C52002DD7
:10C0900000F0D7806FF406730446082135F86B0C66
:10C0A0001D44F4F71BFF0646002800F0C58097F8F2
:10C0B000933085F8C431BB6AC5F8C031FB8CA5F854
:10C0C000BA31FFF743F8D5F8A401002800F0A380A7
:10C0D000D5F8A021B5F8B21195F890C1002396F8D3
:10C0E00014E095F8B0706EF30703ACF1030EBEF1E7
:10C0F000010F95F8B8E198BF4FF0040C6EF30F23D1
:10C100006CF31743A7F1030CBCF1010F98BF042790
:10C1100067F31F63C4F80130A37995F8C57023F065
:10C120000F0307F00F073B43F77D67F3C71395F83D
:10C13000C470A3712B7F6771E371237A6F7F23F043
:10C140000F0307F00F073B432372337A6372737A4E
:10C15000A372E37AB77A23F00F0307F00F073B438C
:10C16000E372337B2373737B6373A37BB77B23F00F
:10C170000F0307F00F073B43A37395F8C630A4F8ED
:10C180000F30AB7FA4F8113095F8B931012BE3746F
:10C190003FD0D5F89C3123F07F432375C3F30727A5
:10C1A0001B0C6775A37595F8C730ED7F03F00F037F
:10C1B00043EA0513257AE375B6F8153023837368CF
:10C1C00061842249E277A1FB0313A679E17A9B0AF5
:10C1D00020776383C0F30723C0F307406377C2F37C
:10C1E0000723C2F30742A07784F82030002384F8A5
:10C1F00021202420A27B63F3051663F3071563F364
:10C20000071163F30712A6712572E172A27305B0DC
:10C21000F0BD0023C1E71F233A462946304600936C
:10C220000DF10E03FFF78CF9BDF80E100246A5F8CC
:10C23000B211C5E968004FE740F209511320F4F745
:10C240007BF940F207511320F4F776F95917B7D16B
:10C2500008B5436893F88D201AB9312283F88D20F0
:10C2600008BD40F242511320F4F766F910B5446856
:10C2700082B094F88D30312B02D0022002B010BD74
:10C280000846694619F0FBFABDF80630B4F8861086
:10C29000D4F87C225B1A1BB2002BB8BF5B429BB266
:10C2A000B3F5804F38D2002A3FD012F8293C03F072
:10C2B000FF01E3B100203623202184F88D300023D4
:10C2C00084F81511A4F8C63012F8291CD4F87C3271
:10C2D00099B1442184F81411CBB11B68C4F87C32A5
:10C2E000EBB1162302F8283C002002B010BD322327
:10C2F000A4F8C61084F88D30F6E784F8140133B141
:10C300001B68C4F87C326BB102F8280CECE74FF4E0
:10C31000D3711320F4F710F93AB11E20CBE784F85B
:10C320008032DEE784F88032EEE74FF4AE6113200E
:10C33000F4F702F908B50022D0F87C3280F88D209D
:10C3400080F8CA206BB11A68C0F87C221AB11A2290
:10C3500003F8282C08BD80F880221A2203F8282C24
:10C3600008BD40F297511320F4F7E6F82DE9F041AB
:10C37000D1F8048086B0D8F87C42002C5FD06FF4EE
:10C3800006730746082134F86B0C1C44F4F7A6FD2D
:10C39000054600284ED0D4F8A8618EB3B4F8B2C1D7
:10C3A0000DF10808D4F898212B6994F82C00D11AC3
:10C3B000E8B1A1613846D4F8BC11C3F30F24ADF83D
:10C3C0001220C2F30742029141468DF81420039ACD
:10C3D000ADF815C066F31702ADF8104003928DF862
:10C3E0000F3019F05DFA102006B0BDE8F081D5F8E5
:10C3F0000CE06868B0FBFEF001380EFB1011D8E7C6
:10C40000424621230DF10808214600934346FFF7D9
:10C4100097F8B5F85A30BDF808C000220133064637
:10C42000C4F8A801A4F8D2310023A4F8B2C1C4E929
:10C430007823B7E740F2A3511320F4F77DF840F2D8
:10C44000A1511320F4F778F8426808B592F88D30BE
:10C45000322B1CD10021D2F87C3282F88D1082F868
:10C46000CA107BB113F8512C6FF40671012A0B44EA
:10C4700000D008BD4FF0FF310222C3F8D41183F879
:10C48000C82108BD40F2CA511320F4F755F840F214
:10C49000C3511320F4F750F81F29034610B50FD0ED
:10C4A0000220D3F87C12B1B10C68C3F87C4214B1FD
:10C4B00001F8282C10BD83F8804201F8282C10BD0B
:10C4C00090F88D103129EBD10021084683F88D10AA
:10C4D00083F8CA10E5E740F2F9511320F4F72CF87D
:10C4E000F0B59DF814C09D681CF1FF3CDE6864EB5C
:10C4F00004041CEB050C46EB040E60459DF8184047
:10C5000071EB0E079DF81C6017D3B4B184457EEB28
:10C51000010E10D3A4FB05511B685B1BB6FBF4F1A5
:10C52000DBB2013CE41A04FB1166F6B2B24234BF3E
:10C5300000200120F0BD0120F0BD0020F0BD00BFB3
:10C540002DE9F04F87B09DF84040002A77D05D1E5E
:10C5500090F8B9C1D0E9786E0095D1E90050BCFBE4
:10C56000F2FA029002F1FF30039060EB00000190BC
:10C57000002C3ED00098D1E902B31BEB00090198D2
:10C58000049343EB0000ABFB02834746DDF81080C9
:10C5900002FB0838EB1B0597571EDBB2864508BF28
:10C5A0004E45A7EB030303FB1AC3DBB247D19C4202
:10C5B00041D10135029B43F10007059B0D609A189C
:10C5C0004F6048F100039F4208BF954252D0059B3F
:10C5D000ED1A039BEDB2A3EB050808FB1ACC5FFA3A
:10C5E0008CF3601CC01AB0FA80F0400907B0BDE8B7
:10C5F000F08FF31A6EF10000002837DB0133029F41
:10C6000040F10000A3FB02B902FB00995D4577EB06
:10C61000090718D3D1E90230009913EB0109A3FBF4
:10C620000232019A40EB0200EB1A039ADBB2D31AF2
:10C6300003FB1AC3DBB2864508BF4E45D1D00020AC
:10C6400007B0BDE8F08F009D039AC1E90230C1E94F
:10C6500000B913EB0509019B02FB1AC240EB030072
:10C66000D3B2864508BF4E45E9D1BAE74FF0FF3354
:10C670001846C3E71BF101020498039B40F1000038
:10C68000009D03FB1AC312EB0509DBB2C1E90220CE
:10C69000019A40EB0200CEE730B5D0E90024836870
:10C6A0000132C56844F10004013345F10005A1FBE6
:10C6B00003EC01FB05C18C4208BF7245C0E90024B0
:10C6C00008BFC0E9023530BD10B5044615F04BFC7B
:10C6D00008B9002010BDE04315F045FC0028F8D053
:10C6E000E31683EAA4635A1E1A42F2D0E3B25A1E3A
:10C6F00013405A1E1342ECD0A0B219F0FAFA0B28DC
:10C70000E7D8204619F0F1FA1828E2D8A3B2B3EB23
:10C71000144F04D184EA142313F0FF1FD9D0044B23
:10C720006340581E1840003818BF0120D2E700BFF0
:10C73000D6BE898EF0B5070C164BA7F5AA4203EAC0
:10C740009023543A012A20D927F4004042F6AA2225
:10C75000801A18BF0120002216211F24164687EADE
:10C76000060562EA0505013511D0DD0301394FEAFE
:10C770005303ADB245EA56064FEAC4354FEA5404B6
:10C78000ADB245EA5202EAD1F0BD0020E3E7002055
:10C79000FAE700BFE0FF3F002DE9F347804623277B
:10C7A000214DE94604F042FC030400EA05044CBFB5
:10C7B00044F4080444F441042046FFF785FF60B3C5
:10C7C0000021204615F0F0FB38BB0A23A6B2C9E9C8
:10C7D00000008DF806304846F4F7BAFBA8B10026F1
:10C7E000F1B2204615F0BAFC8246FFF76DFFA0B10A
:10C7F0000021504615F0D8FB78B90136F3B29845C0
:10C80000EED2204602B0BDE8F087009BB3F8A0004E
:10C81000704019F040FA0128DDD8013FC2D140F242
:10C820009F210F20F3F788FEFFFF36FDF8B50D4678
:10C83000074640F67A4CBDF81860A81FBDF81C10DA
:10C8400080B2604515D8941FA4B264458CBF002007
:10C85000012087B9194C247984B188B96FF45067E5
:10C86000EC19062C04D86FF450641419062C07D95F
:10C87000F8BD0020EDE797F87D40EDE70028F7D000
:10C88000954218D803FB0111B1F5FA7F13DCA6F12C
:10C890000A0340F676409BB283420CD8104615F04E
:10C8A000A5FC42F2107341435E43B6EB410F8CBFCF
:10C8B00001200020DCE70020DAE700BF1C06002191
:10C8C000F7B5002506462C463278ABB29A4207D817
:10C8D000104B0020B3F854201444A3F854400FE048
:10C8E00006EB85076946B7F8010018F089FA70B9B8
:10C8F0000199B7F80330B1F8A620934202D912206B
:10C9000003B0F0BDD21A23449CB2A1F8A620013591
:10C91000DAE700BF1C060021F0B502780346DFF815
:10C9200094C001F108060A700025427840F2712E89
:10C930004A7082788A70D0F80320C1F80320B0F8DA
:10C940000720A1F80720427A4A7294079CF8200039
:10C9500001F1220481F8490002F0010048BF0130D2
:10C96000520744BF0130C0B2EAB2904207D89CF8E7
:10C97000393081F84830002381F84A30F0BD03EBAC
:10C980000512013557890EFB07F746F8047F978992
:10C990000EFB07F7F760D78924F8027F178AE78034
:10C9A000578AA781978A6782D78A2783128BE28367
:10C9B000DAE700BF1C060021F7B5002304460E4647
:10C9C0001746CDE900336846F4F7C2FA08B10020F3
:10C9D00016E0009DA542F6D03046EB1C15F0E6FBB4
:10C9E0003946AA7818F005F90028ECD005F10A03B9
:10C9F0006A7A04F10A01607A18F0FBF80028E2D0A4
:10CA000003B0F0BD054A516A02F11D03127F11F80F
:10CA1000030BC0F3801018F0ECB800BF6C0B0021C2
:10CA20002DE9F7430F460F21804616461D46F4F7C1
:10CA300055FA0446002841D06946404618F0E0F90E
:10CA400020B14FF4AC613920F3F776FD2B229DF82D
:10CA50000010019804F090FA90BBDDF8048098F87B
:10CA6000E3309B072ED528461AF013FF04F15B0133
:10CA7000A8B1154B1B6813B940F27451E3E72A467D
:10CA80003046984740B9A4F85860A4F85B7084F821
:10CA90005A50FF2388F8353103B0BDE8F0830B4BC3
:10CAA000D3F80090B9F1000F02D140F27A51CAE7F1
:10CAB0002B4604F17D023046C847E3E70220EBE74E
:10CAC0004520E9E71A20E7E7E8100021F0100021EF
:10CAD00001281ED8022B0DD1A2F57A700F4B984277
:10CAE00019D8A1F57A70984215D88A428CBF1220C5
:10CAF000002070470A4882420DD8012B0CBF40F23B
:10CB0000527340F6C3139A4205D9A1F6C410054BDF
:10CB1000E9E7122070473020704700BFA7F9700284
:10CB20008FFD7002CBF370020138C0B2032808B544
:10CB300004D940F211310620F3F7FEFC014B185CDA
:10CB400008BD00BF143303010138C0B2032808B583
:10CB500004D940F211310620F3F7EEFC014B185CCA
:10CB600008BD00BF6C3303010138C0B2032808B50B
:10CB700004D940F211310620F3F7DEFC014B185CBA
:10CB800008BD00BF4C34030107B50E4AB2F854305B
:10CB9000ABB1013B6946A2F8543018F031F920B12D
:10CBA0004FF4E1613920F3F7C7FC019A0120B2F894
:10CBB000A6300133A2F8A63003B05DF804FB184696
:10CBC000FAE700BF1C06002110B504460A48F8F732
:10CBD000EDFC0A492046F9F7CDFF2046F8F780FB27
:10CBE00038B12046F8F7C2FB2046F8F7D5FC002004
:10CBF00010BD1220FCE700BF3806002140060021CE
:10CC00002DE9F04F9A4685B0754B04460DF10809A1
:10CC1000744F186888461B791646029089F80430CC
:10CC200097F8563013B1484603F074FE6E4D00215C
:10CC3000204618F062F9AB68A4F80080E36396F828
:10CC40004A2006EB4202B2F82AB0584615F0CEFA56
:10CC500001466FF4506000238344BBF1060F6BD98B
:10CC6000908C4FF0961284F87E302387626340F2F6
:10CC7000E24215F0BBFA05F0D3FB40F2E243014675
:10CC8000A4F8DC312046E161C4F8D8111AF073FE33
:10CC9000834603F02DF88306297C53BF1B236B8842
:10CCA000AA881A46A4F86630504BA4F868201B687E
:10CCB00084F84410A4F846B01BB194F97C104046A7
:10CCC00098473B79003B18BF012384F87D30484BDF
:10CCD0001B6813B147492088984701236386464B58
:10CCE0001B6813B1454920889847454B1B6813B111
:10CCF000444920889847444B1B680BB120889847CB
:10CD0000424B1B680BB120889847AB8804F1140094
:10CD10006A8869780333033201919BB2297892B211
:10CD2000009104F11801F4F75DF9636973B941F2F8
:10CD3000C4113920F3F700FC4FF04D122387012373
:10CD4000626384F87E304FF47A7399E7A36913B96C
:10CD500041F2C511EDE715F0E1F92062BAF1000FDB
:10CD600004D004F063F920F07F40A06296F84A30C6
:10CD70002046E96806EB4306338EA384F38EE384F2
:10CD80001AF0F6FD494604F1960018F02CF997F8D0
:10CD9000563013B9FF2384F82D32BB6D23B1012225
:10CDA00004F59171204698471949204617F0E2FF93
:10CDB00004F03CF90C230121B0FBF3F202FB130059
:10CDC000C0B2431DDBB2082B9CBF0D30C3B220465E
:10CDD00084F8A23018F091F805B0BDE8F08F00BFDC
:10CDE000773E03011C060021AC0A0021FC10002143
:10CDF000EC1000212406002110110021560600210C
:10CE000000110021600600210411002108110021F9
:10CE1000C60A0021034B044A1A60044B044A1A60F4
:10CE2000704700BFD8100021651F0101DC100021F0
:10CE300019890101014B024A1A607047E010002174
:10CE4000858F010110B503210020F4F747F804464F
:10CE500070B90321F4F706F8044620B94FF459716C
:10CE60003920F3F769FB034B93F95C101AF05FF973
:10CE7000204610BD1C0600212DE9F04F87B0074663
:10CE80008846008804A917F0BBFF064600287CD11D
:10CE9000059D95F86F31002B6DD0B8F1020918BFD0
:10CEA0004FF0010995F88E30272B95F8E13043EAD1
:10CEB000D3030CBF89F0010A4FF0000AD90702D44E
:10CEC000BAF1000F63D0B8789DF8104008B902F0AD
:10CED00019FF8DF80B00F87808B902F013FF2E4BFC
:10CEE0008DF80C00D3F800B0BBF1000F0BD00AF0A6
:10CEF000010320460DF10B022946009303ABD847EE
:10CF0000044600283AD19DF80B20B2B39DF80C30AE
:10CF10009BB3164695F87D2032B1B20703F00203A9
:10CF200037D5B3B302231E46FF2285F82D21B9F170
:10CF3000000F28D195F82C2102F0FF041ABB85F8C8
:10CF40002C8103A985F82E61284685F82F31BB88EE
:10CF5000A5F83031BA78ADF80E308DF80C20FA789B
:10CF60008DF80D2017F006FF002385F82D3120469F
:10CF700007B0BDE8F08F814694E70924BAF1000FAD
:10CF8000F5D00023C6E73A24EEE70446EFE71A247B
:10CF9000EDE70924EBE700BF0C110021024B987F5D
:10CFA000C04300F001007047AC0A002110B517F033
:10CFB0001FFE214C03F0EEF902F0B2FE18F0F6FC71
:10CFC00004F04CFF03F0C6FC0EF012FB012002F04F
:10CFD0004BFE0021194B1A4A19601A4BA4F8541041
:10CFE0001A601B2259839A80F922998399771976BE
:10CFF000154B22835868154A1B8922601422E06170
:10D0000004F12400A176A180A175238413F076FF9A
:10D01000012342F2107204F13A0084F8243084F8BB
:10D020003930C4E90A221BF03AFC04F14400BDE89F
:10D0300010401BF059BC00BF1C060021D410002179
:10D0400003021B00AC0A0021143303011B0048013A
:10D05000044B41F64C521B215A611974C3E9022258
:10D06000FFF7A4BFAC0A002173B5344D0446AB688A
:10D07000C363334B1B79003B18BF012380F87D301D
:10D08000304BC36119F039FE064602F031FE8306CB
:10D09000297C53BF1B236B88AA881A46A4F86630E4
:10D0A000294BA4F868201B6884F84410A4F8466053
:10D0B0001BB194F97C1020889847244B1B6813B14E
:10D0C0002349208898472349204617F053FE01231F
:10D0D0006386214B1B6813B10021208898471F4BA2
:10D0E0001B6813B10021208898471D4B1B680BB1AA
:10D0F000208898471B4B1B680BB120889847AB884A
:10D1000004F114006A8869780333033201919BB2F9
:10D11000297892B2009104F11801F3F763FF636973
:10D1200023B940F2BE613920F3F706FAA36913B9B7
:10D1300040F2BF61F7E7002002B070BDAC0A0021E9
:10D140001C06002100093D00FC100021EC1000210C
:10D1500024060021C60A002110110021001100211F
:10D1600004110021081100212DE9F34104460E4667
:10D170001AF01EF8002800F0B08020461AF0AEF831
:10D1800030B1B6F80130013B7F2B01D9122004E009
:10D1900020461AF0A7F818B90C2002B0BDE8F081BB
:10D1A000204619F061FE0028F6D1204619F0A9FFAB
:10D1B00007460028F0D1204607F0BEFC0028E5D045
:10D1C00042F21073B6F80180F178204603FB08F8AC
:10D1D0001AF06BF804213078F3F780FE054606213B
:10D1E0003078F3F77BFE2DB140B141F64B41392049
:10D1F000F3F7A2F908B3054690F8E570384E3368A6
:10D20000DBB14035284619F0DEFBB0B1284619F0F5
:10D2100090FB90B93FB1334B28461B68984760B1EB
:10D2200041F65F41E3E730493A46336828464969A9
:10D23000984710B141F66441D9E720461AF042F808
:10D24000014640B94246204605F0F4FD002842D090
:10D2500041F66D41CBE720461AF040F840B9022173
:10D260000DF10600F3F7C6FD054658B90D2094E709
:10D2700020461AF046F80028F1D11C4B1B79002BF0
:10D28000EDD183E7002117F0EFFDBDF80630204611
:10D2900029462B801AF053F820461AF032F888B944
:10D2A000216A20461AF037F801462846FFF7DCFECF
:10D2B00042462946204605F0BDFD024620B141F612
:10D2C000904194E70121F0E7084B9B6D1BB105F5F8
:10D2D00091712846984700205FE742205DE700BF34
:10D2E000D8100021F4100021AC0A00211C060021F6
:10D2F00008B50378032B0ED803F0FD03012B074B71
:10D3000006D1074A07481A6003F052FD002008BD05
:10D3100000201860F8E71120F9E700BFD4100021C1
:10D32000C1C8000189CB0001074B02889B889A4243
:10D3300008D3B0F803309AB222B1044A0020A2F810
:10D340005430704711207047AC0A00211C060021A0
:10D35000024B1B6803B118470C207047D410002102
:10D36000014B93F95C0070471C060021B0F90020C6
:10D3700011B292B2F8B502F5A0639BB2B3F5206F7B
:10D3800037D8B0F902301DB29BB203F5A06080B26D
:10D39000B0F5206F2DD802F2F64040F2BE5480B2B4
:10D3A000A04228D803F2F64080B2A04223D8002938
:10D3B0004FF00A04C4BF093211B2002DC8BF0933AF
:10D3C00091FBF4F4C8BF1DB20EF01AF90A2367B23C
:10D3D000064695FBF3F1384649B20EF003F9074BC8
:10D3E0001B6813B1A01B40B208B90020F8BD9847D4
:10D3F000FBE73020FAE71120F8E700BFF810002122
:10D40000034B5A8802801B7883700020704700BF4E
:10D41000AC0A00217FB5837806461A2B08D8042B66
:10D4200004D9334A22FA03F3DB0705D412251AE0A4
:10D43000292B01D03B2BF9D13088B0F5706FF5D294
:10D44000694617F0DDFC88B9019B93F8202102F0B2
:10D45000FF05C2B9B27883F82121FF2283F8202189
:10D46000684615F03FF9284604B070BD09213088A0
:10D47000F3F734FD0446002837D002A9B0F8AC0118
:10D4800017F0BEFC08B10C25EDE70821B4F8AE0199
:10D49000F3F724FD20B940F61E213920F3F74CF8AC
:10D4A00003781BB994F8C831032BECD1039B93F894
:10D4B0003621002AE7D194F8F02102F0FF05002A76
:10D4C000E1D1B4F8B021A3F8382194F8B82183F859
:10D4D0003A21027D83F83B21B27883F83C2184F81D
:10D4E000F021FF2283F83621BDE70225BBE700BF0C
:10D4F0002000380438B50278447802F0010302F0C5
:10D50000020254EA030101D1112038BDBAB985786D
:10D51000002DF9D0002B18BF002400E01D46204646
:10D5200014F0A8FE0028EFD0284614F0A3FE00282F
:10D53000EAD0054B00209C76DD769883E5E7002B4A
:10D54000ECD000242546EAE7AC0A002113B5008898
:10D55000694617F07AFC044620B9019890F83231F8
:10D560001BB13A24204602B010BD90F8DA3003F027
:10D57000FF04002BF5D190F8D1309B0706D1FF2393
:10D5800080F83231684615F0ADF8EBE70249D23049
:10D5900018F034FAE6E700BF936402012DE9F84F72
:10D5A00003780446032B03D912252846BDE8F88FDB
:10D5B0004378032BF8D8437E8578002B50D1012D7A
:10D5C000F2D102F09FFB854340F09D8094F80290D9
:10D5D00019F0010506D001232269A168E078FFF760
:10D5E00077FA054619F0020F07D002232269A168D5
:10D5F000E078FFF76DFA2843C5B219F0040F00F088
:10D60000868094F803B00423D4F808A02269584611
:10D610005146FFF75DFA284310F0FF05C5D1B9F177
:10D62000050F0ED194F804900423E168626948461E
:10D63000FFF74EFA05460028B7D1CB4563D18A459E
:10D6400061D1237E013B062BAED801210020F3F7E8
:10D6500045FC054690B940F618613920F2F76CFF99
:10D66000072DA1D8A90706D5022D9DD1294B5B799D
:10D67000002BA6D198E7002D96D0A2E7A830F9F7A5
:10D6800073FA18B195F854309A073ED1657EE27866
:10D69000003DA178A06818BF0125012AB4F800E078
:10D6A00014BFB2FA82F2022294F818C018BF5209CD
:10D6B000CB071FD54B0726690BD56769F31998422D
:10D6C00007D243089E4228BF1E46831B9F4228BFA5
:10D6D0001F46104B83F82150002519775A77A3F87D
:10D6E0001EE083F820C083F82410C3E90A06C3E9CA
:10D6F0000C875AE7022902D1D4F81080E9E74B07DA
:10D7000048BF2769E5E711254FE70C254DE7002DB8
:10D7100097D04AE71C0600212DE9F041054688B064
:10D72000002002F0A1FA2B78AC788DF804306B78E9
:10D7300004F001068DF806408DF80530630748BFF8
:10D74000013602F0DFFA844349D10DF1060102AA45
:10D7500005F1030840F2712E10468C46E3B29E425A
:10D7600019D8214B93F8200093F839308DF81C001C
:10D77000A8788DF81D3030F0050332D110F0050F78
:10D780002FD01A4CD8B2864217D801A8FFF706FF4F
:10D7900008B0BDE8F08104EB8403013418F803708D
:10D7A0002B440CF8017F9F88DB880EFB07F70EFBEC
:10D7B00003F340F8047F8360D0E711F8010F0128DC
:10D7C0000FD8D068A0F6C410A04206D852F8040FB3
:10D7D0000133A0F6C410A042D4D93020D8E71120DC
:10D7E000D6E71220D4E700BF1C060021CBF370025D
:10D7F00000B589B0437940F271218DF80430837906
:10D800008DF8053001238DF8063003788DF8073048
:10D81000B0F801304B430393B0F803204A430D495D
:10D8200091F820100592A2F6C4128DF81C10002168
:10D830008DF81D1008498A4209D8A3F6C4138B42FB
:10D8400005D801A8FFF7AAFE09B05DF804FB302057
:10D85000FAE700BF1C0600213C369C002DE9FF4181
:10D8600006460078012813D17378012B03D9022BC7
:10D870000CD1B38853B17288B2B1B388A3B10A2175
:10D880004A434FF4A0614B439A420DDB12247AE0E5
:10D890000028FBD10121F3F721FB0546002840F0C9
:10D8A0008E8040F6727107E001210020F3F716FB2D
:10D8B000054620B940F617713920F2F73DFEB388CE
:10D8C000002B76D1F7F7A8FB002874D195F8143116
:10D8D000002B72D12846FFF777F904460028D5D1EE
:10D8E0000121DFF830810846F3F7F8FA98F838108C
:10D8F000074619B110B940F63371DDE798F81C20DE
:10D900000023CDE9023312F001031CBFD8F82C002C
:10D910000290520741BF04AA02EB8303D8F83420D7
:10D9200043F8082C002941D097F81431002B3DD042
:10D930007388DBBB98F81C303846009302ABD8F8EC
:10D94000282098F81E10F7F787FD78B33846F9F7C6
:10D95000B7F907F14003064605F14002683753F86E
:10D96000041BBB4242F8041BF9D12846FFF72CF9EF
:10D97000024610B140F65A719EE70C2E07D10146BF
:10D980002846F9F7A9FE204604B0BDE8F08116B19B
:10D9900040F6637190E798F81D302846296D43F0F2
:10D9A000040385F85430F9F765FEECE7B288718816
:10D9B000E6E71124E7E73A24E5E70C24E3E7F9F783
:10D9C000C9F804460028DED195F8543095F8A62011
:10D9D00022B195F8A720134385F8A600053B012B3B
:10D9E000D1D82B6D13B940F6827165E70121084645
:10D9F000F3F774FA4FF4C0722946064613F02AFB77
:10DA0000002386F894300423316D304686F8543074
:10DA1000C9E700BF1C0600212DE9F04F457A8BB005
:10DA20000446A90706D46A070AD1122420460BB07F
:10DA3000BDE8F08FAB4B1B7913B945F0010545727A
:10DA4000072DF2D802F05EF935EA000040F08E8032
:10DA500094F8483053B9012DE7D1A369A24AA3F243
:10DA60005373934200F25381012602E015F0010640
:10DA7000F3D1AB0745BF731CB1464FF0FF09DEB2CF
:10DA80006F070AD5B31D994A54F82330A3F6C4137F
:10DA9000934200F23C810136F6B204F1080704F12A
:10DAA00022054FF000085FFA88F39E422BD82378B6
:10DAB0009A1E022A5AD9012BB7D813B9A378012B81
:10DAC000B3D86378032BB0D894F84930013B062BC8
:10DAD000ABD8844F01210020F3F700FA97F83830D3
:10DAE0000546002B5BD101210846F3F7F7F9002822
:10DAF00018BF054605F1A800F9F736F806460028D4
:10DB000067D00C2492E7994532D0D7F804A03B693E
:10DB100053458AD86A8B2B8C9A4286D80120B5F857
:10DB200014B06988EB892A89CDE900B00020CDE9DD
:10DB30000213FEF77BFE002800F0E980B8F1000F29
:10DB400028D02888029988427FF46FAFE9889142F3
:10DB50007FF46BAFAA89039B9A427FF466AF6B8A0E
:10DB60005B457FF462AF3B689A4513D011245DE7B3
:10DB7000012E0FD13A695E49A2F57A738B4200F209
:10DB8000C6807B68A3F57A70884200F2C0809A4212
:10DB90003FF64BAF08F101080437023583E7A830A0
:10DBA000F8F7E2FF00289ED06FF00043D5E92A1273
:10DBB0009A4208BFB1F1FF3F95D1637A284600939E
:10DBC00004F11803E2686178F7F746FC064600287E
:10DBD00089D02846F7F726FA08B13A2426E72846DE
:10DBE000F7F71AFA0028F8D1BB7E53B905AF0593B1
:10DBF0007B6006238DF81A303846F3F7A9F9002820
:10DC000065D000210DF11200F3F7F4F80746002863
:10DC10007BD001232246BDF81210FEF7F1FF3846F3
:10DC200009F0E0FA1EB961782846F7F79BFB04F18A
:10DC30000309A278217828464B46F7F72BFB0028EA
:10DC400061D016B92846F7F791FB4B46A2782178A8
:10DC50002846F7F7C1FB94F80980B8F1020F05D008
:10DC600002F050F808EA000808F005084146284686
:10DC7000F7F7E6FA16B9042385F854302F654A46BB
:10DC8000A07814F093FA01462846F7F7C1FB2378F1
:10DC900083B301212846F7F7D7FB01212846F7F780
:10DCA000D7FB002E35D004212846F7F723FB0028A8
:10DCB00040F082800C2400213888F3F725F90028F1
:10DCC0003FF4B4AE41F296413920F2F735FC059BA2
:10DCD00093F8CD20802A8FD093F8E530002B8BD09D
:10DCE0000FE700BF1C0600213CF67002CBF3700268
:10DCF000A7F970024A46A1783846FEF75DFE002873
:10DD0000C7D00B24D7E71224D5E70D248EE63024A4
:10DD10008CE6637AE16813F001028DF814600691D5
:10DD200004D0A069079001208DF814009E070DD53E
:10DD3000022B09D1901D54F8200008909DF8140082
:10DD400040F002008DF814000132D2B258071BD502
:10DD50009DF81400063203F0050354F8222040F029
:10DD60000400052B09928DF814000DD107981318A3
:10DD7000994209D24B08834228BF03460793CB1A26
:10DD8000934294BF0993099205A92846F8F7F2FE39
:10DD900094F848102846003918BF0121F7F776FAA1
:10DDA00094F849102846F7F747FA2846F7F7F4FBA6
:10DDB00039462846F9F75EFC002437E610B543796A
:10DDC00094B0032B57D823F00203027940F271215B
:10DDD0008DF80630D0F806308DF80420CDF80730E5
:10DDE0004389027BADF80B3001238DF805208DF8B7
:10DDF0000D3003884B43049342884A430792A2F6AE
:10DE0000C412847B417B41EA0421ADF82810047CD4
:10DE1000C17B41EA0421ADF82E10847C417C41EAAB
:10DE20000421ADF83410047DC17C41EA0421ADF831
:10DE30003A10417D847D41EA0421ADF84010C17D56
:10DE4000007E41EA00210E48ADF8461000218DF811
:10DE50004C108DF84E100B4990F820008A428DF836
:10DE60004D000AD8A3F6C4138B4206D801A8FFF7C9
:10DE7000D3FD14B010BD1220FBE73020F9E700BF3E
:10DE80001C0600213C369C0030B5044695B00020AD
:10DE900001F0EAFE01A92046FEF73EFD054601F02D
:10DEA00031FF9DF80D4034EA000002D0112015B07A
:10DEB00030BD14F0050F1CD0072C1AD801F022FF3A
:10DEC0008443F3D103AB0C49E2B2954203D801A8D5
:10DED000FFF7A2FDEBE71A69A2F6C4128A4206D840
:10DEE00053F8042F0134A2F6C4128A42ECD9302030
:10DEF000DDE71220DBE700BFCBF3700273B506232A
:10DF00000025CDE900558DF806306846F3F720F876
:10DF100008B1002610E0009D95F8CD30802BF4D09C
:10DF200095F8E560002EF0D095F83131002BECD15A
:10DF300095F8CC30002BE8D101210020F2F7CEFF7C
:10DF4000044620B941F2C9413920F2F7F5FAA83068
:10DF5000F8F70AFE224B93F8383073B3E0B194F827
:10DF60005430053B012B17D82046F8F7A9FE05468B
:10DF700010B141F2D441E7E72046F7F759F894F899
:10DF800054302A46294623F00403204684F85430AE
:10DF9000F9F7A2FB00250DE001210846F2F79EFFEC
:10DFA000044610B94FF4A751CEE7A830F8F7DCFDCE
:10DFB00060B90C25284602B070BD28B9002EF8D0F3
:10DFC000FF2385F8CC30E5E7002EF9D12046F8F79D
:10DFD00077FE05460028EDD12046F7F729F8E9E756
:10DFE0001C060021F7B5067804460F46EF2E03D92C
:10DFF0001226304603B0F0BD90F901204378002A84
:10E00000F6DB82789207F3D113F0100048D19D0619
:10E0100003F0030241D5002AEAD119074FD503F0D6
:10E020006702012AE4D1627A013A062AE0D8A27A8C
:10E03000032ADDD813F0040102D1023A012A03D8E1
:10E04000E27A012AD4D811B9A27C032AD0D8227D41
:10E05000002847D0012ACBD1237E012BC8D8002825
:10E0600050D06378D90703D501F0F4FC002850D0D4
:10E070006378227D03F01803082B5AD1022A48D175
:10E0800003213046F2F72AFF0546002857D018F042
:10E09000EBFE00285FD00C26ABE7032ABDD1A7E733
:10E0A00013F0600FA4D103F00702052A05D003F096
:10E0B0000F010D22CA40D2079AD51D07B3D421798A
:10E0C000E278E57942EA0122617942EA0142A179E6
:10E0D00041EA0521257A41EA05418A4288D81F2A6A
:10E0E000A1D885E7022A04D103F06F03092B7FF43E
:10E0F0007FAFA37D013B022B3FF67AAFE37D0F2B71
:10E10000AAD975E701F0FEFD820707D4237D022B13
:10E1100001D111266DE7A37D022BFAD001F0F2FDAB
:10E1200043079ED4237D032BF3D0A37D032B98D1EB
:10E13000EFE7022AA4D0237F002BA1D0E9E7032137
:10E140003046F2F78FFE0546002843D0224B93F964
:10E150005C1018F0ECFF0021304619F096FD28BB4A
:10E16000284619F0ACF821463870E074284606F0CD
:10E1700043FDE37E0646002B3FF43BAF00287FF4CF
:10E1800038AF0246E96C6846F3F70CF83246E86CA3
:10E19000012113F0C5FDE96C68460422F3F702F88B
:10E1A00032463146E86C13F0BBFD22E7403018F0F0
:10E1B0000AFC0028D4D0637813F0330F7FF418AF33
:10E1C000A67D2846296A19F0A6F8FEF7ADFC86421E
:10E1D000C6D060E707260CE71C06002130B502799F
:10E1E0008BB00346042A4FD84088B0F5804F4BD8F7
:10E1F000264900241144ADF800408DF808408A7C7F
:10E200004D7B42F010028DF8244042EA4502CD7D5C
:10E21000097F42EA850242EAC102694602F01F0212
:10E220008DF80020BDF80020ADF809201A888DF87F
:10E230000E00000A8DF80B20120A8DF80D408DF8A3
:10E240000C208DF80F008DF810405A7BD3F8070092
:10E250008DF811205A79059002A88DF812209A792C
:10E260008DF81320B3F80B209B7BADF818208DF8A8
:10E270001A307F238DF81B304FF00113CDE907349E
:10E28000FFF7B0FE0BB030BD1220FBE714330301E3
:10E29000F7B5B0F801200546B0F803309A4202D92C
:10E2A000122003B0F0BD052AFAD9052BF8D9B0F831
:10E2B0000530002B40F09D8003210078F2F70EFE20
:10E2C0000646002800F0978019F000F80028E7D1F2
:10E2D000304619F016F80028E2D1304618F0F2FF67
:10E2E0000028DDD1304618F0F5FF01460028D7D1CF
:10E2F000287819F0CAFC0446002850D10621287855
:10E30000F2F7ECFD0746002850D1BCB906202F7863
:10E3100013F041FC00285DD006213846F2F7A2FD3B
:10E32000002857D080F8E5400446374B2146384650
:10E330001B68984706F12803C4F8B030E28D94F8C2
:10E34000300094F834104FF6FF7301F0FF070029F6
:10E3500055D19A4247D000280CBF23273B27A068FD
:10E3600013F070FDB5F80320014640F2E2407379E6
:10E3700042432046009719F0D3FC00283DD004F119
:10E380004001284614F026F873793046237418F0BB
:10E3900096FF0146204619F0D5FC002081E7403069
:10E3A00018F0C7FA0028A9D00C207AE790F8E530D9
:10E3B00043B10146287819F0C7FC134B3946287839
:10E3C0001B68984706F12803C7F8B030002387F888
:10E3D000E5309AE704213846F2F744FD0446002868
:10E3E000A3D107205DE794F83530002B18BF09272B
:10E3F000B5E7112055E7422053E7452051E79A42FF
:10E40000A9D10927ABE700BFDC1000212DE9F743B4
:10E41000074603214078F2F761FD0546002800F029
:10E42000BA8004217878F2F759FD044606217878FD
:10E43000F2F754FD06462CB1C8B141F60961392006
:10E44000F2F77AF818B90C2003B0BDE8F08304465F
:10E4500090F8E5803B7804F1400913F0010F48463D
:10E4600000F08C8018F065FA18B10020ECE78046C7
:10E47000F0E7284618F02AFF0028E4D1284618F0D3
:10E4800040FF0028DFD1284618F01CFF0028DAD111
:10E49000284618F01FFF0028D5D13B78C3F340036E
:10E4A000A373B8F1000F26D06B794846627B2374C2
:10E4B00095F846301B0963F30712627303F032FDCF
:10E4C000002E43D113F02AFE206002F0AFFD20F0B1
:10E4D0007F406060284618F0C7FC0028C5D0B8F11E
:10E4E000000F3FD02F4B48461B6898470028BCD0F0
:10E4F00041F65861A3E7A06813F07CFC0028A2D184
:10E50000E28D94F8300094F834104FF6FF7301F068
:10E51000FF07002941D19A4212D000280CBF2327BF
:10E520003B27A06813F08EFC6B79014600972046CC
:10E53000D4F8982019F0F4FB0028B5D1452083E7E2
:10E5400094F83530002B18BF0927EAE7B8F1000F1F
:10E55000B8D013F0E3FD144BC6F8B8001B7E86F864
:10E56000CB30AFE7114B42464846596903F0FAFCFD
:10E5700000283FF47AAF41F65D6160E7B8F1000F23
:10E5800004D003B0BDE8F04319F0E0BB03B0BDE830
:10E59000F04318F0ADBA422056E79A42BDD10927A0
:10E5A000BFE700BFF41000211C060021AC0A0021C7
:10E5B0000378072B73B5044600F29E8013F0010325
:10E5C00007D142780F2A00F299808278012A00F25E
:10E5D0009580B4F80920B2F5FA7F80F08F80B4F806
:10E5E0000B2043F6F6710A3A92B28A4200F2868014
:10E5F000627B1F2A00F2828002F01702172A03D1E1
:10E600000C24204602B070BD6D464BB901930093B7
:10E6100005238DF806302846F2F79AFC002849D0E9
:10E6200028460521F2F7E6FB0546002868D0354B61
:10E630000146BDF8000005F150061B689847BDF87B
:10E64000003030462B812378C3F3400383F001036D
:10E65000EB742378C3F380032B756378AB72A378D4
:10E66000EB722378C3F30003AB75637B2B76D4F88E
:10E670000330EB60B4F807302B82A27A637A43EA66
:10E68000022342F21072A5F8B030B4F80B305343B5
:10E69000C5F8B43003F056FC2846F6F7D3FF04461D
:10E6A00010B3304618F024FAA0B142F2A11139207B
:10E6B000F1F742FF00986378827A9A42ABD100F179
:10E6C0000C01E31CA278C07A16F093FA0028A2D0BD
:10E6D0000B2496E70521BDF80000F2F715FC002891
:10E6E0008ED042F2A211E2E7074B1B68002B88D0C4
:10E6F000BDF80000984784E7112482E7122480E7E0
:10E7000007247EE7E0100021E4100021014913F006
:10E710007ABD00BF240600210278034672B1427818
:10E7200062B142881A2A09D982881A2A06D9006851
:10E73000034A106000209B88938070471220704726
:10E74000AC0A002102680020014B9A60704700BFAC
:10E75000AC0A002102680020014BDA60704700BF5C
:10E76000AC0A00210378A3F10A02112A9BBF024AD6
:10E770000020122013747047AC0A00210378FF2B8D
:10E7800015D14378FF2B12D18378FF2B0FD1C3789B
:10E79000FF2B0CD1037923F0E0021F2A07D11F2B96
:10E7A00005D05B09034A002082F820307047122010
:10E7B000704700BF1C0600210378012B9DBF03F0AA
:10E7C0000103034A0020122098BF82F839307047B5
:10E7D0001C06002102680020014B5A61704700BFEF
:10E7E000AC0A0021014B1876002070471C0600215E
:10E7F000014B5876002070471C0600212DE9F04F90
:10E8000004468BB000780591FAF7BEFDA37B082182
:10E810000393F2F763FB0646002843D0D0F89C60D0
:10E82000002E3FD06FF404724FF000084FF00E0935
:10E83000B71846460DF12602214697F8B801FBF7B6
:10E8400043FDA8B9039D0135EBB2039397F8C73098
:10E85000002B18BF46F00106FB7F002B18BF48F0C5
:10E860000108D7F81172F7B16FF404731F44E1E7A0
:10E870009DF8263009FB0342B2F8112052B109FB82
:10E880000343B3F81330002BEBD197F83030002B53
:10E89000E7D003E097F8D820002AF0D00C200BB086
:10E8A000BDE8F08FB046039B1F2B01D91220F6E77D
:10E8B0002378EF2BFAD8B4F8093040F67C42049361
:10E8C000043B9BB29342F1D894F80EE000230E2152
:10E8D000DAB2964536D876B1A278637843EA022355
:10E8E000E27843EA02439D4A03F18073FF3B23F041
:10E8F0007F439342DAD8B8F1000F0ED062792379C2
:10E9000043EA0223A27943EA0243944A03F1807363
:10E91000FF3B23F07F439342C8D8E379002BC5D057
:10E92000237A002BC2D0E37A072BBFD8237B012B9D
:10E9300002D9BEF1010FB9D8637B022B069311D126
:10E940001120ACE701FB03420133B2F81100B2F829
:10E950001320002818BF46F00106002A18BF48F00F
:10E960000108B5E7A2D804F10F03A04626464FF0F0
:10E97000000907935FFA89F2964508D801F0C2F9B9
:10E98000039B06460E2B40F29B80092087E7F17B14
:10E99000EF298BD80023D8B2904205D00E20079DD6
:10E9A0005843285C884281D00133D8B28645F2D8DA
:10E9B00096F810A00AF1FF331E2B3FF677AF0E2119
:10E9C00001FB0941B1F81120B2F5805FBFF46EAFD1
:10E9D000B1F81330B3F5805FBFF468AFB1F815003C
:10E9E000FB283FF663AFB1F81710FB293FF65EAF87
:10E9F00096F81BC0BCF10F0F3FF658AF377F0F2FB3
:10EA00003FF654AF52EA030B9AD050EA010B97D06D
:10EA1000BCF1000F04D1002F92D052EA000B0BD0B2
:10EA2000002A8DD000288BD0BCF1000F88D043EA9B
:10EA3000010B5BEA070B07D0002B81D000293FF4C4
:10EA40007FAF002F3FF47CAFBC45E34638BFBB46E9
:10EA5000DA45FFF475AF069D75BBB8B1024494F872
:10EA600002B094F801A0013A049D4AEA0B2A94F8F6
:10EA700003B0B2FBF0F240F2E2404AEA0B4A6843CC
:10EA8000B0FBFAF0424362453FF610AFA1B10B4430
:10EA900040F2E2426079013BB3FBF1F304994A434F
:10EAA000217941EA0021A07941EA0041B2FBF1F26B
:10EAB0005343BB423FF6FAAE09F101090E3659E75E
:10EAC0000EF0EAFD05460FF06FF894F80EE0002115
:10EAD0004FF00E0CCBB29E4513D840F2E243B4F88F
:10EAE00009500027E07A5D4301F0DEFE0146BA4698
:10EAF0002846B9460FF0B8FD4FF096083D46039002
:10EB000052E098F819200F46002A3FF419AF531E1F
:10EB100013427FF415AF98F81A30002B3FF410AF72
:10EB200003F1FF3919EA030F7FF40AAF16423FF4ED
:10EB300007AF1E423FF404AF0CFB0143B3F81130A2
:10EB400083423FF6FDAE0CFB0743013108F10E088E
:10EB5000B3F81330AB42BDD9F2E600BF00FF0F009F
:10EB60000E23039901375E4306F10F02224410463B
:10EB7000049213F082FC8346FAF764FE00283FF407
:10EB800095AE049A00212644D944104613F075FC32
:10EB90000BF19602121A904538BF9046327C92458E
:10EBA00002FB0B5538BF9246A37BFEB2B342D7D8C7
:10EBB0002078FAF7E9FB0821F2F790F950B3D0F882
:10EBC0009C603EB36FF4047B0DF1260221465E4447
:10EBD00096F8B801FBF778FBC8B903990490304662
:10EBE00013F063FC049B07463046194613F05DFCA6
:10EBF000B6F8B631B9443B441B1A984538BF98461D
:10EC000096F8B9319A4503FB075538BF9A46D6F8AE
:10EC10001162D6E7237B012B08BF0AFB09F5B8F583
:10EC2000FA7F38BF05F5AF75FAF718FE38B9B4F8B2
:10EC3000093040F2E2425343AB42FFF481AE207808
:10EC4000FAF7A2FB0821ADF82400F2F747F90546D0
:10EC500040BB082109A8F2F7CDF8054600B300270C
:10EC6000FAF74AFB05F1200003F05CF995F8906093
:10EC7000002E7FF413AE09204FF00E0A12F08BFF26
:10EC800094F80E808146A27BF3B29A420CD8C1451B
:10EC900080F0E08027B90821BDF82400F2F734F9AC
:10ECA0000720FCE50127E1E70AFB03432846D97B5F
:10ECB000FAF786FB18B108F1FF385FFA88F80136D9
:10ECC000E1E709FB074A28469AF80F10FAF778FBA4
:10ECD0000646002840F0A58009210DF12600F2F734
:10ECE00089F8064620B942F657213920F1F724FC6D
:10ECF000F9F798FEBDF82430A6F8AE31BDF826B07D
:10ED0000A6F8B0B19AF80F30A6F8B8B086F8B831C6
:10ED1000D5F89C30A6F810B006F211263360C5F87D
:10ED20009C60059B08F1010803EB4707A7F802B0B8
:10ED3000A67B5FFA88F7BE42C3D801232B702378E5
:10ED40002B75A3786278217942EA0322E37842EABC
:10ED50000342637941EA0321A379AA6041EA0341AE
:10ED6000E960E3796B75237AAB75637B002B14BF85
:10ED700001200020E87517D10E2740F2E24CD8B2EE
:10ED8000864211D907FB0340B0F81100002866D075
:10ED9000B4F809000CFB00F0B0FBF2FE02FB1E0011
:10EDA00000285CD00123EB75B4F8093040F2E24250
:10EDB0004FF000080E275343A5F87C20AB676B602B
:10EDC000237B2B76A37B5FFA88F6B34258D8AE6FCD
:10EDD000E07A01F069FD014630460FF045FC2B7EDC
:10EDE0000746D5F89C60002B40F0D080002E00F044
:10EDF00099806FF4047906EB09081E4639464046AF
:10EE000013F053FB98F8B931C8F89C0100FB036676
:10EE1000D8F81132002B00F085806FF40478984404
:10EE2000ECE7D0F81132B0F8B0B10393F9F7FAFD7E
:10EE3000BDF82420039BA6F8AE21A6F8B0B19AF83D
:10EE40000F20C6F8113286F8B821A6F8B8B0A6F897
:10EE500010B066E74FF000084FF00E0968E707FBB7
:10EE60000340B0F8130048B1B4F809000CFB00F0FF
:10EE7000B0FBF1FE01FB1E00002893D101337EE7B9
:10EE800007FB0646284608F10108F17BFAF798FAD5
:10EE9000014610B942F6B02127E7337C80F8B9313A
:10EEA000B27C737C43EA0223A0F8C430327DF37C49
:10EEB00043EA02238383EB7D80F8D43080F82C3042
:10EEC000B6F8153080F8C630B6F817308377707E04
:10EED00013F072F981F89001B07E13F06DF981F8AA
:10EEE000B000F37E81F8C730337FCB77A2786378A8
:10EEF00043EA0223E27843EA02436279C1F8CC3064
:10EF0000237943EA0223A27943EA02434B626B6806
:10EF1000C1F8D0308B626B7D81F8C930AB7D81F850
:10EF200021304FE7D5F89C302E616BB16FF4047E31
:10EF3000734493F8B921D3F89C11C3F8986101FB8D
:10EF40001266D3F81132F0E7EEB92B696A7DE87DDD
:10EF50000093D5E90113FAF765FC2B69AA7D0646F3
:10EF6000E87D0093EB686968FAF75CFCD5F89C30A3
:10EF7000002B3CD06FF404721344C3F8BC6058619A
:10EF8000D3F81132F4E742F6E421AEE6BEB16FF4F5
:10EF9000047C06EB0C080026B1463946404613F0C7
:10EFA00084FA98F8B93181449E4238BF1E46D8F899
:10EFB00011322BB16FF4047003EB0008EDE7B1469A
:10EFC00009FB06F6D5F89C302E61002BBDD06FF4FE
:10EFD000047103EB010839464046C8E9666913F03D
:10EFE00064FAD8F81132002BAFD0361AEFE7237845
:10EFF0000020059A1370A37B537050E42DE9F0476D
:10F000000446BEB000780F46FAF7BEF9082194F81E
:10F010000E80F1F763FF054618B3D0F89C5005B396
:10F020006FF40472AE180025A946214696F8B8017F
:10F03000FBF73AF970B996F8C73008F10108002BD0
:10F0400018BF49F00109F37F5FFA88F8002B18BF59
:10F0500045F00105D6F8116226B16FF404731E4421
:10F06000E3E7A946B8F11F0F00F2F8802378EF2BF1
:10F0700000F2F480E379072B00F2F080237A012B71
:10F0800003D9A37B012B00F2E980637A022B04D120
:10F09000112528463EB0BDE8F08700F2DF8094F8E5
:10F0A0000EC0264622460023D9B28C455DD8B9F160
:10F0B000000F17D0A278637843EA0223E27843EA8C
:10F0C0000243684A03F18073FF3B23F07F4393427E
:10F0D00000F2C480638940F69B72053B9BB2934269
:10F0E00000F2BC80BDB16279237943EA0223A279A0
:10F0F00043EA02435B4A03F18073FF3B23F07F4303
:10F10000934200F2AB80A38940F69B72053B9BB211
:10F11000934200F2A38000F0F5FDB8F10E0F00F26B
:10F120009F8094F80EE0002340F6896CDAB2964591
:10F1300049D82B464A4609A92046FAF7DDFB054681
:10F140000028A6D101A909A8FFF758FB0546002809
:10F150009FD12078FAF718F94FF6FF7398424BD1F8
:10F1600042F639013920F1F7E7F9D17BEF2975D85B
:10F1700003EBC3012144B1F810E0BEF5805F6DD20E
:10F18000498AB1F5805F69D292F814A0BAF1070FED
:10F190003FF67EAF507D013806283FF679AFBAF1D1
:10F1A000000F3FF475AFBEF1000F09D100293FF405
:10F1B0006FAF002918BF45F001050133093273E72D
:10F1C0004FF00109F5E7317D1A4608423FF460AF80
:10F1D000717D08423FF45CAF03EBC3012144098A0F
:10F1E00061453FF655AF02EBC202013309362244B6
:10F1F000528A62459AD94BE70821F1F76FFE8046A3
:10F2000050BB42F63B01ADE706EBC606404609F1AE
:10F2100001092644F17BFAF7D3F810B94FF42151D4
:10F22000A0E7B37D80F8D530F37D80F82D30A17B49
:10F230005FFA89F6B142E7D82378002279703B70F3
:10F2400001ABD0B281427FF624AF07EB420033F826
:10F25000024F01324480F4E7A946E8E7122518E797
:10F26000092516E700FF0F00024B1B6803B1184782
:10F27000112070471411002138B5038804469AB252
:10F280000B80B2F5706F3ED28278012A3BD8C078ED
:10F29000FF2838D02179032901D1237B9BBBA57A94
:10F2A000637A43EA0523E57A43EA0543184DAB4206
:10F2B00029D850BB032928D182F0010505F00105AA
:10F2C00072B109212088F1F709FE78B90B21208855
:10F2D000F1F704FE78B12946BDE8384014F033BD9B
:10F2E0000EF052FC0028ECD10C2038BD2946BDE8B8
:10F2F000384014F0E2BC0C212088F1F7EFFD002823
:10F30000E9D10220F1E71220EFE71120EDE700BF7D
:10F3100000093D0037B5002504460DF106010DF149
:10F3200005008DF80550ADF806500EF035FC074B82
:10F3300028465A8822801B78A370BDF80630A4F8AE
:10F3400003309DF80530637103B030BDAC0A002175
:10F350002DE9F04F03788DB00546EF2B03D912202D
:10F360000DB0BDE8F08F4378EF2BF8D88378013BE0
:10F370001E2BF4D80279C37843EA0223427943EA88
:10F380000243554A03F18073FF3B23F07F439342CE
:10F39000E5D8C38840F67C42043B9BB29342DED85A
:10F3A000037A013B1E2BDAD8B0F8093040F6FE7222
:10F3B000013B9BB29342D2D8B0F80B30013BFA2B01
:10F3C000CDD8467B002ECAD0731E3342C7D100F081
:10F3D00099FC864376D1AB7B012BC0D8EF7B022F03
:10F3E00070D0BCD8297C4B1E062BB8D8687C431E35
:10F3F0000E2BB4D8AB7C0F2BB1D8EA7C012AAED847
:10F400002A7AB2FBF1F401FB1422D2B2002AA6D16F
:10F41000A042E2B2A3D806D0002BA0D0121A5343C8
:10F42000DBB2142B4ED8DFB940F2E242EB88E87829
:10F4300053432A7940EA02206A7940EA0240B3FB4A
:10F44000F0F200FB12335BB9B5F80B00B5F80930E8
:10F450000344013B93FBF0F35A4392B28A4231D802
:10F460000121687818F011FC0746002800F0E881B7
:10F47000C28D4FF6FF739A4240F0E281EB7C002B85
:10F4800090F8342080680CBF23243B2412F0DAFC6F
:10F490003B7C00940146D7F89820384618F040FC91
:10F4A000002800F0CF81B5F80930B5F80B000193C2
:10F4B000AB7CC0B200936B7C2A7C297A18F037FFB2
:10F4C000804608B911204BE70B2012F064FBAB78A3
:10F4D000834203D90D2043E700FF0F000A2128785B
:10F4E000F1F7FCFC002840F0AF810A212878F1F701
:10F4F000B9FC04460028EDD040F2E243B5F806908E
:10F5000003FB09F918F064FE032384F838302B78E4
:10F5100084F839300123A97884F83C3084F83A1013
:10F5200084F83B102B7A84F83E3084F83D30EB7C35
:10F53000003B18BF012384F857302B7C84F85430EB
:10F54000AB7C84F855306B7C84F85630B5F80B30C2
:10F5500084F858302A79EB7843EA02236A7943EA3F
:10F5600002436366A87A6A7A42EA0022A4F85A2023
:10F57000E87B20B9B9FBF3F203FB129323B9B0F196
:10F58000000818BF4FF0010884F86E80687B12F005
:10F5900013FE84F86F003B7C032B03D1042808BFC3
:10F5A00084F86F30012903D9AE7B003E18BF0126D5
:10F5B0004FF0FF324FF0FF3384F89C60002608467E
:10F5C000A4F80261E681C4E90423FDF7E5F8C4F874
:10F5D000A00001F02BFDA4F8A4006B783146D4F80C
:10F5E000A00084F8A630267612F0B8FD3146C4F8A3
:10F5F0003C01B4F8A40018F097FE94F85730C4F812
:10F60000400194F86F1094F8580084F8443126773C
:10F61000E67603B1043012F0A7FF04F15C0394F81E
:10F620003A20064694F83E1094F89C00029304F1A8
:10F630006003CDE90063EB8818F0AFFE94F83E104C
:10F6400094F83A000096D4E9173218F01EFE94F8A8
:10F650006E2094F83E30A066039294F855200292F2
:10F6600094F85620019294F8542000924A46616E14
:10F6700018F045FE2065204618F07CFEA4F86C00CA
:10F6800004A801F047F920B943F27E113920F0F7C0
:10F6900053FF04A9204615F0A6FC94F8573063B335
:10F6A00004F1400805F1140305F12401424653F822
:10F6B000040B8B4242F8040BF9D1182108AE0DEB74
:10F6C0000100F1F7E1F906AB04F1A80203CB94467F
:10F6D000C4F89000C4F894103346083203CB42F8C3
:10F6E000041C0CA942F8080C1E468B42F4D104F10C
:10F6F0008002614640460BF0F5FE94F8573094F8CE
:10F700003E2094F83A1094F89C00029394F86F30DD
:10F710000193E36D0093236E18F0C8FD00F5617A44
:10F72000D14509D20A212878F1F7EEFB00283FF4F1
:10F73000C9AE43F2BF11A9E704F1C80B584602F065
:10F74000F1FB95F8028008F1FF384FFA88F8B8F11C
:10F75000000F0FDA40F2E243012251465846C4F846
:10F760002091A4F8243102F0FDFB00285AD043F286
:10F77000EE118BE70B2106A8F1F73CFB064610B90A
:10F7800043F2CC1182E75FFA88F818F039FEBDF831
:10F79000183008F10101A6F8F230C9B286F8F0106D
:10F7A00094F8573086F8EC302B7886F8F430D4F89B
:10F7B000A00012F0D3FC96F8F010C6F8E400B4F8FC
:10F7C000A40018F0B1FDBDF81830C6F8E80000221A
:10F7D0003380304694F86F3086F8D830FB7B86F85B
:10F7E000D9300023C6E9322394F86E304FF0FF324F
:10F7F0003377B4F85A30B38194F85830B37394F82F
:10F800005430F373636EC6E90539002373744FF007
:10F81000FF3319F07DFFD4F8983046F8F83FC4F86C
:10F82000986090E7D4E94432293342F10002C4E9F8
:10F830000C3294F8573087F830302B78FB858FE501
:10F8400042208DE545208BE50C2089E50279C378BF
:10F8500043EA0223427943EA0243224A03F18073D6
:10F86000FF3B23F07F43934230B504468BB002D96F
:10F8700012200BB030BD038940F69B72053B9BB252
:10F880009342F5D8837A1E2BF2D8C28840F6FE71D7
:10F89000531E9BB28B42EBD840F689639A4201D942
:10F8A0001120E6E7C57A072DFAD800F02BFA854338
:10F8B000F6D1A378013B1E2BDAD8237B012BD7D8B6
:10F8C000637B022BECD0D3D8A37B012BD0D801A92A
:10F8D00020460BF0E3FB0028E2D001A8FFF738FD3B
:10F8E000C7E700BF00FF0F0008B52B21012001F082
:10F8F0001BFB182000F0C4F908F0F4FD034B044A88
:10F900001A60044B044A1A6008BD00BFE8100021C9
:10F91000C16A0101EC100021EF78020108B52B212A
:10F92000012001F001FB182000F0AAF906F0C4FD47
:10F93000034B044A1A60044B044A1A6008BD00BF16
:10F94000E8100021C16A0101EC100021EF780201EA
:10F9500008B52B21012001F0E7FA192000F090F9F9
:10F9600017F05EFF01F08AFF09F0E6FA014B024A48
:10F970001A6008BDEC100021EF78020108B52B21B8
:10F98000012001F0D1FA192000F07AF918F014F9E9
:10F9900001F074FF09F0D0FA014B024A1A6008BD69
:10F9A000EC100021EF78020108B5054A2421054B2F
:10F9B00001201A6001F0B8FABDE8084006F088BDE1
:10F9C000092502011411002108B50122054B1A7105
:10F9D00004F0A4FF05F04CFF14F0FAFDBDE8084068
:10F9E00001F00EB97C06002110B50C20084C00F087
:10F9F00047F9282000F044F904F10800054914F003
:10FA0000C4FC04F10C000449BDE8104014F0BDBC76
:10FA10007C060021600000216800002110B5094C1F
:10FA2000094904F1080014F0B0FC04F10C00074986
:10FA300014F0ABFC04F110000549BDE8104014F0CF
:10FA4000A4BC00BF7C0600217000002178000021CA
:10FA500080000021014B1879704700BF7C0600210F
:10FA600010B507200B4C00F00BF90C2000F008F942
:10FA700004F10800084914F088FC04F10C0007495F
:10FA800014F083FC04F110000549BDE8104014F0A7
:10FA90007CBC00BF7C060021900000219800002162
:10FAA0008800002110B5094C0D2000F0E9F8084944
:10FAB00004F1080014F069FC04F10C00054914F08D
:10FAC00064FC2420BDE8104000F0DAB87C06002178
:10FAD000A0000021A800002110B5084C0D2000F066
:10FAE000CFF8074904F1080014F04FFC04F10C00B2
:10FAF0000449BDE8104014F048BC00BF7C0600215A
:10FB0000B0000021B800002110B50A4C1D2000F003
:10FB1000B7F8094904F1080014F037FC04F10C00AF
:10FB2000064914F032FC04F110000549BDE810400C
:10FB300014F02BBC7C060021C8000021D00000215D
:10FB4000C000002110B50A4C1C2000F099F80949AA
:10FB500004F1080014F019FC04F10C00064914F03B
:10FB600014FC04F110000549BDE8104014F00DBC70
:10FB70007C060021D8000021E0000021C000002107
:10FB800010B50A4C1E2000F07BF8094904F108006A
:10FB900014F0FBFB04F10C00064914F0F6FB04F131
:10FBA00010000549BDE8104014F0EFBB7C060021B1
:10FBB000E8000021F0000021C000002110B50A4C2F
:10FBC0001F2000F05DF8094904F1080014F0DDFB86
:10FBD00004F10C00064914F0D8FB04F110000549AB
:10FBE000BDE8104014F0D1BB7C060021F8000021D4
:10FBF00000010021C000002138B5074C0D4600F07F
:10FC0000D3FFA068256014F0B8FBFDF721FA01F0DE
:10FC100025FA0123237538BD7C060021014B187D90
:10FC2000704700BF7C06002110B50A4CE06814F054
:10FC3000A4FB206914F0A1FBFDF7B8F9202000F027
:10FC400033F8262000F030F8292000F02DF80023AA
:10FC5000237510BD7C0600210048704791060021E5
:10FC60000048704793070021014B83F81902704741
:10FC70007C060021014B93F8190270477C06002195
:10FC8000C208074900F0070001238340885C034352
:10FC90008B5404490B78934238BF13460B7070475E
:10FCA00018000021960800210F4B012110B503EB2D
:10FCB000D002C40800F0070001FA00F0195D21EA43
:10FCC0000001195509490B78A34205D1002012F80B
:10FCD000014914B100B10B7010BD002BFAD0013BEB
:10FCE0000120DBB2F3E700BF1800002196080021D5
:10FCF000014BD3E90001704718000021004870470C
:10FD000020000021054B1868C0F3C022C0F300207A
:10FD1000400040EA820040F00100704718000021D6
:10FD200008B50EF0DDFC0023074A32F823108142AB
:10FD300005D302EB83029378044A137008BD0133A4
:10FD40000C2BF2D10023F7E73C3303019708002185
:10FD5000024B1878072828BF072070479708002112
:10FD600010B54468238884F87D11A4F87E3194F896
:10FD70007400FCF7E9FE84F8800194F87500FCF744
:10FD8000E3FE054984F8810104F5BA7015F036FEEA
:10FD9000002384F82C3110BD6B46020130B5C1F34D
:10FDA0000723CCB21E4985B0C5B2C0F3072209783B
:10FDB000019049B91946204614F062FC20B9114659
:10FDC000284614F05DFC10B32A40224003EA0201E9
:10FDD0000B46880720D411F0010203D1C1F3800142
:10FDE0008900CAB2990719D413F0010003D1C3F3F3
:10FDF00080039B00D8B2042A04D1BDF80630012B41
:10FE000008BF0322D2B242EA002005B030BD05EAA5
:10FE1000030102EA0403DCE70222E3E70220EAE747
:10FE20009808002140680749038800F26710A0F88D
:10FE3000093010F8FB3CC37210F8FA3C037315F05C
:10FE4000D7BD00BFA54602012DE9FF47446889469A
:10FE5000054694F88DA0AAF1260359425941052A76
:10FE600036D194F88E30282B37D104F18E0799F8CB
:10FE7000018099F8026008F0070806F0070608F10B
:10FE8000FF33721E03EA0803324013431FD130468A
:10FE900014F07EFC60B394F87430984228D094F843
:10FEA0002E21164213D0BAF1260F21D094F86D20DE
:10FEB00016421DD10138013B474AC0B2DBB21044A3
:10FEC000032B00790FD81A441379834210D928469E
:10FED00004B0BDE8F04714F019BCBAF1260F79D18F
:10FEE00004F18D07C3E74FF4E4710620F0F724FB1B
:10FEF000404614F04DFC40B194F87530834204D074
:10FF000094F82F3118EA030FE1D0B9F8039003AB4E
:10FF100020463246009341464B4614F046FC6C683E
:10FF200078BB94F82C31012B28D1B4F8863004F535
:10FF3000307294F87410B4F8300114F098FC06464E
:10FF4000C0B901462846FFF70BFF3E706B6803F10E
:10FF50008E02974202D1002283F88E206B6803F153
:10FF60008E02974232D1284615F049FF002004B096
:10FF7000BDE8F0872C2384F88D30E7E784F82C0166
:10FF8000E4E7B4F88630A4F8C09209F1FF39A9EB90
:10FF9000030947F6FD731FFA89F9994506D9282305
:10FFA000284684F8B13001F071FCD7E794F88E3020
:10FFB0000E2B02D00B3B012B01D82A23F0E7BDF812
:10FFC0000C30A4F8C2322A233B70C7E7002283F822
:10FFD000CA20CBE70220CAE76C330301024B0022A0
:10FFE00083F832209A8670479A080021044B93F8D0
:10FFF0003220012A1ABF036001200020704700BF91
:020000040101F8
:100000009A080021054B024693F8321001291BBFC4
:1000100001209A86002083F8320070479A08002158
:10002000054B024693F8320020B1136009B19B8E54
:100030000B800120704700BF9A080021044B00226A
:1000400093F832009A8610B1012083F8322070476D
:100050009A080021034B93F83200B0FA80F040096F
:10006000704700BF9A08002150B90A4A0120134680
:1000700003F8010B0868C2F801008A889A8070476B
:10008000012805D1034B0A68D8719A608A889A8141
:10009000704700BFD008002150B90B4B187888B1C9
:1000A000D3F80120B3F805300A6001208B80704737
:1000B000012806D1044BD87920B19A689B890A603F
:1000C000F3E70020704700BFD008002110B9044BAF
:1000D00018787047012806BF014BD8790020704777
:1000E000D0080021F7B58A8800238DF80600ADF806
:1000F000042008680B4A8DF807300146147802F591
:10010000A872019DD8B2844201D8082007E052F8B5
:10011000087F01335668AE4208BF8F42F2D103B068
:10012000F0BD00BFE0080021084B0146002230B5B9
:100130005C7803F20113D0B2844201D8082004E0B5
:1001400013F8015F01328D42F5D130BDE008002186
:10015000F8B52D4C63782218013B92F80251DBB2BE
:100160008342637030D01A010101961C8F1C264413
:10017000274406F1100C56F804EB664547F804EBEB
:10018000F9D1823282312244214402F1100652F820
:10019000047BB24241F8047BF9D1E118221891F8AE
:1001A000026182F8026106267343704303F585738A
:1001B00000F58570E618E35827182350B388BB80F4
:1001C00091F83A3182F83A312846FFF7ADFF082816
:1001D00018D12378013BDBB29D42237012D02B3320
:1001E00005F12B0204EBC30304EBC20293E8030006
:1001F00082E803002078FFF797FF08281CBF241827
:1002000084F80251F8BD00BFE0080021F0B5254D8B
:1002100089B095F8984105F299116846224610F088
:1002200019FF2146684614F002FD0446B8B300EBFE
:10023000400102A8C9B2F0F727FC631E95F8A1613E
:100240000124DBB295F8981105E0721CB2FBF1F0C5
:1002500001FB1022D6B206F120020DEB020010F8CD
:10026000202C002AF1D103EB430100F8204C06EBCF
:10027000460220312A44694411F8187C82F8A271A0
:1002800011F8177C11F8161C82F8A37182F8A411DA
:10029000013BAA19DBB282F89941FF2BD2D109B0F8
:1002A000F0BD00BFE008002170B5064688B00C46DE
:1002B000002A4ED0294A92F8A131D01890F899110D
:1002C00019B9FF212820F0F737F903EB4301013377
:1002D000114491F8A251E57091F8A35191F8A4113D
:1002E00025716171002180F8991192F89811B3FB82
:1002F000F1F001FB103382F8A13192F8C23123B939
:10030000174902F5DD7015F076FB65790D220021A5
:10031000684605F03F0545F04005657110F0EEFDBB
:10032000E37804AA69468DF80F30304623798DF8BA
:100330000D508DF80E30042310F07EFB9DF81F3019
:1003400023709DF81E3063709DF81D30A37008B0B7
:1003500070BD03216018F0F797FBD6E7E008002195
:100360000D020101044B5A78824286BF1B1893F894
:100370004A010020704700BFE0080021044B5A7872
:10038000824286BF1B1893F842010020704700BFCD
:10039000E0080021064B00224FF461711A8083F8B7
:1003A000C32183F8C421A3F8C61183F8C221704782
:1003B000E0080021014B83F8C4017047E0080021E8
:1003C000014B93F8C4017047E008002110B51446B2
:1003D000FFF788FE082813D0FFF7A6FE094B5A78CE
:1003E00082420DD904B12070184490F83A3190F847
:1003F0004A01012B08BF40F0010000F0010010BDD0
:100400000120FAE7E00800212DE9F04782468946FD
:1004100017469846FFF766FE08280546064603D0AD
:10042000FFF782FE082860D1324C6378072B5ED834
:10043000082D15D12678731C072E237003D96C2143
:100440002820F0F779F806F12B02D9F8000004EB28
:10045000C20344F83200B9F8042083F806A09A8059
:10046000657807F110026B1C290163704B1C234453
:1004700012F8010DBA4203F8010FF9D1813108F1E8
:100480001003214413F8012D984501F8012FF9D1EB
:1004900025441021404614F012FC102185F8420139
:1004A000384614F00CFC85F802616678002385F864
:1004B0004A013146104885F83A3114F0B8FB01285A
:1004C000054607D831460D4814F0B1FB002818BF87
:1004D0000135EDB284F898510025284684F8A151E1
:1004E000FFF794FE2846BDE8F0871220FBE70720BF
:1004F000F9E700BFE0080021220A00212A0A0021B2
:10050000064B10B55878013840B2002800DA10BD0B
:10051000C4B22046FFF71CFE601EF5E7E00800218C
:10052000014B83F8C3017047E0080021014B93F8A9
:10053000C3017047E0080021431E4AF2B7129BB284
:1005400093429DBF024BA3F8C601012000207047D3
:10055000E0080021014BB3F8C6017047E008002114
:100560000A4B30B55C7884420ED9184490F80201E9
:100570002B3003EBC004A5790D7053F830001060E8
:100580000120A388938030BD0020FCE7E008002113
:1005900070B506460D460CF097FA0BF099F80A482C
:1005A00090F8C34164B1417861B100F18203023037
:1005B0003246002D08BF18460BF056F80BF0AEF887
:1005C000204670BD0C46FBE7E008002108B5064B4D
:1005D000024603EB0113012103F182000BF044F802
:1005E000BDE808400BF09AB8E00800210246074831
:1005F00010B590F8C34124B1417821B102300BF01D
:1006000033F8204610BD0C46FBE700BFE008002190
:1006100008B5084B5A7882420AD91A1892F8422132
:1006200032B903EB00108230FFF73EFE012008BD17
:100630000020FCE7E008002108B5084B5A78824208
:100640000AD91A1892F84A2132B903EB0010023085
:10065000FFF72AFE012008BD0020FCE7E00800218A
:100660002DE9F74F2F4C9A4680468946637883429E
:1006700056D9231893F8425185F00105F9B193F842
:100680004A31E3B945F002070135BAF1000F18D13C
:10069000FA070AD5062104EB0810524601FB08416F
:1006A000823001F58571FFF7FFFDBB0734D504EB00
:1006B0000810524649460230FFF7F6FD2CE02F465F
:1006C000E3E794F8A1614FF0010B002DE0D0A319EE
:1006D00093F89911019399B90092DAB100F08EFC68
:1006E000019B06EB4601009A4FEA102C83F899B162
:1006F000214481F8A201000C81F8A3C181F8A40172
:10070000013694F89831013DB6FBF3F103FB116615
:10071000F6B2DAE747F00407384603B0BDE8F08FD9
:100720000027F9E7E0080021F8B50646174C48B362
:10073000617804F5A17014F07AFA94F8985107469C
:1007400004F29910294614F072FA2D1AEDB2AF4254
:100750001AD800256278EBB29A4201D80120F8BD80
:10076000E21892F842215AB90621324601FB0341B0
:1007700004EB031301F5857103F18200FFF794FD8B
:100780000135E7E70546E5E70020E8E7E008002156
:10079000F0B51B4E89B007460D46737883422CD9BD
:1007A000331893F8424144BB0D222146684610F0AD
:1007B000A5FBEB7806EB071004AA8DF80F3069460D
:1007C0002B7982308DF80E306B798DF80D30042343
:1007D00010F032F92A789DF81F309A420AD16A78CF
:1007E0009DF81E309A4205D1AC789DF81D30E31A71
:1007F0005C425C41204609B0F0BD0020FBE700BF31
:10080000E0080021074B5A78824209D91A1892F859
:1008100042212AB9062202FB003000F5857070479C
:1008200000207047E0080021064B5A78824281BFC1
:100830001B1893F83A01B0FA80F0400998BF0020E5
:10084000704700BFE0080021F8B50E4607460621B4
:100850001546304614F033FA044670B10C4B0022B2
:10086000587803F23913D1B2884202D801242046C5
:10087000F8BD013203F8015FF5E73146384614F060
:10088000F2F90828F3D0024B034483F83A51EDE71C
:10089000E0080021034B80F87C101B680BB1008836
:1008A00018477047181100210B2808B504D940F2E9
:1008B0000D112920EFF740FE014B33F8100008BD61
:1008C0007433030130B5002442F21075A0F84040A3
:1008D000B0F844404C43B4FBF2F4A0F84440541E3A
:1008E00005FB0343B3FBF2F3A0F84230084BB3FB24
:1008F000F2F30133A0F84830838F05FB0344436BC8
:100900005943B4FBF2F4B1FBF2F18463416330BDAF
:10091000005A6202054B1B7833B9054B1A681B79E4
:10092000026003710120704700207047A80A00216F
:1009300028000021054BFF221A70054A016811604A
:100940000179117100221A70704700BFA80A0021B6
:100950002800002107B5064A106812790090684601
:100960008DF80420FFF7E6FF03B05DF804FB00BF3D
:10097000773E03010346084671B13F2B0BD8074A67
:10098000D35C03F07F02914205D08CBF0120002090
:1009900000EAD31070470120704700BF8C33030179
:1009A0002DE9F04F85B08B461546984602A99DF873
:1009B000384014F025FA824620B9039E35B9012348
:1009C00086F89430012005B0BDE8F08F776929469C
:1009D000384610F0FCFE01460028F4D0224B5B881C
:1009E000AB423FD30190384611F045F896F8943069
:1009F00001998146002BA0F801A018BF4FF0020B0F
:100A000080F800B0084611F03EF88246E4B1748FD9
:100A1000D4B10DF0E5FE40F271235C43241841F19E
:100A20000001CAF804102A46414609F10300CAF839
:100A3000004010F00FFB2946384610F003FF28B99C
:100A40008B212B20EFF778FD2146EAE79DF808304F
:100A500033B102A811F046FE039B0022A3F8CA217D
:100A60000023ADE75046AEE7AC0A0021FF230B7030
:100A700002234B7083238B70014B1B78CB70704724
:100A8000CC0A00212DE9F84FD0F804800C46D8F8A4
:100A90001860304610F0E1FF054620B940F25311CE
:100AA0001020EFF749FD0146304610F0E4FFB5F89D
:100AB00000B082461FFA8BF717B940F25711EFE7E3
:100AC000224B00F103091B68D3B998F8003098F85D
:100AD00001202370637802F00F02A4F802B023F023
:100AE0000F03134323F0C00363709AF8003003F040
:100AF0000303012B0FD0022B0DD040F27511CFE76D
:100B00003A464946B8F80000984705460028DCD127
:100B10002846BDE8F88F6278304663F305126270AC
:100B200010F0B3FF054610B940F27F11B8E7FB2F74
:100B300002D94FF4C771B3E73A464946201D10F079
:100B400089FA304610F0E0FEE2E700BF1C110021F8
:100B500038B5134C10220021201D10F0CFF90125CB
:100B6000257404F108031022002104F11400C4E9E3
:100B7000013310F0C3F984F8205004F11803094A36
:100B8000C4E9053300236362A36284F82C30C4F8FF
:100B90002D30C4F8313084F835301360A36338BD8C
:100BA000CC0A00211C11002110B5084C2378FF2B22
:100BB00004D04FF4CC711020EFF7BEFC0FF082FF91
:100BC0002070BDE81040FFF7C3BF00BF2D0000211B
:100BD00010B5034C20780FF08FFFFF23237010BD5A
:100BE0002D000021014B18780FF096BF2D00002139
:100BF000014B024A1A60704724110021850A010145
:100C0000014B024A1A60704724110021850A010134
:100C10002DE9F341DFF88881054608F11407D8F87B
:100C20000830D8F81840227A012A22D1D8F8382082
:100C300052B1137A1BB9BF211020EFF77DFCD8F811
:100C40003840C4B9002093E01A7A012AFAD01C4631
:100C5000544AEFF3108172B650680068506001B9D1
:100C600062B6A34208BFC8F83840237A1BB9EE2108
:100C7000E2E73A46EDE7267AF6B205232372731EC1
:100C80000B2B7ED8DFE803F07A062336773F4E3F02
:100C90003F3F3F6B636813B940F20B21CCE720461E
:100CA000294698470420EFF3108272B6237A052B69
:100CB000D9B24FF0000369D12372D8F83810A1429D
:100CC00001D1C8F83830002A45D162B643E06368E4
:100CD00013B94FF40571AFE72946204698470346FC
:100CE000ADF80400C0B2C3F30723012B3ED0022BA2
:100CF000D9D129E0636813B94FF407719CE7204606
:100D000098470020CFE7284B1B68002BF9D03246CC
:100D1000606829469847A6F10A02042053425341CD
:100D20005B00E4E763680BB9FE2185E70D222A70BA
:100D300001221988AA706A7100225869A5F8031067
:100D4000AA7110F0E1FD0420D8F83830A34202D196
:100D50000023C8F8383000283FF461AF08E0134B97
:100D6000294620461B689847034668B9267298B101
:100D700002B0BDE8F08140F253215DE740F2562118
:100D80005AE740F2592157E70220DDE711B940F256
:100D90007A2151E7184696E7002B7FF440AF51E7E0
:100DA000CC0A0021D00A00212011002124110021A9
:100DB000014B1860704700BF1C110021134610B58D
:100DC000027A22B140F201311020EFF7B5FB0A465A
:100DD00001460248BDE8104014F0EABDD00A0021E7
:100DE000044890F82C301BB90349243014F0FDBDA1
:100DF000704700BFCC0A0021A359020103460648F0
:100E000090F83C203AB190F8352022B9034900F817
:100E10002D3B14F0EABD7047CC0A00216D0A010198
:100E20000A4610B5037A23B140F209311020EFF7DA
:100E300083FB014607230248BDE8104014F0B8BD0B
:100E4000E00A00211346027A0AB1037270470A468B
:100E50000146014814F0ACBDD00A00210346084603
:100E6000F0B4B3F86020B3F8544093F8755094424E
:100E7000B3F85810A5F10305B3F84A7028BF14461B
:100E8000B3F86220EDB2B3F84E608A42A3F84A404C
:100E900028BF0A46012DB3F8501087BFB3F852C0DF
:100EA00015464FF4296C4FF42965A142A3F84E5022
:100EB00038BF2146624538BF6246A742A3F85010AA
:100EC000A3F8522026D1741B18BF0124B3F85C206C
:100ED000B3F85610B3F848609142B3F84C5028BFAD
:100EE000114693F87420033A012A15D9B3F85A2011
:100EF000B3F85E70BA4228BF3A468E42A3F8481053
:100F0000A3F84C2002D1954200D144B10549F0BC70
:100F100014F074BD0124D9E74FF42962EDE7F0BC69
:100F2000704700BF0F5A020108B50B4A0B460B4928
:100F300070B12B2B04D940F207312C20EFF7FCFACB
:100F4000012008701178994238BF1946117008BD08
:100F500008701B21FAE700BF2E000021090B0021B9
:100F6000014B1878704700BF090B0021014B18781E
:100F7000704700BF2E0000212DE9F04704461746B8
:100F800090F874908A4690F87580058F59BBC68E8C
:100F9000043611212088B6B2EFF7A0FF40B3BAF1B2
:100FA000000F22D194F8741014F062FDB0F804A080
:100FB0004946384614F044FD0F4B0746B4F850003C
:100FC0001B78063541469842354438BF184655448B
:100FD00014F036FD38440544E069A8422CBF0020D7
:100FE0000120BDE8F087868ED2E794F87510DBE724
:100FF0004FF0960ADCE700BF2E000021094AD2E933
:101000000003434083EAB01181EA43214FEAF343EE
:1010100011605360044B58434FEAF06000EB8000CE
:10102000704700BF0C0B0021BB79379E094AD2E9FB
:101030000003434083EAB01181EA43214FEAF343BE
:1010400011605360044B58434FEAF06000EB80009E
:10105000704700BF30000021BB79379E10B50A4CA5
:1010600008210948EFF710FDD4E900321343F7D007
:10107000064CFFF7DBFF2060FFF7D8FF23686060B6
:101080001843F6D010BD00BF300000210C0B00212A
:1010900038B5A0F10C0314460D46DBB22046432BB5
:1010A00096BF0A4AFE21D15C14F05BFE68B965B1B7
:1010B0002978272907D03F2908BF3E212046BDE8CF
:1010C000384014F04EBE2621F8E738BDCC3303017A
:1010D000174B184A9A60184ADA62184A1A61184A75
:1010E0005A61184A9A61184A1A63184A5A62184A89
:1010F000DA64184A9A64184A9A63184B184A9A6034
:10110000184A1A62184A5A60184A1A60184A9A62AB
:10111000184ADA62184ADA60184A9A61184A1A6359
:10112000184A9A64184ADA64184A5A62704700BF2B
:1011300028110021D55E0201CB61020199610201F3
:101140005D610201B1190101CD1C0101851B010185
:10115000DB63020103640201211B0101281200214B
:10116000F15E020181630201515F0201216102010E
:1011700015630201E761020137630201F7620201B0
:10118000B1640201516402013B6402019B630201EC
:10119000174B184A9A60184A5A60184A1A60184A37
:1011A0009A62184ADA62184ADA60184A9A61184A4A
:1011B0001A63184A1A62184ADA64184A9A64184A72
:1011C0005A62184B184A9A60184A5A62184ADA62E8
:1011D000184A1A61184A5A61184A9A61184A1A63D9
:1011E000184A9A64184ADA64184A9A63704700BF2A
:1011F00028130021D55E0201055F0201556002013E
:101200000B6202017D620201151A01019362020163
:10121000CD1C0101211B0101DB63020103640201FA
:10122000851B010128140021F15E02019B6302016C
:10123000B562020159620201D9620201C11A0101BB
:10124000B1640201516402013B6402018163020145
:101250000C4B0D4A0D491A600D4B0E4A1A600E4B8D
:101260000E4A1A600E4B0F4ADA670F4AC2F8801016
:101270000E49C3F884100E49C3F888100D4BC2F80C
:10128000883070472815002185C000016DC200011B
:101290002C1500216DC3000134150021CDB90001CA
:1012A0002812002151C200012811002149C4000167
:1012B00055C00001D1BF00010B4B0C4A0C491A600C
:1012C0000C4B0D4A1A600D4B0D4ADA670D4AC3F8F4
:1012D00084200D4AC2F880100C49C3F888100C4BCA
:1012E000C2F88830704700BF3015002125B90001D1
:1012F000A5BA000134150021CDB900012813002141
:101300006DB60001ADBB000128140021D1BF000162
:1013100055C00001054B064A9A65064ADA65064B38
:10132000064A9A65064A1A66704700BF28110021CE
:101330005B4902010B4B0201281200217747020191
:10134000614B0201054B064A9A65064A1A66064B2E
:10135000064A9A65064ADA65704700BF28130021DD
:10136000594A020149FE0001281400217747020171
:10137000CD4B020110B5084B084C09485C679867D3
:101380000849094B094A59679A67094BC3E91D4047
:10139000084BC3E91D1210BD281200216987020104
:1013A00083870201B5870201281100210388020109
:1013B0002814002128130021024B034A1367034A13
:1013C000136770471D6801012811002128130021AF
:1013D000024B034A1367034A136770479F5E02017B
:1013E00028120021281400213F2A70B505460C461A
:1013F00043D83F2A44D8DFE812F046009600B100F7
:10140000BD00D800A401A401E800EA00F000A40196
:10141000A401F300FF00EA00430043000301A4011C
:10142000A401170117012E012E01350143004300CD
:10143000A4013A0146014A014E01570159015B01DD
:101440005D0166016F01840186014300430076015E
:101450008E018C01430043004300430043004300DE
:101460004300430043004300430043004300430064
:1014700090019201430088018A01FF2A00F0558102
:101480004FF4A1610DE1456841F27073D5F83C124B
:10149000B5F83622A1F57A7098420BD84FF47A73DA
:1014A000B1FBF3F303F550639BB264200126B2FB5A
:1014B000F0F20CE040F2E2406FF45066B1FBF0F362
:1014C0009BB29E19062EF0D90026B2FBF0F22371D2
:1014D0001B0A62706371B5F84032A3711B0AE37195
:1014E000B5F8423223721B0A637295F8173133B98B
:1014F00005F50D7305F50E72284614F036FDB5F8A6
:101500003432A3721B0AE372D5F8383246B1642232
:101510000C20B3FBF2F3A370C3F30723E37070BD99
:1015200040F2E242F4E74668D6F82832C1F80130CA
:1015300096F82C324B71406890F817313BB914F093
:10154000B9FC6B68B3F886301844A6F82E02B6F8DA
:101550002E320820A3711B0AE371E0E70378012B08
:10156000436802D193F8183101E093F82131022049
:101570006370D4E743681720D3F87022C1F80120C4
:10158000D3F87422C1F80520B3F87822A1F8092015
:10159000D3F85022C1F80B20D3F85422C1F80F2001
:1015A000D3F80831C1F81330B9E74268D2F8E63110
:1015B000C1F80130D2F8EA31C1F8053043680D2096
:1015C000D3F80C31C1F80930A9E74368CAE70846E7
:1015D00000F030FB0028A2D161E000F03DFBF9E70C
:1015E000102306204B7059238B700023CB70A3234C
:1015F0000B7120234B7192E7436893F81231B6E7E1
:101600000278436852B993F818213AB193F815213A
:101610004A7093F814310320A37080E793F81321E4
:10162000627093F81231F6E743680920B3F860203E
:101630004A70120A8A70B3F81A21CA70120A0A7123
:10164000B3F85C204A71120A8A71B3F81831CB7171
:101650001B0A0B7263E7436893F82E214A7093F8D4
:101660002F31D8E70146204613F039F9B2E7436835
:101670000F211888EFF732FC00F15B01204614F0CF
:10168000A4F823204BE7084617F05CF8A2E70846C9
:1016900017F061F89EE72C4B1B68002B41D140F2FC
:1016A0000D515120EEF748FF284BF5E7284BF3E7A3
:1016B000284BF1E7284B1B68002BF0D00246232073
:1016C000984704202BE7244B1B68002BE7D00246E9
:1016D00024209847052022E71F4B1B68002BDED0F3
:1016E00002462520F5E743680F211888EFF7F6FB3F
:1016F00000F17D0200F15B01204614F072F82B200E
:101700000DE7164BC8E7164BC6E7164BC4E7164B5A
:10171000C2E7164BC0E7164BBEE7164BBCE7164BAD
:10172000BAE729462046984754E74368204693F88D
:10173000B722D3F8B81214F010F86B6893F8B70218
:1017400048E70120EBE600BF2815002130150021F5
:101750002C150021341500213815002144150021D5
:10176000481500214C150021501500213C15002181
:101770004015002154150021581500213F289ABF1B
:10178000024B53F820000020704700BF28110021B1
:101790003F289ABF024B53F820000020704700BF3B
:1017A000281300213F289ABF024B53F82000002045
:1017B000704700BF281200213F289ABF024B53F800
:1017C00020000020704700BF2814002130F8023CA0
:1017D000F7B504460D4630F8A86C73B1012268468F
:1017E000ADF801608DF80020ADF80330FBF7B0FDD7
:1017F00018B195216320EEF79FFE194B1B6813B1BA
:10180000A4F128009847174B1B680BB13046984746
:101810000A230027A5F803602B70AF70637A54F891
:10182000900C6B7110F07AF808B9BA21E2E73946EA
:101830003046EFF769FB02213046EFF765FB18B938
:10184000094B1B6803B198474FF40173002003F064
:1018500004021B0A62F3070063F30F2003B0F0BD1C
:101860005C1500216015002164150021014B024A1E
:101870001A6070475C15002159C00001014B024AF3
:101880001A607047601500215B780201F7B5456862
:1018900004464FF6FF776E690DF102010DF101026A
:1018A0003046ADF802700FF0E8FF01A9304610F0A5
:1018B00006F840B1019810F0E6F861680022027263
:1018C000FFF7AEFAE8E7044905F1A80003B0BDE868
:1018D000F04014F08DB800BFCD170101F0B50446FB
:1018E00085B00D46FF2600F8E96C10F8EA3CF3B12C
:1018F000174F3B781BB15F211F20EEF71DFE0C2117
:10190000381DEFF7C1F83E70002304F8E93C0923C5
:101910002A4602F8033BD4F80930C5F80330D4F85E
:101920000D305360D4F81130936005B0F0BD01A8BC
:101930000C21EFF7A9F8A4F5E673039A1A6001AB3E
:1019400003CB44F8F20C44F8EE1C04F8EA6CDBE735
:10195000140B002110B5054C23782BB90C21201D48
:10196000EFF792F8FF23237010BD00BF140B002186
:10197000024690F8EE31BBB990F8EF3103F0FF0169
:101980000BB100207047094B18780028F9D0197066
:10199000D9680433C2F80C1103CBC2F8E601C2F8CF
:1019A000EA11FF2382F8EE3101207047140B002169
:1019B00038B54368044693F88D20202A24D10022AC
:1019C00083F8CF2083F8CA2083F87A22436893F8FB
:1019D000D01003F5D4701D8869B10C4983F8D0206C
:1019E000A3F8B25183F8B12113F0FFFF6368002020
:1019F00083F88D0038BD012283F8B111A3F8B251EC
:101A0000034983F8B421EFE70220F3E749610201BB
:101A10003B610201426838B592F88E3004460D46AB
:101A20003BB1142B05D0123B0F2B8CBF012008209B
:101A300038BDD2F81C3193BB92F8D03013B9204690
:101A400014F0CCF96268D5F80B30C2F8DE31D5F865
:101A50000F30C2F8E2316368D5F81320C3F80821CB
:101A60001A88A3F8E122D5F80120C3F8E322D5F8BB
:101A70000520C3F8E7226368B5F80920A3F8EB2234
:101A80006368002283F8EE2160680C4900F5367027
:101A900013F0ABFF6368172283F88E200BE00C2253
:101AA0002046032114F0BEF963683622204683F8ED
:101AB0008E2014F093F90020BAE700BFDD18010171
:101AC00038B54368044693F88E20212A04D04FF499
:101AD00010711F20EEF730FD002293F8D0101D8802
:101AE00003F5D47083F8CF2069B10B4983F8D02077
:101AF000A3F8B25183F8B12113F077FF6368002295
:101B000083F88E2038BD012283F8B111A3F8B251B9
:101B1000024983F8B421EFE7496102013B61020108
:101B200038B50578446825B994F88E302BB101207A
:101B30001CE0D4F88030DB07F9D4D1F801200F4B3A
:101B4000D1F8051013400E4AC4F8E030C3F3076320
:101B50000A4043F00803C4F8E42084F8E33014F0AA
:101B60003DF925B9042384F88E30002038BDD4F81F
:101B7000803043F00103C4F88030F6E72FC904F742
:101B80006FDB008038B5436893F88D20042A32D18A
:101B9000D1F801204C1CD1F80550C3F8E020C2F365
:101BA0000762C3F8E45042F0080283F8E320002201
:101BB00083F8CA2083F88D2002780AB983F833218C
:101BC00093F83421AAB993F88A2102F0FF0082B970
:101BD0001A8883F88B0103F5C170A3F88C21D1F822
:101BE00001200649C3F88E216268C3F8922113F0E0
:101BF000FCFE002038BD0120FCE700BF5F6302014E
:101C0000436893F8342112B1084B1B68184793F8C6
:101C10008A2152B91A8803F5C1700549A3F88C21AD
:101C20001A2283F88B2113F0E0BE7047681500215B
:101C30005F63020110B50446FEF75AF8044A054BEB
:101C4000024009200B40C4F80120C4F8053010BD43
:101C50002FC904F76FDB008037B50C464568FEF7E7
:101C600047F80A4B0A4A03400A4095F8E0100093EF
:101C70000B4001928DF800306B4603CBC4F8010095
:101C80000920C4F8051003B030BD00BF2FC904F708
:101C90006FDB008038B5DB04154604D5C37C13B177
:101CA0000023436338BD446B0134446314F0E1FB0B
:101CB000836B9C42F6D30023034943632846BDE867
:101CC000384013F09BBE00BFCD63020170B544687D
:101CD0000546067894F88D30012B09D026B994F882
:101CE0008E302BB101203DE0D4F880309807F9D434
:101CF00094F8D1309A0713D44A78D80784F8DB20B7
:101D00004A88A4F8DC208A88A4F8DE2043F0020286
:101D100084F8D12010D5194904F1D20013F06EFED9
:101D200094F8D130D90712D4EEB994F88E3043B17B
:101D300053214020EEF700FC94F83231002BEAD119
:101D4000EEE7012384F88E30284614F047F894F823
:101D50008D300020012B4FF0000304BF84F88D303C
:101D600084F8CA3070BDD4F880309A0701D5582164
:101D7000DFE743F00203C4F88030E5E79364020133
:101D800070B54568044609F00BFC054B014685F823
:101D90008B001B681BB12046BDE87040184770BD22
:101DA00070150021024B1B6803B11847704700BF34
:101DB0006C150021F0B51F4D00242B7814709BB1D9
:101DC000013B6D68DBB21E1B012E0FDC05EBC40668
:101DD00055F8347076688E4208BF874227D0B842E3
:101DE00071EB060612D214700020F0BD1E19771098
:101DF000C6F3470655F837C005EBC70E8445DEF835
:101E000004708F412CBF33463446DCE705EBC30436
:101E100055F8335064688C4208BF854206D0A8420A
:101E200071EB040428BF01331370DDE71C46012069
:101E30001470DAE7340B002110F0070208B503D064
:101E400063214820EEF778FB18B1034B19725860F4
:101E50001A70C80008BD00BF340B0021014B0022DE
:101E60001A707047340B0021014B187A704700BF7D
:101E7000340B00212DE9D34314F047FB0DF1070289
:101E800007460E46FFF796FF90B90F4C2378227A4B
:101E90009A420ED0626819469DF807E002EBC30033
:101EA0008E4509D302EBCE020133C2E900762370DE
:101EB000012002B0BDE8D08350E90289013960E811
:101EC0000289C9B2ECE700BF340B002137B514F02A
:101ED0001CFB0DF10702FFF76DFF58B10A499DF891
:101EE00007300A78013AD2B20A70496801EBC3019F
:101EF0009A4201D803B030BDD1E902450133E1E88F
:101F00000245DBB2F4E700BF340B002108B5002224
:101F1000034B1A600AF020FCBDE808400DF0D8BD64
:101F2000400B002110B5044690F838303BB902460A
:101F3000034908300DF0E0FD012384F8383010BD6E
:101F40005169020110B5044690F838303BB9024699
:101F5000034908300DF0D0FD012384F8383010BD5E
:101F6000D96902012DE9F043044689B00F46914634
:101F700090F83830012B7AD13E4B83620CF030FC64
:101F800005460E4600F03AFA49463846276500F005
:101F9000F9F90146804604F1480000F0BBF940F62B
:101FA000B833ED1846F10006B9F1010F4ED100F03B
:101FB000D9F98269002A54D0A16D7B1E90460B444A
:101FC000B3FBF1F34B43DB1BD2E9000761EB0101EB
:101FD000181841EB0701CDE90056A26D14F0D3FDAE
:101FE0000746B8F924000221A4F86C0013F02DFE76
:101FF000B4F86C303F18A3EB0003A4F86C304FEA40
:10200000E07343F100037F193D4646EB030600F001
:10201000FBF9204614F0CDFA0027236B03905B6890
:1020200020688DF80870984704238DF810008DF80B
:102030001130CDE90656022384F83830204602A933
:1020400014F030FB384609B0BDE8F083B8F1000F5A
:10205000DDD0D8F80830D8E90021981841F1000106
:10206000B9E7B8F1000FD2D028463146B3E70C20CB
:10207000E9E700BF516902012DE9F04786B0044647
:10208000174698460E9990F83830012B43D1234BD0
:10209000B2F1C905836248F1FF39BDF840306D18CF
:1020A000A0F8543049F10009BDF83C30C0E91228CD
:1020B000A0F868304FF0040A80F838A014F0AAFAAB
:1020C0000023064620688DF80030236B1B68984774
:1020D00000F5DD70236B00EB46005B680190206823
:1020E0009847AD1B8DF80800694669F1000320464A
:1020F0008DF809A0C4E91678CDE9045314F061FA0B
:1021000048B1049B059AC93342F100029B1942F180
:102110000002C4E9123206B0BDE8F087D9690201B5
:10212000024610B5052924D8DFE801F00326231262
:102130001720438F0133438714F0FBFB0146136BD9
:10214000106819B9DB68BDE8104018479B68FAE7CA
:10215000036B5B69BDE810401847084B1B68002BF8
:10216000F8D140F251110B20EEF7E6F9036B1B6931
:10217000F0E74FF4B171F6E710BD00BF400B00214E
:1021800008B590F83820032A09D1022280F83820B7
:10219000084A826241B9BDE8084014F08EBA4FF493
:1021A00041710B20EEF7C8F914F0C2FABDE80840FF
:1021B000FFF7ACBE5169020108B590F83820062A35
:1021C0000AD1052280F83820094A826249B90121E2
:1021D000BDE8084014F0DFBA40F21B310B20EEF7E7
:1021E000ABF9002114F0D7FABDE80840FFF78EBE26
:1021F000D9690201418F10B50131B0F85440091B73
:1022000009040CD5D0E91210521A064963EB0003F9
:102210008A4273F10003ACBF0120002010BD0120F1
:10222000FCE700BF0140420F30B5D0E91614456EFF
:10223000511A63EB04048D424FF00001A1410CD30D
:10224000D0E91210521A064963EB00038A4273F177
:102250000003ACBF0120002030BD0120FCE700BF1F
:102260000140420F024B0022C3E90022704700BF29
:10227000440B002108B5044B186810B9FFF7F2FFB2
:1022800008BD0C20FCE700BF440B0021024B187A6C
:10229000003818BF01207047440B002113B5CDE969
:1022A0000012054BFF225A7200F11003DDE9000114
:1022B00083E8030002B010BD440B0021C3693BB9A1
:1022C00083692BB9034B1B681B1A5842584170474E
:1022D00001207047440B002130B50D4AFF231372D3
:1022E000D0E9065373B1D0E902149D610C44D9685A
:1022F0002144D960816939B1CB610023C0E906333B
:10230000137230BD1560F5E7002BF6D0D960F4E705
:10231000440B002110B5124AFF231372C16189B921
:102320001368836103B1D86110600023C169C36081
:1023300099B1CB687BB18468A3420AD2302137209F
:10234000EEF7FAF88B6988618361002BEDD0D861D4
:10235000EBE71B1BC3600023CB600023137210BD8F
:10236000440B0021014B1868704700BF440B00214B
:10237000034B00201B6803B9704718469B69FAE7B6
:10238000440B00210B4B002230B51B6804464FF074
:10239000FF35104623B911B9002808BF104630BDDB
:1023A000DA68A24203D3AA423CBF154618461A4631
:1023B0009B69EFE7440B002170B50F4CFF2323729C
:1023C000036A1BB181689D68A94203D2E5213720C9
:1023D000EEF7B2F8C2698669DA619E6152B1936123
:1023E0009A691AB1D361C26811444A1BDA600023AA
:1023F000237270BD2360F3E7440B0021014B0122DF
:102400001A717047440B0021014B00221A7170476A
:10241000440B0021014B1879704700BF440B002189
:10242000F8B54FF0000C0446284E084686F809C05F
:10243000002135680B4685B9757A002DF6D15BB160
:10244000984225D3013CB0FBF3F11C4403FB01F59A
:10245000B4FBF3F48C420ED9F8BD2F690BB19F4247
:1024600007D23B4627B94FF4A3713720EEF764F843
:10247000A98AAD69DFE7B5FBF3F603FB165626B96B
:10248000B5FBF2F602FB1656DEB10139ED1AE1E7B3
:10249000451E1D44B3FBF4F4B5FBF0F5AC42DBD3B1
:1024A000B3FBF5F605FB16374FB9B6FBF2F702FBA7
:1024B000176727B9B6FBF1F701FB17671FB10135A5
:1024C000ECE72846C8E73046C6E700BF440B0021CA
:1024D000FF23084A0B700D234B7082238B70136807
:1024E000C1F803305368C1F807309368C1F80B3066
:1024F000704700BF4E0B00211622002101480EF04C
:10250000FDBC00BF4E0B0021F7B51E4C02AB03E92A
:102510000300637DA3B39DF800300D462BBBD1E9CA
:10252000727614F022FB95F87420174B8A3033F83A
:1025300012304FF47A7203F23F63B3FBF2F3DB190C
:102540002A8846F100061B18228046F100066360C7
:10255000A660B5F8863002220C4904F10C006380B5
:1025600003B0BDE8F040FEF76DBC530608D50B88FC
:102570002380D1F868326360D1F86C32A360E8E759
:1025800003B0F0BD4E0B002158350301D1240101E9
:10259000094B53F8203003F5234370B5A133164699
:1025A0004FF47A720C46B3FBF2F534440AF0A2FD04
:1025B0002C44204470BD00BF443503012DE9F04F89
:1025C00099468BB00023044688461746069390F838
:1025D00075B012F048F8054694F87F00FEF764F9EC
:1025E000054414F0C2FA94F88E3000F17B06ADB2C7
:1025F000482B3BD00E2B39D094F88DA0AAF148027D
:10260000D2F1000A4AEB020A002F5FD194F88C3015
:10261000032B5BD1BAF1000F58D0B4F8C032434558
:1026200054D1D4F808322046B4F8DC21C4F8F8318B
:10263000E369C4F8FC31B4F87A321344C4F80032C8
:1026400003F0B8FE41F64B53D4F8C82294F8D412E4
:102650009A428CBF0023012359B9E1698A421ED0F6
:102660002088049316F028F9049B18E04FF0010A23
:10267000CAE7208816F01DF920B940F24A713020CF
:10268000EDF75AFFB4F8D0326386B4F8D2328381C2
:10269000B4F8C032C7814381013B03823B4694F8C2
:1026A0007E20002A36D1002B35D1D4F8C42284F8FC
:1026B0007E300223E262B4F8C22284F88C30228693
:1026C000D4F8C822E261D4F8CC22626204F5127315
:1026D000B4F886C00493A8EB0C0CB4F878320FFA67
:1026E0008CFCA8EB03031BB2002B1FDAD4E9982360
:1026F000C4E99C230023012284F81B32634694F82A
:102700008C10032900F2C181DFE811F012002801CA
:102710006D0049012BB14FF04D12626300222287F8
:10272000C3E74FF0961223876263BEE74A46E6E7A7
:1027300094F8751094F8D60112F031FB8346E06AE4
:10274000294658440BF090FF2946C4F80402E0697A
:102750000BF08AFF94F87E3007A95B00DBB20344DC
:1027600008A8C4F808320AF035FA079B0093DDE99F
:102770000823D4E99C010CF03DF80546204614F0EE
:1027800034FAD4F87C32E26A94F875000693049225
:102790000AF0B8FC069B00F52340049A203BD4F8CD
:1027A0000412A13013444FF47A725B1A30319B1B30
:1027B000B0FBF2F05B4432465B1B1B1A94F87500C9
:1027C0000693238E03EB4101FFF7E2FED4F87C224F
:1027D000069B22309B1AC4F80C02B3F5A07F5DD291
:1027E00040F2C7414BE7E36A2946D4F8FC0118449C
:1027F0000BF03AFF2946C4F80402E0690BF034FFFD
:1028000094F87E305B00DBB203442046C4F8083203
:1028100014F0EBF9E36AD4F8FC511D44B4F8DC3150
:10282000002B40F09780B9F1000F00F0938094F8EE
:1028300075000AF067FCD4F80412D4F8683200F589
:1028400023406D1A94F87520A130203D1D44A94BFA
:1028500053F822204FF47A7302F2E732D4E998BC9D
:10286000B2FBF3F2A5EB0B05B0FBF3F01544AD1B87
:102870002D1AD4F8F831D4F8002294F8750002FB30
:102880000311238E32460695303103EB4101FFF7E9
:102890007FFE0123C4F80C0284F88C30E56904F152
:1028A0003C00D4F80832F43D0699ED1AD4F80C3205
:1028B000AD1B9D4228BF1D46002384F84832C4F852
:1028C000D851D4E99C325B1842F10002C4E9963237
:1028D00013F0F4F804232844A4F8788284F85132E1
:1028E000C4F84C02D4E99623C4E99C2302F0CEFF3D
:1028F00020B1D4F84C321E33C4F84C32B4F8C8318D
:10290000A3EB08031BB2002BD4BF0022012252000C
:1029100084F85022BAF1000F40F0BA80B9F1000FEC
:1029200040F0B98094F88C30002B00F0D080E16941
:1029300004F51270D4F80832C91A12F0CCF980B23A
:10294000002800F0C480149B03B1188001200BB054
:10295000BDE8F08FD4F804126D1A8AE7D4F80802A3
:10296000E269D4F80012121AD4F8F8515A43D4F894
:10297000043206923033B4F8DC2105FB01336244A3
:10298000521A218E013A00FB0233324694F8750048
:1029900001EB4301FFF7FCFDC4F80C027EE7E1699F
:1029A00059430691B9F1000F2DD0B4F8DC0150BBAA
:1029B00084F81B02D4F8080200FB131E94F88D3033
:1029C00004902A2BCDF818E003D094F88E302A2BEF
:1029D0000AD1B4F8C032A8EB03031B0404D494F862
:1029E000C332002B18BF9B46B4F8DC017AB370BB2E
:1029F000D4E99A51D4E99823AA4273EB010108D390
:102A000040F21B513BE694F81B0200287FF446AFCE
:102A1000D0E794F87520203D364B53F82230D4E9A6
:102A20009812CDE9021203F2E7324FF47A7103F5FE
:102A30002343B2FBF1F2A1330592029AB3FBF1F307
:102A4000AD1A059A1544ED1AAD1B7544069500EBB9
:102A50000C05049B324658465D4330356D002946CF
:102A6000FFF796FD41F64B53C4F80C02E06998421B
:102A70003FF614AF06AB32462946009304F50373C4
:102A800012F0A9F984F81B0208E740F23351F6E589
:102A9000B9F1000F1BD0B4F8F00110B3B4F8F21183
:102AA00094F8F4214D1CA4F8F21101FB022290428B
:102AB0000DDD002B0BDD0023A4F8F25184F8503219
:102AC000FEF79CFA00F00700013084F8F40104F5E9
:102AD000127104F508700DF019F820B940F27D511B
:102AE000CDE50146DCE787F0010784F81872002085
:102AF0002DE700BF44350301F0B5044685B018B991
:102B0000A7213020EDF718FD052900F2D680DFE877
:102B100001F003CE2C27D4C990F81832B0F88620E3
:102B2000ABB1B0F81632934208BFB0F8CC319A1A64
:102B3000A0F8CE21A4F886302046D4E99623C4E933
:102B4000982303F05FFB94F8D33105B0F0BDB0F8E3
:102B500014329B1AA0F8CE31B0F814329BB2E9E7D8
:102B600005B0BDE8F0400AF041B80BF039FED4E9F9
:102B70009823801A61EB0301012871F1000302DA46
:102B80004FF4C161BDE76FF0010383424FF00003D2
:102B90008B4102DA40F20961B3E7E3690BB1B0FBA4
:102BA000F3F394F88E00B4F81622482810D094F865
:102BB0008D10473901290BD90E2809D0B4F8861099
:102BC0000B449BB2D11A0D0444D501339BB243E0B0
:102BD0000132A4F81622B4F87A3202AEB4F8865064
:102BE0000133374FA4F87A32B4F8C2301D44B4F838
:102BF000C030013DED1AADB23B685BB1B4F81612BE
:102C000000222046013989B29847B4F81632184498
:102C1000A4F81602B4F816126B1A18042CD4002368
:102C2000204600961A46FFF7C9FC01288DD1B4F85A
:102C30001622B4F8C811BDF808301344521A120411
:102C40009BB204D5EA1A12F4004F18BF0B46A4F841
:102C50001632D1E7013293B2A4F8163294F8193241
:102C6000002BB8D1B4F8CC31B4F81622934204BF8B
:102C70000133A4F81632AEE794F89130304603944D
:102C8000002B14BF08233E2384F8B13001238DF8B4
:102C90000830FEF7FBFD204614F086FD002384F883
:102CA0008C3052E705B0BDE8F040EFF7E1BB90F89B
:102CB0008C30042BF2D0C82123E7CD2121E700BFBF
:102CC000741500212DE9F8430E46044618B9D521A4
:102CD0003020EDF731FC052900F2A780DFE801F094
:102CE0000376413DA52E0BF0DBFEC4E95A012046D8
:102CF00002F012FAD4F85C01DC380BF073FD2046C8
:102D000014F0ECFA054600BB0146204614F055FAD3
:102D100000F1F606D4F85C01B04209D2301A032162
:102D2000402838BF40200BF08BFE60B10BF05EFDF9
:102D3000C4F85C61204614F00EFB45B12046BDE8A6
:102D4000F84314F009BB0125F2E70025F2E7D4E9C6
:102D50005A23C4E95423BDE8F883BDE8F84309F0D9
:102D600045BF14F079FA04238146884684F861311E
:102D70000BF036FD07220F46A9FB023102FB0811BA
:102D8000D4E954525B1941EB0205D4F838213AB129
:102D900059EA080204D0984277EB050228BF0126C1
:102DA00084F86061D4E95C26121A66EB070694F891
:102DB000801139B9012A76F100010BDA204602F0C0
:102DC000B3F903E0012A76F10006F7DB002384F86B
:102DD0007831C0E7984277EB05010FD259EA08082D
:102DE0000CD01B1A65EB07019A4276EB010005DB5C
:102DF000012B71F10000A4BF1A460E460C490123B5
:102E000004F58870914284F879314FF0000384F81A
:102E10005831B341B8BF0A4604F5AC710CF026FF37
:102E2000002898D140F2BA6152E7F12150E700BF83
:102E30000040420F2DE9F84304460E46154690F82F
:102E4000783103F0FF07002B40F0A28000F588786E
:102E50003946782240460EF051F822464D49404608
:102E60000CF04AFEC4F83861FF2384F8783166B16B
:102E7000FEF7DCF800F0070032464749013086F8DB
:102E8000F40106F508700CF037FE40F202434FF0F3
:102E90000009A4F8603184F858910BF02BFC00F184
:102EA000BC06204614F01AFA0146B6B2002845D0F6
:102EB00011F0D9FB00F5CD61284689B20BF0D4FBA7
:102EC0002844C4F85C010BF08BFC30184FF001066D
:102ED000A4F8269041F1000184F83C61C4E95A014C
:102EE000204614F012FA20B3A5F2F24531462046EE
:102EF00014F063F92D1AC4F840514FF0FF356FF00C
:102F000000414046D4E95A23C4E95C51002504F548
:102F1000AC71C4E95223C4E9542384F8795142F2D4
:102F200010720CF0A3FE60BB40F2BB113020EDF735
:102F300003FB3046F63D14F0E2FADBE72046DFF80B
:102F40005C9014F03AF9F630C4F85C01B9F800006E
:102F500048B1E08C38B1FEF769F8B9F80030B0FB41
:102F6000F3F202FB130006440BF03AFC361841F171
:102F70000001C4E95A61002DBFD0AD1941F1000133
:102F8000BFE72946204614F0E9F93846BDE8F88342
:102F90000C27FAE7C52C0101F92A0101640B002175
:102FA000F0B5002385B0CDE9003303238DF806305A
:102FB0006846EDF7CDFF88B10123124EB3700023B0
:102FC000CDE9023302238DF80E3002A8EDF7C0FFE1
:102FD000044638B10023B37005B0F0BD009813F07B
:102FE0005FFEE5E7029D95F88C30002BEDD005F5EE
:102FF000087738460CF0FCFD38460CF033FE85F8B7
:103000008C40E2E7640B0021044B0022DA709A70D6
:1030100042F210721A80FFF7C3BF00BF640B002199
:10302000014BD870704700BF640B002108B508F051
:1030300023FF044B5A6882422ABF9878002080F010
:10304000010008BD640B0021F0B5044685B090F87E
:10305000D33103F0FF05002B6AD190F88C30032B9D
:1030600066D10BF0BDFBD4E99823801A61EB030114
:10307000012871F100035BDB6FF00103834275EB04
:10308000010104DA40F2B1513020EDF755FAE2695E
:10309000B4F886300AB1B0FBF2F2013313449BB2AC
:1030A000A4F81432B4F8CC31B4F814229B1A1BB231
:1030B000002B3DDD04F508700CF09AFD002837D098
:1030C000FF2384F81932B4F8C2300DF10E07B4F8BA
:1030D0008650184E1D44B4F8C030013DED1AADB213
:1030E000336863B1B4F8141200222046013989B262
:1030F0009847B4F81432184480B2A4F81402B4F813
:103100001432EB1A1B0413D4B4F814120023012256
:10311000204689B20097FFF751FA012808D1B4F888
:103120001432BDF80E2013449BB2A4F81432D7E732
:1031300005B0F0BD741500212DE9F34104460629C0
:1031400000F29E80DFE801F0042714242B30970062
:103150004D4B9B7803F0FF0253B900920123B0F866
:10316000CC11FFF72BFA30B140F2D66130202AE0C3
:10317000042384F88C3009F0EFFA0CF0A9FC00234A
:10318000B4F88620A4F87A32A4F8162284F819320A
:1031900002B0BDE8F081032380F88C30F8E708F036
:1031A000C1FEC4E99A01F3E711210088EDF796FE0C
:1031B00000285ED094F87530022B58D005D8012B2A
:1031C00008D0DC21B420EDF7B7F9033B012BF8D888
:1031D0001E3000E00A30858894F87500DFF8A8807A
:1031E000C31E012B8CBF0026282613F0E7FCC2303B
:1031F000D4F8082206F5A976A84234BF2B1A00237A
:10320000E56999188D428ABFAD1A0025ED1A98F824
:1032100003301BB9E36B9D4228BF1D46D4F8D8711B
:1032200004F13C0012F04AFC074402200BF0DCFBE6
:103230000221ED1B25EAE575854228BF0546284693
:103240000BF0FEFB10B12F440BF0D0FA01233246F5
:103250003946204612F0D6FCD4F8D831C8F804001C
:10326000E069184402B0BDE8F0410BF0BBBA14307D
:10327000B1E79625B0E702B0BDE8F04113F0B5BC68
:1032800040F2A47172E700BF640B0021014B18806B
:10329000704700BF640B0021044B1A78012AD0B29A
:1032A00003D01878831E5842584170476C0B002198
:1032B0000C4B4FF47A7233F81130023903F2E733D2
:1032C000C9B2B3FBF2F3022900F1FF3210B54FEAA5
:1032D000C21296BF044CF02134F81110134400FBC5
:1032E000013010BD5835030110340301D928F0B561
:1032F000054628BFD925BDF814600446303501F5D0
:10330000A57006F00207ADB2FF2D28BFFF2516F00D
:10331000010621D10FBB002B00F0C580911EC9B260
:10332000022996BF7B4D40F6480135F8111008443C
:10333000D92C7FD9D93C951EF721A4B2EDB2002B30
:1033400000F0CF80F634022DB4FBF1F400F2C68019
:10335000714B33F815306BE0EFB1911EC9B2022901
:1033600097BF6E4D4FF4147105EB4101C9880144BC
:10337000D01E012837D801F614409830002E3BD0DB
:10338000023AD2B2022A97BF644BC02303EB420336
:103390005B8A18444EE053B1911EC9B2022997BF0F
:1033A0005E4D40F6480105EB41018989DFE7042ABB
:1033B00005D1691D89B2890101F5C871D7E7032AD2
:1033C00005D1691D89B2090101F5BF71CFE7022A54
:1033D0000BBF05F10B0105F10A0189B289B20CBFDF
:1033E0008900C900C3E7022A01F19C0114BF4FF410
:1033F000B070B4200844C0E7EBB1911EC9B20229F5
:1034000096BF474D40F6480135F81110D92C0844B5
:1034100010D9D93C951EF721A4B2EDB24BB3F634C6
:10342000022DB4FBF1F459D83C4B03EB45031B8B45
:1034300003FB0400F0BDF12C214628BFF121042A32
:1034400005D1133189B2890101F5C871DEE7032A7C
:1034500005D1133189B2090101F5BF71D6E7022AFE
:103460000BBF1931183189B289B20CBF8900C9006C
:10347000CCE7B4FBF1F3022DDBB239D8294931F89E
:10348000151001FB0300C3EB4311C3EBC103E41AA6
:10349000A3B2002BCED00833042A9BB22BD19B01C0
:1034A00003F21A4375E7042A06D10535ADB2AD0122
:1034B00005F5C87528443BE7032A05D10535ADB2AB
:1034C0002D0105F5BF75F5E7022A0BBF0B350A354F
:1034D000ADB2ADB20CBFAD00ED00EBE740F692131C
:1034E000A6E7B4FBF1F3022DDBB201D80E49C6E723
:1034F00040F69211C5E7032A03D11B0103F5467379
:1035000047E7022A0BBF9B00DB0003F5BB7303F503
:10351000CD733EE71C34030128340301103403014A
:103520001C3403012834030128340301264B5A6A52
:1035300010B5D2F80F300362537D117D1B0443EAAE
:103540000123D17C0B436FF450618362B2F81930D0
:10355000591806298DBF40F2E241A3F550634FF49C
:103560007A714B438EBF00214B430121C36180F828
:103570007E10937DD9B103EB830303EB83039B00A0
:103580000386B2F81730D9B164214B43C362B2F855
:103590001B308384B2F81D30C38492F8243003F0CA
:1035A0001F025B0980F8A22080F87F3010BDC3EBBA
:1035B000431403EB840303EB83035B009BB2DFE75D
:1035C00040F2E241E1E700BF6C0B0021042937B56E
:1035D000144617D19B0103F53473417990F8445098
:1035E0000139C9B203291AD8194A0A44907FE20165
:1035F000CA3203FB0422174B9A4215D940F2967146
:103600002D200FE0032903D11B0103F5E773E4E745
:1036100002290BBF0B330A339B00DB00DDE740F2CE
:1036200063310620ECF788FF1E23B2FBF3F205F0AE
:103630003F03110AD2B241EA401143F04003002097
:1036400063F3070062F30F2061F3174003B030BD4E
:1036500010340301C3BF03000346074A506AD3F87E
:103660006920C0F80320B3F86D20A0F8072093F874
:10367000681011F02CBE00BF6C0B0021D0F8803018
:1036800073B50BB101221A604388DB0724D50023F0
:10369000124E056ACDE9003302238DF80630FF2370
:1036A00033776846EDF754FCB0B9009CA542F8D0DA
:1036B00005F10A036A7A04F10A01607A11F099FAB5
:1036C0000028EED0A3783377D4F80330C6F81D3045
:1036D000034BB4F807209A8002B070BD6C0B002138
:1036E000890B002138B5084D044600F16901062315
:1036F000686A002211F0FDFE94F86810686ABDE85F
:10370000384011F0E4BD00BF6C0B002107B514F088
:10371000EFFF8DF807000548012306220DF1070190
:10372000406A11F0E6FE03B05DF804FB6C0B00216B
:10373000034B586910B1403013F0FBB8704700BF1D
:103740006C0B0021034B986910B1403013F0F1B8B5
:10375000704700BF6C0B002170B504460E4613463F
:10376000807F6588324615F0040118BF04F17701A7
:10377000FCF776FF4107054621D4C2070BD501238C
:10378000A07F84F86830FDF73DF80368C4F869301D
:103790008388A4F86D30AB0701D4012070BD094BBC
:1037A0000121586AD4F8773084F87610C0F80930CF
:1037B000B4F87B30A0F80D3011F096FDEDE7002055
:1037C000ECE700BF6C0B002110B50446084694F8E6
:1037D000D8306BBB2378082904F1DB0284F8D93098
:1037E00016D004F1DA01FCF7BBFE20B940F66E7189
:1037F0002D20ECF7A1FE94F8DA3043F0020384F8B0
:10380000DA3004F1D0000B49BDE8104012F0EDB8F9
:10381000094B586A034613F8031BC1F3801184F85F
:10382000DA10D0F80310C4F8DB109B889380E8E727
:1038300010BD00BF8B6E02016C0B002170B50446F9
:103840000E461546FCF716FA98B92378A4F8C1601D
:1038500084F8C030637C84F8BF500BB194F84830D2
:1038600004F1B60084F8C3300249BDE8704012F09C
:10387000BCB870BDB370020110B504460E498C305F
:1038800012F0B3F80D4904F1C40012F0AEF894F848
:103890009520B4F896102046FFF7D0FF084B002281
:1038A0001A70084B1B682BB12146206A0222BDE822
:1038B0001040184710BD00BF136F0201756E020162
:1038C0006C0B00217C15002103292DE9F0430546EE
:1038D00085B0174607D14388980723D40024204693
:1038E00005B0BDE8F083428890F88830D107DBB29C
:1038F000F4D5002BF2D14FF00108DFF8D49099F8FD
:103900000C60C6B111F0B9F90828387016D002AAB7
:103910000DF10701FCF724FE38B940F6F5612D20C2
:10392000ECF70AFE4FF00208E7E702A99DF807004E
:1039300012F0F7FD06463B78082B08D1D9F8241081
:1039400011F8030BC0F3801012F0EBFD0646D9F816
:10395000241005F1700395F86F2011F8030BC0F3E4
:10396000801011F046F9D9F82410044611F8030B21
:10397000C0F3801011F077F98146FCF755FF40B194
:10398000B9F1080F1BD04846FCF7ECFC80F00103AE
:10399000D8B23A78082A14D01CB9AC7FA21A544283
:1039A00054416A8853079AD4002897D176B92C7D60
:1039B000444518BF002C0CBF012400248FE70020D1
:1039C000E7E780F001022240D4B2EAE7344686E716
:1039D0006C0B00212DE9FF4108230DF107020521A1
:1039E00004468DF80730FFF76FFF054620B9002524
:1039F000284604B0BDE8F081F9F704F8064600282F
:103A0000F5D1334F0DF10808216A7A6A91F89630A2
:103A1000104610F803CB03EA5C1303F0010381F8AE
:103A20009630D2F80330C1F803308388A1F807300C
:103A30001146D4F820C011F81F3BC3F380138CF853
:103A40000230D2F81F000B79029060468DF80C30DE
:103A5000FFF76CFD434694F913200121206A13F00F
:103A60009AFA216A84F8956020460B889DF8072011
:103A7000A4F89630FF2384F8B3304FF6FF73A4F810
:103A8000B43013F0AFFA134904F18C0011F0ADFF1C
:103A9000FCF7F0F860B9236A04F1C4000E491A88F3
:103AA000A4F8CD2093F8963084F8CF3011F09DFF24
:103AB000236A002220461988FFF7C0FE074B002228
:103AC0001B683A70002B93D02146206A98478FE7F5
:103AD0006C0B0021136F0201756E02017C15002131
:103AE000032973B5044604D0052927D0012002B06C
:103AF00070BD08230DF107028DF80730FFF7E4FED3
:103B00000028F3D0237C23B19DF807102046FFF74F
:103B10005BFE0F4D0622042620466B6A5A701E700B
:103B2000FFF79AFD686A94F85C20A16D11F0F5FB2F
:103B3000686A2E7008F0BAFE0020D8E7054B1B68B3
:103B4000002BF9D0984780F00100C0B2CFE700BF4A
:103B50006C0B00217815002138B5B0F848300446C8
:103B6000194D0133C3F30E03A0F848302B7B2BB162
:103B700008F0AAFF07F0ACFD00232B7300232B7085
:103B800094F889302BB101212046BDE8384013F06C
:103B9000E9B8637CB3B1B4F848209A4212D301214A
:103BA000204613F0DFF863882046DB0747BF236A0F
:103BB000432243224FF6FF7148BF1988BDE83840C1
:103BC000FFF73CBE0021DFE76C0B002110B5FFF7CB
:103BD00063FB064C28B1237B1BB108F075FF07F08F
:103BE00077FDA06ABDE81040FFF7B6BF6C0B00215F
:103BF0000346074A906A03B909B9FFF7ADBF1378C6
:103C0000D26A03F180431269033B52F8233018470C
:103C10006C0B00212DE9F3410146FFF73DFB054602
:103C200020B94FF448612D20ECF786FC3A4CA26A8B
:103C3000176A0FB197F87D70C9B3616A02F1690321
:103C400092F8682011F8096BF00910F0D2FF70B3F8
:103C500006F00F06606A052E3CD190F8243003F080
:103C60001F03102B36D9D4F8288098F812308BB364
:103C700008230DF10702314640468DF80730FFF763
:103C800023FEA0B198F8E9308BB9626A08F1EA0125
:103C9000D31C233253F8040B934241F8040BF9D19F
:103CA0001B8808F1E1000B801C4911F09EFE237B6C
:103CB0001BB108F009FF07F00BFD55B3A06A13F024
:103CC0000AF800B308F0BAFCE36A9B6802B0BDE8EA
:103CD000F0411847394611F02FFB0028E7D0A56ABC
:103CE000FFF7DAFA10B940F65A419CE723782846E4
:103CF000E26A314603F180435269013B52F82330B6
:103D000098470546D3E7A06A02B0BDE8F041FFF747
:103D100023BF02B0BDE8F0816C0B0021A36E02014D
:103D2000F8B504460F4619B300F13005284613F0E4
:103D300090FBA0B963881A072ED5284613F09EFB86
:103D40000646284613F085FB301AC0B213F0D7FBA5
:103D5000474A536803442846536013F059FB2846EA
:103D600013F05BFB08F0DAFA2179252008F024F93A
:103D70003F4E002394F87620706A03704370638886
:103D8000103B0D2B64D8DFE803F05F635B0C6340EE
:103D900063636363636363402046BDE8F840FFF7F5
:103DA000DBBE06234370202303702046FFF754FC3C
:103DB000638823F008039BB2152B05D094F8542098
:103DC000216D706A11F09AFA706A08F06FFD032392
:103DD00021790020337008F0B7FA054607B9B060C2
:103DE00063881B0704D513F087FB0544C4F84451CE
:103DF0006388103B0D2B36D8DFE803F038352F2FC2
:103E0000352F353535353535352F0C232121437088
:103E1000034603F8091B52B1D4F877200121C0F8FA
:103E20000920B4F87B209A8011F05EFABDE7226F7A
:103E3000C0F80920B4F874209A8094F86F10F3E762
:103E4000062303704370B0E7022303700623F9E7EB
:103E500040F259612D20ECF76FFB21790120BDE87C
:103E6000F84008F05BBE40F6F341F3E7F8BD00BF51
:103E70006C0B002138B543880446102B04D1012176
:103E8000BDE83840FFF74CBF0B4D2B7B23B107F04B
:103E900003FC402008F00CFE686A08F007FD60880B
:103EA00010F0040002D1217908F038FE002008F05B
:103EB000DBFD01232B7038BD6C0B002103292DE99C
:103EC000F743044605D0052900F08480FFF744FE3F
:103ED0007CE008230DF103028DF80330FFF7F4FCBA
:103EE000002875D0237C23B19DF803102046FFF7EE
:103EF0006BFC0123B4F802803C4E00251F464FEABC
:103F00009812706A294662F3861707224370C8F335
:103F100080180270C57011F016FB2A463946706A87
:103F200011F018FB2046FFF7DDFB706A11F07DFBF6
:103F3000B4F85C30C0F1FE05AB42B4BFDDB2EDB207
:103F4000AB422AD947F010070022A5F10309706A95
:103F50003946023D11F0FEFA706A11F0F0FA41198B
:103F600020465FFA89F9C9B213F007F80422C0F3BA
:103F700007238DF80400C0F307400DEB02018DF814
:103F800005304D4603238DF80600706A11F0B1FA32
:103F900000223946706A11F0DDFAB8F1000F06D040
:103FA00094F9132094F844106079FFF7AFFB2A4688
:103FB000A16D706A11F002FBFF20F581617907F0B5
:103FC000FBFF0723706A337008F070FC002009E0E3
:103FD00020467BE7064B1B68002BF7D0984780F004
:103FE0000100C0B203B0BDE8F08300BF6C0B00213C
:103FF0008015002110B5144C237B1BB108F064FD23
:1040000007F066FBA06A12F066FEA16A18B14B8841
:1040100003F0180323B90846BDE81040FFF79CBD24
:10402000FFF73AF920B940F684312D20ECF784FAF5
:1040300023780846E26A03F18043D268013BBDE879
:10404000104052F8233018476C0B00212DE9F04F37
:1040500044888BB01646054614F0030204F00203B0
:104060000291019204F004021DD0E10705D54BB185
:1040700040F286612D20ECF75FFA002BF8D04FF06C
:10408000020A12E01FFA82F8002A00F0A5804FF021
:10409000010A002E00F0F6804FF000084FF00109F1
:1040A000C34601210EE0DDF804A092B2002B55D0EA
:1040B000002AEED1002E00F0E580904693464FF0A6
:1040C00001091146012714F0400003D0002E00F032
:1040D000E780012047EA41048C4F0022012144EA95
:1040E000C9047B6A44EA0B145A70597044EA4814B4
:1040F00044EA8014072004F07B041870A046002EC8
:1041000040F0EC80DE7000235146786A019311F094
:104110001AFA786A2146019A5FFA84FA11F01AFABB
:10412000E00702D52846FFF7DDFA1AF0020F0ED09D
:10413000029B786A002B00F0DF8005F177010623EF
:10414000012211F0D6F90121786A11F0CDF800238F
:10415000002B00F0DD8040F669018BE704F0200BB6
:10416000002A4ED126BBB5F854208AB1BBF1000F0E
:1041700040F088802F794FF000084FF0010B033F8B
:10418000012F94BF002701274FF0010941469AE70C
:10419000BBF1000F76D1FFF7CBFA0028EAD1FFF789
:1041A000D1FA01460028E5D1B046B346B14689E7C9
:1041B000FFF7BEFA804610B9FFF7C4FA8046BBF19C
:1041C000000F66D12F794FF001095946033F012FA7
:1041D0008CBF0027012776E7077966B9A7F1020CA3
:1041E0004FF0010AB0463146DCF10007D346D14614
:1041F00047EB0C0767E7023FB246C34618BF0127EB
:10420000C2E74EBBB5F85420AAB1BBF1000F21D1D3
:104210002F79033F012F94BF0027012729794FF001
:1042200000084FF0010B0339012994BF002101213F
:104230004FF0010947E7BBF1000F0BD1FFF778FA08
:104240000028E5D1FFF77EFA81460028E0D1B0468C
:10425000B34626E73746E1E7FFF76AFA804610B92A
:10426000FFF770FA80462979033901298CBF0021B4
:104270000121BBF1000F14BF002701F001074FF02F
:10428000000BD5E74FF0010BB04631463746D94613
:1042900019E74FF0000B4FF0010959465F4612E74E
:1042A000B5F8540030B128790338012894BF0020B4
:1042B00001200FE7688800F023000028F3D1039164
:1042C000FFF736FA03990028EDD1FFF73BFA03997F
:1042D0000028E8D1019B002BE5D1FAE6DA70FFF760
:1042E00031FA00283FF40FAFBB6993F8E530002B9B
:1042F0003FF409AF0A2307E705F170010623012205
:1043000011F0F7F895F86F101EE700BF6C0B002155
:104310001AF0080F19D06A6C05A98DF81530C2F390
:104320000B22BDF81430786A62F30B0395F846202F
:10433000ADF814301209C3F3072362F30713032205
:104340008DF81530022311F0D4F81AF0200F00F088
:10435000AF80D5F868310293D5F86C310393BB690F
:10436000002B52D09B46DBE9229AFFF7EBF978B19C
:10437000B86990F8E50058B10BF1400013F0FAFC71
:1043800030B9DBF8980010EB090081464AF1000AC9
:104390009BF810C0A2483B6930F81C004FF47A7CAF
:1043A000029900F2E730B0FBFCF2D3F1900C60EB25
:1043B0000000BCEB010C039960EB010012EB0C0C4C
:1043C0009DF8151040F100001CEB090201F0BF013F
:1043D000D5F85CC14AEB0000B2F5161F70F1000A77
:1043E0000DDAB2F5703FACEB030C70F1000A4FEA46
:1043F000EC7E0DDB94457EEB000EC0F2088121F0CF
:1044000020018DF81510002216E0D7F814B0AAE7A5
:10441000944521F020017EEB000E8DF81510F2DAA4
:104420009DF8151011F0200F0CBF1E214FF496714E
:10443000B2FBF1F2C2F30C02BDF8141062F30C01EE
:10444000DBF89820ADF8141040F2E241B2FBF1F233
:10445000ADF81620DBF817209BF81B1006929DF88C
:104460001C2061F304028DF81C20FBF771FC9DF801
:104470001C2060F347128DF81C209DF8152022F0B7
:1044800080028DF81520DBF80020BBF87A30CDF8DB
:104490001D209BF8042001338DF821209BF8052076
:1044A0008DF822209BF80620ADF824308DF82320CB
:1044B000012E53D1B5F85430002B4FD06B8899079B
:1044C0004CD4DFF860B1DBF8240011F038F800F1CB
:1044D000010AB5F8541003465FFA8AFABBF80E20B9
:1044E000CAF1FF008A1A8242AABF6FEA0A0A5FFA7B
:1044F00082FA5FFA8AFA514525D96A88D20722D40E
:1045000044F01001019A786AAAF1030A88460293DE
:1045100011F020F8029B5FFA8AFA2846191D5144CF
:10452000C9B212F02AFDC0F307238DF81000C0F3C2
:1045300007408DF8113004228DF81200032304A9DE
:10454000786A10F0D6FF5246296DDBF8240011F08E
:1045500035F8BBF80E309A44ABF80EA018F0200FD7
:104560005FFA88F406D02F481223052205A9406A75
:1045700010F0BFFF63060CD5002E4DD105F13000C1
:104580002C7912F086FF014695F913202046FFF79B
:10459000BDF8FFF7D7F8002836D0224CA36993F86E
:1045A000E5308BB30721606A10F0C2FF092340F2A7
:1045B000E242037032234370A369D3F8B8308370AA
:1045C000A369D3F8B8301B0AC370A369B3F8BA3033
:1045D0000371A36993F8BB304371A36993F8C930A1
:1045E0008371A369D3F8BC30B3FBF2F3C371A36941
:1045F000D3F8C030B3FBF2F303727D22A369D3F882
:10460000C430B3FBF2F343720BB0BDE8F08F41F05E
:1046100020018DF8151003E76C7995F84410B3E785
:10462000583503016C0B00212DE9F74304460F4672
:1046300090F8440007F072FE6179FF20734D07F097
:10464000BBFC002F47D1686A10F038FE94F8048054
:10465000064604F1300012F011FFB8F1040F2BD11F
:10466000B60106F53476A968638801EBC011CA313A
:1046700006FB00111E074FF0000048BF6B68296160
:1046800044BFC9182961627907F07CFF63889807E5
:1046900028D04FBB6179012008F040FA94F87610D9
:1046A00001222046FFF7D2FC686A08F0FFF80623D3
:1046B0002B7003B0BDE8F083B8F1030F03D13601CE
:1046C00006F5E776CFE7B8F1020F0BBF0B360A36D7
:1046D000B600F600C7E762794FF4A571002007F035
:1046E00067FFD3E7002FD9D0C3F34007C3F380128D
:1046F0009907686A87F001074FF0070348BFD4F8AD
:1047000058804FF000064FEAC7074CBFB4F85C90E2
:10471000D4F85080314647EA821758BFB4F8549015
:104720000370012307F04807C670437010F00BFFB9
:1047300032463946686A10F00DFF3A0717D5626CA9
:1047400001A9BDF80430C2F30B22686A62F30B03BF
:1047500094F84620ADF804301209C3F3072362F33E
:10476000071303228DF80530022310F0C2FE686A99
:1047700010F05BFFEB89C0F1FE06A9EB0302B24229
:10478000B4BFD6B2F6B2334499452BDD002247F0D0
:104790001001686A10F0DEFE686A10F046FFEB89CF
:1047A000C0F1FE06686AA9EB0303B342B4BFDEB2F0
:1047B000F6B210F0C4FE811920460131C9B212F0E0
:1047C000DCFB0422C0F307238DF80400C0F307408C
:1047D0000DEB02018DF8053003238DF80600686AA1
:1047E00010F087FE63885B0606D594F9132094F8D1
:1047F00044106079FEF78AFFE9893246686A4144CD
:1048000010F0DCFEEB891E44EE814DE76C0B0021BD
:1048100010B5084CB0F85C30E2899A4205D001210D
:10482000FFF702FF0723237010BDBDE81040FFF71C
:1048300093B900BF6C0B002138B5438804461E4D68
:1048400013F0020F0FD1DB070DD4EA89B0F8543012
:104850009A4203D1BDE83840FFF77EB90121BDE897
:104860003840FFF7E1BE0020617908F057F963880E
:10487000617913F0020F0CBF22200C2007F09CFB83
:1048800002232B702B7B4BB106F006FF6379033BB1
:10489000012B94BF4520402008F00AF96379033BBF
:1048A000012B94BF2820002008F0DEF8686ABDE8DC
:1048B000384007F0FBBF00BF6C0B0021064810B565
:1048C000037803F0FF042BB9242221460CF016FBD9
:1048D000204610BD0C24FBE76C0B002110B5002313
:1048E000094C2370FBF7B8F96062FFF7E7FF20B1CE
:1048F0004FF442712D20EBF71FFEE36A13B940F22B
:104900000B31F7E710BD00BF6C0B0021014B024AD1
:10491000DA6270476C0B0021A0510101044B054A7B
:104920001A60054B054A1A60054B064A1A60704723
:1049300078150021D53901017C150021256D020172
:1049400080150021054E01012DE9F34704460E466E
:10495000002964D10A4690F87610FFF777FB3E4DA8
:10496000686A0379D90623D5C3789A0620D010F057
:10497000A5FC074604F1300094F8048012F069FDAC
:10498000421C3B464146D2B22046FEF71FFE04229F
:10499000C0F307238DF80400C0F307400DEB0201BC
:1049A0008DF8053003238DF80600686A10F0A1FD2C
:1049B0003EB304F1300A686AD5F8088010F07EFC36
:1049C0008146504612F05AFD07465046013F12F00C
:1049D00040FD4A46391A2079C9B212F077FD638842
:1049E00080441B0708D56B6801212046984412F0CB
:1049F000E4FB4044C4F8440122794146002007F01A
:104A0000C1FD686A07F052FF26B92179304607F0E8
:104A10009BFCA86005232B7002B0BDE8F08700F175
:104A20003005284612F015FD28B9638818070CD503
:104A3000284612F0EDFC284612F0EFFC07F06EFC61
:104A40002179252007F0B8FA89E7204602B0BDE8B1
:104A5000F047FFF781B800BF6C0B002170B5164E10
:104A6000012504463030757312F0F3FCE8B9638811
:104A7000DA0615D4727B9AB103F02303B4F85420FC
:104A8000134305D020460021BDE87040FFF7CCBDA0
:104A9000FEF74EFE0028F5D1FEF754FE0028F1D1B6
:104AA0002046BDE87040FFF757B829462046BDE8CC
:104AB0007040FFF749BF00BF6C0B002170B5124D6D
:104AC000002601210446EE8112F077FB6B68034457
:104AD0006B60B4F848300133C3F30E03A4F84830D8
:104AE000FCF78CFA4FF47F7394F87610B0FBF3F276
:104AF00002FB13006B683246184468602046BDE82C
:104B00007040FFF7A3BA00BF6C0B002110B5094C31
:104B1000A06A4388092B07D1FFF7D0FFA06A0121C3
:104B2000BDE81040FFF710BF0121BDE81040FFF7BE
:104B3000F7B800BF6C0B00212DE9F041467D04461B
:104B4000B31E06F0FD06DBB2012B8CBF4FF0000850
:104B50004FF00108371E18BF0127012B19D800F1AB
:104B6000700190F86F0010F07EF8054663889B0690
:104B700016D4082D0FD17EB3FBF77CF8B0BB237F92
:104B80008BB3D4F81630C4F86930638BA4F86D3059
:104B900006E00825EAE72846FBF7F0FB0028EAD103
:104BA000A57784F81D8084F86870FBF7D3FC054670
:104BB00009F016FE00220F4B84F87620E5FB030176
:104BC000C4E9180111462046FEF7C6FD60B940F25F
:104BD000A3412D20EBF7B0FC04F169013046FBF74F
:104BE0005BFA0028DCD10020BDE8F08104F1690106
:104BF0000120F4E740420F002DE9F04F07469DB039
:104C00000C46054610AE0FCF0FC60FCF0FC697E864
:104C10000F0008AF86E80F0038466E7912F0DEFB11
:104C2000A37A61780393237801F07F0A0493D14635
:104C3000237D013BDBB2022B00F28E80704AC90655
:104C4000134493F8228008D4A37D013BDBB2022BEE
:104C500000F282801A4492F82260637E03F0FD0322
:104C6000012B04D1B8F1030F28BF4FF00308A37E36
:104C700003F0FD03012B02D1042E08BF0326617A45
:104C8000384612F0B2FB237D227F3846022B02F118
:104C900001020CBF617D0121D2B204BF0131C9B252
:104CA00012F0A5FB1AF0080F6CD1384612F0E6FBA3
:104CB00063788346DA0654D4ECF75CFA82464146C0
:104CC0005846FEF7F5FA0123014632465046CDF824
:104CD0000090FEF70BFB40F27122217900F539704C
:104CE000E378B0FBF2F043EA01236179504343EAF1
:104CF00001435343984239D84FF0000B94F818A061
:104D00000793A37CE86C05930AF1FF33D3F1000A03
:104D10004AEB030A0DF096F80690E86C0DF0A2F845
:104D20000699079B814238BF014688B268B308A93B
:104D30000C9306930A910AA9ADF82C90CDF834B0E3
:104D40008DF838808DF8396012F0BAF8069BE0B91A
:104D500045201DB0BDE8F08F40F227310620EBF76B
:104D6000EBFB2822494600F027FAB4E7E179A37962
:104D700043EA0123217A43EA01435343834228BF94
:104D80000346B9E700239B46B8E7CDE9123B059BF4
:104D90000DF1400C049A8DF85430039B8DF845605A
:104DA0002E468DF850A08DF855308DF84020ADF886
:104DB00042908DF84480BCE80F000FC6BCE80F009D
:104DC0000FC69CE80F0086E80F0097E803002863F1
:104DD0000020A986E37A03F0FD03003B18BF0123FE
:104DE00085F86F30E3682B67238AA5F8743095F84F
:104DF0004630E27D62F3071385F84630A9E700BF2D
:104E0000103403012DE9F04385B008230521044641
:104E10000DF107028DF80730FEF756FD002877D018
:104E2000F7F7F0FD002873D13B4D02AF206AFEF783
:104E30007DFB6B6AD3F81F0093F8232002903A7130
:104E4000226AD3F80310C2F80310B3F80710A2F8CF
:104E500007101B78206AC3F3801383702F4B1B68E5
:104E600013B1012221469847D4F820800E23686AA6
:104E7000082698F8029000214370067010F063FB3A
:104E800000224FF00301686A10F064FB2046FEF731
:104E900029FC4946686A10F027FA0623012208F126
:104EA0000301686A10F025FB6179FF2007F084F8A0
:104EB000686A07F0FBFCD4F820802046414612F0D7
:104EC0002AFA3B46014694F91320404612F063F853
:104ED000216A00239DF80720204684F895300B882E
:104EE000A4F89630FF2384F8B3304FF6FF73A4F88C
:104EF000B43012F077F8236A1A882E70A4F8CD2007
:104F000093F8963084F8CF30012005B0BDE8F083E7
:104F10002046FEF721FEF7E76C0B00217C150021EF
:104F20002DE9FF41564F04463A7802F0FF0312B9CB
:104F30000278FF2A04D140F6DC112D20EBF7FCFAB1
:104F40007B60FB817B7380F889304E4B684604F1AF
:104F5000300500934C4B01934C4B0293FB6A5B680A
:104F6000039307F08DFC07F09BF807F0ADFD06F00A
:104F7000AFFB474807F0C8F9464807F07BFC2846D6
:104F800012F046FA284612F048FA07F0C7F92179DC
:104F9000252007F011F894F9130007F0AFF904F198
:104FA0005001E06C0CF0DAFE064604F15801E06CAA
:104FB0000CF0FBFE8046002E3AD094F82430BBB3B0
:104FC000B4F94850ED43ED0F637F13B963885B0775
:104FD00009D56FF00043D4E918129A4208BFB1F125
:104FE000FF3F2FD1ADBB94F88B301BB946EA0806C2
:104FF000F6B2AEB1638813F0100511D1606CC0F346
:105000000B2012F093F994F8463084F84500C0F371
:10501000032023F00F03034384F8463084F88B50B9
:10502000786A0330FBF7E2FA387304B0BDE8F08128
:10503000B8F1000F04D094F82550002DC0D1C3E77B
:105040004546C1E709F0CCFBD4E9182390429941C9
:10505000C8D3012229462046FEF77EFB50B1FBF75C
:1050600079FA054609F0BCFB0B4BE5FB0301C4E9EB
:105070001801B8E7002DB6D040F61A215DE700BF51
:105080006C0B0021F53F0101153C0101F13B0101D1
:10509000D6BE898E5555550040420F0037B504469F
:1050A0001C4DFFF73DFF04212078EBF717FF062189
:1050B00068612078EBF712FF6B69A8612BB120B112
:1050C00040F653212D20EBF737FA204611F047FF29
:1050D000618811F0100118D000212046FEF720FE53
:1050E00094F88A305BB16846FBF714FC38B1694626
:1050F00004F136000FF077FF002384F88A30204651
:1051000003B0BDE83040FEF7B9BA2046FFF71CFCFB
:10511000E6E700BF6C0B0021024B9862DB6A1B685C
:10512000184700BF6C0B002143881A0710B50446CE
:105130000ED5036A3C220F498C3042721B88438192
:10514000FF2380F827304FF6FF73038510F04DFCE6
:1051500063882046DB0747BF236A3C223C224FF688
:10516000FF7148BF1988FEF769FBFF2384F8893077
:1051700010BD00BF136F0201F97002010772020136
:10518000753E0101FF7002015D4A010139480101CC
:105190001148010179380101E13A0101BD3E0101E7
:1051A0009D500101CD3B01010D4B010178510101E1
:1051B00080510101985101010138022808B503D935
:1051C000C4212F20EBF7B8F913290A4B05D8112970
:1051D0000CD8102907D0D221F3E71529FBD103EB16
:1051E0004003D88801E033F8100008BD03EB40030A
:1051F0009889FAE7363403010D4A0346117891B9CC
:1052000090683BB9B0F86410B0F8482091420AD8D1
:10521000FDF70CBF93891B0707D590F88F0008385E
:1052200018BF01207047002070470120704700BF61
:105230009C0B00212F4A38B50346948990681C4383
:10524000402B948104D10421BDE83840FDF774BFA0
:10525000802B01D10521F7E703F00304032C04D1CF
:1052600040F62E313120EBF767F9DD0706D50C68E3
:1052700011612478062C1CD00B2C26D09C0713D54A
:105280000C6821780729117530D00B2928D0052901
:105290000AD190F88E10192906D100240025012189
:1052A000C0E93C4580F893109B0644BF0823137067
:1052B00038BD90F88E401D2CE0D100240025C0E9B7
:1052C0003A45012480F89240D8E790F88E40132C9C
:1052D00001BF002480F89240012480F8D040CDE73F
:1052E00090F88E101229DFD10021DBE7617880F879
:1052F0001811D9E79C0B002113B5044601A8FAF751
:1053000075FE20B940F617113120EBF715F932225E
:10531000002101980BF0F2FD01992246064801F8A0
:10532000034FFCF761F8FAF76DFE10B940F61E1155
:10533000EAE702B010BD00BFA00B00212A4B2DE907
:10534000F0419C6894F8C27294F8C352002F47D180
:1053500094F87460002D45D194F8758084F87460D9
:1053600084F87580FF2384F87630204B1B6813B1D6
:105370003146204698471E4B1B681BB132464146BA
:105380001C48984794F82C31012B01D03D4303D0A1
:1053900000211848FAF7E4FC04F13C06304610F00E
:1053A0008DFB04F24B1105462046FBF757FD2046C6
:1053B0000621FDF7C1FE304610F080FB8542044611
:1053C0000BD209F06FFB0146601B402838BF40201C
:1053D00009F036FB10B109F009FA0120BDE8F081AF
:1053E0003E46B7E7A846B9E79C0B0021941500217B
:1053F000CC150021A00B002170B54B780446426803
:10540000262B5AD01ED81D2B92F88D5051D00FD874
:10541000A3F10E02D2B2092A08D8012140F251208C
:1054200001FA02F6064220D1082A24D0002070BDDD
:10543000232BFBD12D2DF9D1234B1B68002BF5D04D
:105440009847F3E73E2B3AD005D82B2B39D03B2B8E
:10545000ECD11E4BF1E7FF2BE8D11D4B9B69002BD4
:10546000E4D0012382F8B632E0E722461846BDE8D0
:10547000704012F0E9B8262D01D0332DD6D1204648
:1054800010F0A3FC636893F88E20272ACED093F8FF
:10549000E1201A21204622F0010283F8E12062680F
:1054A00092F8E13023F0080382F8E130FAF758FC73
:1054B000BCE7372DBAD1074BBFE7074BBDE7074B1A
:1054C000BBE7074BB9E700BF90150021DC150021B1
:1054D0009C0B0021A0150021B4150021C01500214E
:1054E000C81500210029034608BF1F21262870B5D2
:1054F000144639D81C2806D8A0F10E03DBB2092BBC
:105500001CD9002070BDA0F11D02092AF9D801A004
:1055100050F822F0AD550101035501010355010179
:10552000BD550101035501010355010197550101C5
:105530009755010197550101CB550101012540F215
:1055400051269D40354215D1082BDAD1556895F882
:105550008D30262B13D12046FAF702FC002385F864
:105560008D3085F8CA30CCE73B2836D03E28C8D1EC
:105570001B4B2BE00021BDE8704012F065B8332BC7
:10558000BFD195F88E30A3F12502062AE6D9332B38
:10559000E4D02A21DFE7134A1568002DB1D00A466E
:1055A000204619462B46BDE8704018470E4B1B6835
:1055B000002BA6D00A461D212046F4E70B4B1B68A2
:1055C000002B9ED00A462021F6E7094B1B68002BD2
:1055D00097D02046BDE870401847064BF6E700BF5D
:1055E000BC1500218C1500219C150021A41500215B
:1055F000B0150021D81500212DE9F8438D4D064640
:10560000AC68002840F0D180AB8919074AD594F8DE
:1056100016312A2B16D00CD81C2B13D0222B18D0C5
:1056200094F81631FE2B20D140F2F7513120EAF7E1
:1056300083FF3C2BF4D1804B1B68002BF0D0281D3E
:105640009847EDE7002384F835317C4810F0BDFB26
:10565000E6E784F836017A4B1B68002BF5D004F599
:105660009B7104F58E709847EFE7FE2384F816319E
:1056700094F88E301F2B07D10027704884F8CF7024
:1056800010F0BDFB84F88E7094F88D30252B2BD054
:10569000382B37D094F88F30082B02BF02232B779A
:1056A00084F81631AB89DA0756D5D5F80880296910
:1056B00098F88E30D1F80090123B99F800700F2BBB
:1056C0000BD8BB1EDBB2092B00F2B28040F23332A2
:1056D00022FA03F3DB0740F1AB8009793846FBF788
:1056E00049F9C0B939468AE094F88E30A3F1250211
:1056F000062A05D9332B03D0262384F88D30C9E739
:105700003323FAE7012384F8B532002384F88D307F
:1057100084F8CA30BEE7012F01D9162F51D198F86D
:105720008D0010F085FB40B198F88D30252B04D00A
:10573000262B36D1332388F88D303846FCF728F8ED
:10574000034600284CD1FF2FCCD1AB69002B54D09D
:10575000AB68012283F8B622AB89580705D594F8C7
:105760008F20072A04BF01222A7799074ED5287D6A
:105770000122AB680D2883F8172144D0112850D09E
:10578000072850D0FCF718F8034600283CD12A7DA2
:10579000FF2A4AD1AA68382182F8B40282F88D1013
:1057A00034E0162F14BF022620262B781B0705D5C0
:1057B00094F88E30123B0F2B98BF08263046BDE878
:1057C000F883112F15D005D8072F14D00D2FB4D181
:1057D0001C4B05E0142FB0D11B4B1B68002B81D054
:1057E0002A6949461548127998470028B4D00646D8
:1057F000DBE7164BF4E7164BF2E799F800100F4879
:1058000010F029FBF1E7134B0C489847AB89DA06F7
:10581000CBD594F88E300B2BC7D10C2384F88E3067
:10582000C3E70D4BF0E70D4BEEE740F2EA51FDE622
:105830000826BAE79C0B0021D0150021A00B0021FF
:10584000AC150021E77602018815002137770201A7
:10585000F95301015F7502017D750201F1750201C5
:10586000024B002098611862704700BF9C0B00211A
:1058700008B50022044B9A611A62FBF789FCBDE867
:105880000840FCF767B800BF9C0B0021024B9869E9
:10589000003818BF012070479C0B00212DE9F04F04
:1058A000DFF80C820F46814689B0B8F80C10D8F8A2
:1058B0000840880504F1800A54BFB4F8C0200023D2
:1058C000504653BF0132A4F8C03084F8D731A4F851
:1058D000C02011F06BFE30B10B4604F5A1722146D9
:1058E0005046FCF7D7F9B8F80C3003F4C0633BB16D
:1058F00094F89130002B00F0AE80032B00F0B280C2
:1059000094F89120B8F80C30012A04D11A0544BF4C
:10591000022284F89120B9F1000F40F062815E0606
:1059200057BFB4F8F0214A46013292B2A4F8F021F0
:1059300003F00A020A2A0FD198F81420022A0BD188
:1059400023F008033846A8F80C30FFF755FE38431B
:105950000823C7B2A8F80C303846FFF74DFED8F838
:1059600018303843C7B2002B5BD01422002103A8A3
:105970000BF0C4FA94F8750007F0C4FB054694F8E0
:10598000750007F0B7FB05F5FA754FF47A722388B6
:1059900041F27071ADF80C30B4F88630B5FBF2F519
:1059A000ADF810300544E369ADF81250A3F57A70F4
:1059B000884295BFB3FBF2F340F2E24203F5506335
:1059C000B3FBF2F39BB2ADF80E3094F8B63233B1BC
:1059D000D8F810301A689B8806928DF81C309DF814
:1059E000143003A894F8B52262F300038DF8143044
:1059F000D8F8183098470023069A84F8B63284F80D
:105A0000B53272B194F8B4325BB994F88D30382B5A
:105A100007D09DF81C3023B11178FF2927D11B2B0B
:105A20002CD9D8F8086096F81631FE2B50D1002FEB
:105A30004ED196F88F30073B012B49D996F820318B
:105A400023B396F8213101220221A6F8C47086F80A
:105A500018313046FAE1012184F891102046FDF713
:105A60006BFB4DE70223012184F89130F6E707290B
:105A7000D7D1022BD5D15178FF29D2D10121C4F839
:105A8000B82284F8B73284F8B412CAE796F88EB018
:105A9000ABF1110B5FFA8BFBBBF1100F40F25E8193
:105AA000D6F88030DD0705D53A460921D1E700BF99
:105AB0009C0B0021980740F1F3803A460C213046B8
:105AC00011F034FD96F8D13043F0010386F8D1305F
:105AD000B4F8D03194F8D4510133A4F8D031002D6A
:105AE00000F0FC82ECF7DAFC10B10023A4F8D0310E
:105AF000208812F0DEFE94F891300646B4F832B0F9
:105B0000012B40F22B8394F88F30082B40F0FE825B
:105B1000B4F8C030022B40F22183B4F8C2500135F2
:105B2000ADB2B4F88630DFF8B4A22B44A4F8C83183
:105B3000DAF80030002B00F01583BBF1010F40F2C2
:105B40001183ECF79DFCDAF800300246B4F88610B9
:105B50002046984700F1010A1FFA8AFA94F8D531D5
:105B6000002B39D1012D37D994F88E300BB10C2B85
:105B700032D194F88D307BBB94F88F3063BB94F8AE
:105B80009130022B28D194F8D7312BBB60690BF0F0
:105B9000C5FE08B394F81631FE2B1DD1B4F8CA31F6
:105BA000012B19D9B4F8D021A38C9A4214D20EB18A
:105BB000F18989B9013D9B1AADB29BB2B5FBFBF5EA
:105BC0009D4228BF1D4605FB0BAB003D1FFA8BFA1B
:105BD00018BF012584F8D251B4F886309A44A4F84D
:105BE000CCA1B8F80C30D8F808505E0657BFB5F80D
:105BF000DC310023B5F8CE219B1858BF9BB2A5F825
:105C0000DC3195F8203123B995F88F30073B012B13
:105C100006D8B5F8C430B5F8CE211344A5F8C43081
:105C200095F8CA1031B1B5F8C630B5F8CE21134495
:105C3000A5F8C63095F9CE20002AC1BFB5F8CC3002
:105C4000B5F8CE011B18A5F8CC3095F8B1306BB97A
:105C5000B9F1000F40F0CF8298F81C30022B40F0D1
:105C6000848295F81831062B18BF162395F8B020BA
:105C700022B95B4885F8B130FBF708FE284611F0E1
:105C800093FD584B1B681BB1574A20461168984733
:105C9000002384F8D33109B0BDE8F04FFAF7CEB94C
:105CA000590702D53A461321D3E61A0706D596F8C6
:105CB00010313A4686F818310721CAE61D0602D58A
:105CC00000221B21C5E613F0300238D096F82331AC
:105CD000002B63D196F82231DBB196F88E3006F5B1
:105CE000917106F2C2222A2B27D096F88D30A3F1AB
:105CF0002A004342434130460FF0E9FED6F8803097
:105D000023F0200343F01003C6F88030002386F808
:105D10002231D6F88030DB0640D506F24B113046F2
:105D2000FBF79CF8B6F85E3000221521A6F8183172
:105D3000B6F86230A6F81A318BE60123DBE713F0E0
:105D4000400101D0242184E613F4807202D00A4677
:105D50001E217EE6DD0421D52C217AE6D8F80850F4
:105D600095F88E30192B41D013D8122B29D0172B30
:105D70002BD096F88D30002B7BD196F88E30113BCE
:105D8000102B7ED996F8BE30002B7AD0012212213A
:105D90005FE6212BEDD13A46062114E0D8F8080041
:105DA00090F88E30362B4FD006D8272B51D02F2B82
:105DB000DFD10022202149E04F2BDAD100223C2103
:105DC00044E03A460B21284640E02846FBF7D0FD48
:105DD00000283FF47DAE00220421F4E7B81500212D
:105DE000A00B0021A81500213800002195F8B03241
:105DF000012B07D13A460521284611F097FB85F87B
:105E0000B07265E695F8B032022BD9B27FF460AE7D
:105E100095F8D03053B106233A4685F81831284614
:105E200011F084FB002385F8B032EAE70321062253
:105E3000A3480FF0F7FF95F8E0303A4613F0040F4F
:105E40000CBF0D211121EAE70022112111F06EFB98
:105E50003EE690F82C31022B02D100221721F5E703
:105E600090F82C31012B84D190F82D31002BF4D0F7
:105E70007FE70A2B05D196F81131012286F81831F7
:105E80001AE7BBF1100F7FF623AED8F8085095F84B
:105E90008DB0BBF1000F40F0BD8095F833313BB1C0
:105EA00001220E21284611F041FB85F833B1A8E705
:105EB00095F8323193B195F8D1B01BF003030DD1B1
:105EC0004BF0010B01220C212846019311F02EFB0F
:105ED00085F8D1B0019B85F8323192E795F83431DD
:105EE00073B195F8E730DB0902D001222B216AE774
:105EF000744B1B68002B00F08D807148984789E037
:105F000095F8223133B395F823311BBB95F88E30C9
:105F100005F5917105F2C2222A2B19D095F88D3022
:105F2000A3F12A004342434128460FF0D0FD00234D
:105F300085F8223101221421284611F0F7FAB5F82C
:105F40005E30A5F81831B5F86230A5F81A31BFE512
:105F50000123E9E795F82C31012B71D195F82D310A
:105F6000002B6DD195F88E30A3F12502062A67D952
:105F7000332B65D095F874104A1ED2B2032A09D883
:105F800095F87500DFF840C101381CF802E0C0B296
:105F9000032804D940F211310620EAF7CDFABEF108
:105FA000020F95F82E2114D0BEF1030F13D0BEF1CD
:105FB000010F04D1012A14BF002201226AB9A3F102
:105FC0004802012A26D90B3B042B23D90122162192
:105FD000F9E6022AEFE7042AF1D11CF8000095F84F
:105FE0002F21022823D0032823D00128E7D1012A1A
:105FF00014BF00220122002AE1D0B5F8863005F551
:106000003072B5F830010EF032FC0146A0B92C48D0
:10601000F9F7A6FE96F88D30002B7FF459AD96F86F
:10602000B432002B3FF454AD0122FF2111E5022AC6
:10603000DEE7042AE1D0C2E72C2385F88D3047E55E
:1060400095F8363113B101222221BCE695F835319D
:1060500043B11E4B1B681A489847FE280146D9D009
:106060000122B0E695F83E3113B101221D21AAE6C6
:1060700095F83F3113B101222621A4E695F8BC32F0
:1060800013B101223E219EE695F8403193B1D8F834
:10609000083010211888EAF721FF03699B0706D50D
:1060A0000B4B07481B68984701223B218BE6094BA5
:1060B0001B6822E7084B1B68002BCCD1AAE700BF66
:1060C000A00B0021C81500214834030184150021CC
:1060D000D4150021DC15002198150021ECF7CAF930
:1060E00008B1A4F8D051ECF7E1F900283FF400AD75
:1060F00094F8D7310133DBB2022B84F8D73182BF59
:106100000023A4F8D03184F8D731F1E494F8BE30FC
:106110001BB194F88D30102B20D1B4F8C2505046EA
:10612000B4F8C0304FEA8B010135ED1AA5EB8B05B1
:1061300011F03CFAA0B1D4F8B830D4F8B42001334F
:106140009B1A5B1A9D42A8BF1D4626B1F389043BEA
:106150009D42B8BF1D46012D3FF7E2AC0125E0E4AA
:106160002B46EFE74FF0010AF8E4012B09D195F82F
:106170009030002B7FF47AAD00212846FCF7DCFF3D
:106180007FE55FB1F80634D4390734D4BA0634D485
:10619000BB0734D140F6AF213120FEE639B1B5F866
:1061A000C610B5F8C830994201D322235EE5002A13
:1061B00005DDB5F8CC20B5F8C8309A42F5D2B5F86F
:1061C000C420B5F8C2309A420AD295F89120B5F8A9
:1061D000C03052B1B5F8C2209A42CDD8082345E567
:1061E00095F82031002BE0D1EFE7052BC4D93E23F1
:1061F0003CE51E233AE53D2338E5232336E52A23F3
:1062000034E500BFF7B5654D002601220446A860BD
:106210002A71AE812E702E77FF2380F8D331B0F82B
:10622000CA31002B7AD090F81631FE2B76D190F837
:106230002031002B72D090F88F30073B93426DD9FC
:1062400090F821310221A0F8C46080F8183111F0D3
:106250006DF9022084F8D261FFF74EF8B4F8CE1140
:1062600004F18007638E0139B4F8D021384689B231
:10627000B1FBF3F31344A4F8D031B4F8C0300B44AD
:10628000A4F8C03011F092F920B1D4F8B4300B4426
:10629000C4F8B430B4F8CA310026012B9CBF0133D6
:1062A000A4F8CA3109B184F8D76194F88E3084F823
:1062B000D261A3F10B02012A3FD8B4F88630B4F8BA
:1062C000C0229B1A190451D404F2C22104F1960091
:1062D0000EF089FE84F88E60FF2384F8CB30B4F88A
:1062E000CE21214638460EF0C5FE94F88E302C495A
:1062F000123B2C4A0F2B8CBF0023012301932A4B06
:1063000000932A4B03C9EBF715FF296A002943D0F4
:10631000002003B0BDE8F04006F0C8BB94F81601B9
:10632000FE2899D1224B1E68002E97D008F0B8FBAA
:1063300002460B461A48B04790E72A2B16D1B4F80C
:10634000C022B4F886309B1A1A040FD484F88E60E9
:10635000FEF7F4FF014630B984F82C0103B0BDE824
:10636000F040FFF79BBA84F82C61B8E794F88D30C1
:106370002A2B01D02C2BB2D1B4F88630B4F8C0222D
:106380009B1A1B04ABD4002384F88D30FEF7D6FF94
:1063900001460028A3D1E1E703B0F0BD9C0B00212A
:1063A000A00B0021355201019D580101F951010155
:1063B000E0150021D0F8C832C269934273B5044693
:1063C00012D1D0F8CC62426AB61A18BF012694F8EE
:1063D000D422002A42D0208812F06BFA30B940F65D
:1063E000E9413120EAF7A8F80126F0E7B4F8D02215
:1063F000638E9A421CD1B4F8D23282899B1A18BF9C
:10640000012394F88D50482D16D094F88E20482AF8
:1064100010D00025022120460EF026FD002D44D08C
:10642000002384F88D30032384F8913002B070BDCE
:106430000123E6E73343ECD01D4B1B6813B940F64C
:10644000F441CEE7A5F14802002168460194554287
:10645000554101228DF800209847DBE7002ED8D067
:106460002288A3F57A7104F5CB70A4F8A02141F23B
:10647000707291420F4995BF4FF47A7240F2E24236
:10648000B3FBF2F3B3FBF2F398BF03F550639BB297
:10649000A4F8A231B4F8CC32A4F8A431B4F8CE32C6
:1064A000A4F8A6310FF0AAFAB3E784F88E50BAE741
:1064B000C41500213560020108B5FAF789FF024BC7
:1064C000024A1A6008BD00BF84150021B37802019A
:1064D00008B5FAF7F1FE054B054A1A60054B064A66
:1064E0001A60064B064A1A6008BD00BFA4150021B9
:1064F000F5B90001A81500215DBA0001AC15002115
:10650000C9BA0001014B1868704700BF380000216C
:10651000014B1860704700BF3800002108B5FAF73A
:1065200029FF034B034A1A60034B044A1A6008BD53
:106530009C15002119750201A015002107750201A3
:1065400038B521220B46044603F8032B00F109025B
:106550001D3052F8045B824243F8045BF9D1108885
:10656000188092789A70CA78122A03D80F4B134178
:10657000DB0716D50D8905212846EAF7AFFC18B9C7
:106580009C21AA20E9F7D8FF503010F0B1FA08B1E9
:106590009F21F6E705212846EAF7B6FC08B1A021BD
:1065A000EFE7002304F8053C38BD00BF7EFFFBFF8A
:1065B00070B5027805464368BAB9D3E9726410F041
:1065C000D4FA6B688A3093F87420094B33F8123090
:1065D0004FF47A7203F23F63B3FBF2F39B1944F179
:1065E0000001181841F1000170BDD3E99A01FBE7E1
:1065F0005835030110F8023C2DE9F043044689B0F8
:1066000023B900F8053C09B0BDE8F0830023CDE9CB
:10661000063305238DF81E3006A8EAF799FC0546D7
:1066200080B105210DF11600EAF7E4FBBDF8163044
:106630000546E381E8B907237549204663720FF0E8
:10664000D4F9E0E70698237C827A9A42E4D1627C0E
:1066500000F10C0104F11203C07A02F0FD02003ACD
:1066600018BF01220EF0C5FA0028D5D004F8055C49
:10667000C9E70146184602F085FC14F8043C654F52
:10668000EB7414F8033C2B7534F8083CA5F8B030D3
:1066900054F80C3CC5F8B43014F8063C2B760023B3
:1066A000AB753B680BB30721BDF81600EAF7DAFBC0
:1066B0000646D0B13B680146BDF816009847237FD7
:1066C0001A1E18BF01226A7654F8102C86F835304D
:1066D000326040F2E242637F53437360A37F5343CF
:1066E0007D22B360E37F5343F36005F150063046EB
:1066F000FBF728FC237C04F1340105F11E00AB728A
:10670000637C03F0FD03003B18BF0123EB72D4F858
:106710001230EB60E38A2B8201236B750EF063FC71
:10672000B4F8199040F2E24303FB09F9E36A2B60E5
:10673000236BC5F8A0906B60E37E85F8BA3094F8BF
:10674000423085F8C030E38FA26AA5F8C830638F65
:106750005343C5F8C430A37AE17A43EA0123A5F88C
:10676000CA30237E013BDBB2022B0BD82A490B44F3
:106770001B79EB7594F846304BB1012B3CD040F2BD
:10678000893101E040F227310620E9F7D5FE4FF0CC
:106790001E08B4F93C104FF41610CB17A1FB027180
:1067A00002FB031194F84730B4F84420434308FB3C
:1067B0000233FF1A61F10001012F71F100031EDAAB
:1067C0004A4638460AF03AFAB4F84030034409FB26
:1067D00000F09BB2C01B5A1E0633A5F88A209BB25C
:1067E0006A7D85F8BB2000903046CDE90183D4E96D
:1067F0000823FBF741FC06E74FF49678C9E7781EBB
:106800004A4661F100010AF019FA0130DCE700BFE5
:1068100041650101E41500214C3403012DE9F04FDD
:10682000804687B008460E460EF0CBFFD8F80470BD
:1068300081460F21B7F8863038880093EAF74EFB7F
:10684000827B0446002A00F00B81C27A02F0FF0B23
:10685000002A40F0058199F819506A1E012A02D9D0
:10686000042D40F0FD80F9F74DFA854340F0F880A3
:1068700099F8182009F11A030DF1100A12F0100FFF
:10688000C2F30011019319D099F81F2002F0C00241
:10689000402A13D11846F9F77BFE78B10EF0EDF9D6
:1068A000082805460AD052460DF10F01F9F758FEA7
:1068B00090B940F29511AA20E9F73EFE99F8182008
:1068C0000825D9F81A00C2F3001204908DF80F20A1
:1068D000B9F81E20AAF8042032782A2A40F0C48091
:1068E00030460EF070FF0646002800F0BD800268BA
:1068F0002260027984F82C20427984F82D20827954
:1069000084F82E2090F807B084F82FB0404699F80C
:106910000A20D9F806B0C2F304020192FFF748FE3C
:10692000009B019AC4E90C01F969A163B9F814103C
:1069300084F844B0591A84F84820A4F84C104FEA5F
:106940001B2184F845104FEA1B414FEA1B6B84F86A
:10695000461084F847B0D9F80B2099F81010E2637C
:1069600099F80F2042EA012299F8111042EA0142F7
:10697000226499F81820C2F3421284F8522099F840
:10698000171099F8162042EA0122A4F84E2099F82F
:10699000131099F8122042EA012299F80310A4F882
:1069A000502001F01F0199F8022042EA0122A4F8C8
:1069B000542099F80320C2F3401284F8562099F825
:1069C0000320C2F3801284F85720B9F820200498DD
:1069D0009A1A9DF80F80C4F82200A4F84A20BAF849
:1069E000042084F82180E28499F80A20C2F342123C
:1069F00084F82B2099F8192091073DD412F001005A
:106A000003D1C2F380029200D0B2F6F7ADF884F859
:106A1000280099F81820082D00994846C2F303026F
:106A200018BF48F0020884F82020B9F80420A4F820
:106A300029203A886283B9F8002018BF84F82180A1
:106A4000A2834FF0FF32A277E2770EF0D6FE024625
:106A500004F1100092B91223174963760EF0C5FFB6
:106A6000002007B0BDE8F08F002684F82C6084F881
:106A70002D6084F82E6047E70220C6E7AEB1327978
:106A8000511E0B06E7D471790529E4D9B7797D1E2B
:106A9000EDB2FD2DDFD8F579012DDCD94A43B9F8E7
:106AA00004309A42D7DCB942D5D9FF23E3720349B7
:106AB0000EF0A1FFD4E700BF41650101F5650101BA
:106AC000012A70B50C460646114605D9931E012BC6
:106AD00062D940F2832106E00521EAF7FFF9054675
:106AE00020B940F22521AA20E9F726FD50300FF009
:106AF00085FF002840F09E80237EAA7A62F303037C
:106B00002376AB7C13B9EB7A03F00103227E63F3A7
:106B100004122276F9F71CF9237E60F347132376DB
:106B2000E87DF6F721F80138434B05F10C01C0B2BE
:106B30001B5C6376AB7C73B1E87A0EF094F808289E
:106B400001D1122070BD04F11A01F9F775FD38B9B1
:106B500040F24621C7E7EB68C4F81A308B88E3831C
:106B6000E37840F2E24223F08003E370D5F8A030EE
:106B7000B3FBF2F395F8BA20A380A37A62F347132C
:106B8000A3722B680020C4F80B302B79E3736B7968
:106B90002374AB796374D5E710F044FE05460321F6
:106BA0003046EAF79BF9064615B940F25D219AE7AF
:106BB00010B940F25E2196E7437D6A7B003B18BF27
:106BC00001231B0143EA1213227E22F01F0213430A
:106BD0002376F9F7BDF8A37A00F0070060F34713B6
:106BE000A372237E60F347132376287CF5F7BCFF5E
:106BF0000138114B04F11A01C0B21B5C6376737F3C
:106C000083B1B07FF9F704FD00289AD0E37840F211
:106C1000E24223F08003E370D5F89830B3FBF2F33F
:106C2000A380AEE7D6F86930C4F81A30B6F86D30F4
:106C30008B80EBE7422085E7503403012DE9F74FC5
:106C4000037806468A46D0F8049033B1B9F8C030CC
:106C50001BB1012003B0BDE8F08F3046FFF7A8FC60
:106C600088469AF85A100746012904D98B1E012B31
:106C70005AD90220EEE70521BAF85800EAF72EF9B2
:106C800003460028F5D090F82C20002AE1D1B0F876
:106C9000A62000F11F0B7D1ED0F8A000AAF87120DD
:106CA0000544D3E92A412D1BB5FBF0F5ADB202EB4B
:106CB000050CA5FB00051FFA8CF30419AAF86DC09A
:106CC000A3EB020345EB0105002BB8BF5B42012B90
:106CD00004DD002824DA4C4B9842BADBB9F8C02016
:106CE000A742B9F8863078EB0505A3EB0203AAF8B2
:106CF0007B307368B3F88620AAF86F20DBF80010A9
:106D00009BF80400CAF861109AF8651060F304015A
:106D10008AF8651040D340F20731AA20E9F70CFC4D
:106D20003A4B984295DCD9E7BAF8580010F07AFD52
:106D3000024600289DD090F83530002B89D1B0F85C
:106D40007A3000F1170BAAF871300133AAF86D30D0
:106D50002F4B017C33F811404FF47A7304F23F64F7
:106D6000B4FBF3F4D0E92235903345F10005E41883
:106D70009AF85A3045F10005032BAFD1403001920B
:106D800010F0F8FF0028A9D1019AD2F898301B1909
:106D90001C4645F10005A1E7E41BB4F5960F0CD99C
:106DA000D969A1F59603013B2344B3FBF1F31A44DF
:106DB0009BB201FB1344AAF86F20164900209AF8F1
:106DC0005E308C4294BF00220122B4F5161F62F39C
:106DD00045138CBF0122002262F386138CBF4FF44F
:106DE0001612002203F0E003A21A8C4294BF1E2464
:106DF0004FF49674B2FBF4F28AF85D20C2F30422D9
:106E000013438AF85E3025E7C1B4B3FF3F4B4C0013
:106E100058350301C3BF0300F7B50123104E33708B
:106E20000023CDE900336846EAF792F8044618B12A
:106E30000023337003B0F0BD009D95F88C30002B1B
:106E4000F1D005F5F877384608F0D2FE384608F05C
:106E500009FF05F5E47085F88C40FBF73DFAE2E7A1
:106E6000C00B002138B50D4B0D4633F810400846D5
:106E700006F048F94FF47A7304F29D74033D04441C
:106E8000012DB4FBF3F404F586748CBF002528258E
:106E90000FF06BFE2044284438BD00BF5835030175
:106EA0002DE9F84F91F88DB09A4605460C46ABF1A6
:106EB00048031646012B1BD991F88E90A9F1480979
:106EC000B9F1010F8CBF4FF000094FF00109BAF181
:106ED000000F04D000220121204601F0B1FA94F8FD
:106EE0008C30032B00F29280DFE803F0058D848D57
:106EF0004FF00109EBE726B940F219213520E9F7F7
:106F00001BFB4FF0000801232046474684F88C30D5
:106F100010F002FD634B1B6823B151462046984791
:106F200008FB0077FBF776FA002872D10221B4F94A
:106F3000EC010EF08AFEB4F8EC311B1AA4F8EC3127
:106F40000026D4E97232FB1842F100021B1842EB12
:106F5000E072C4E97232C5E904322E7094F88D20D3
:106F6000A2F10C03DBB21E2B55D84F4EDE4006F0CB
:106F7000010694F88E30482B08BF46F001062046E3
:106F800010F01CFE30B1002E49D194F88C0001287D
:106F900018BF02200423287204F13C006B720EF02B
:106FA0008DFD6860BAF1000F79D0ABF10E0BBBF12B
:106FB000010F8CBF4B4649F00103002B6FD14146B6
:106FC00028460DF088FE1FFA80F9204610F0F6FDE5
:106FD00082466EBB81452BD307FB00F12E72D4E9AC
:106FE00072325B1842F10002C5E90432CFB940F2B7
:106FF000A12183E7D4F820820323D4F8387284F8DF
:107000008C30474486E7E769B84683E740F252216F
:1070100074E7002094E7482AABD10126AFE70020AF
:10702000B8E7414628460DF056FE82441FFA8AF919
:1070300001224946204601F003FA1A4B1B687BB136
:1070400001212046984708FB00F84844D5E904325E
:107050001FFA80F913EB080342F10002C5E904327C
:10706000FBF7D8F9B8B94FEA4901B4F9EC01B1F529
:10707000803FB4BF89B24FF6FF710EF0E6FDB4F861
:10708000EC311B1AA4F8EC31D5E904321B1842EBA1
:10709000E072C5E90432D5E90423C4E97223BDE8EE
:1070A000F88F00BFE8150021050000402DE9F041F0
:1070B0000E46044618B9EA213520E9F73DFA0529BC
:1070C0007AD8DFE801F003726864796E90F88C304A
:1070D0000BB9F221F0E701F0F1F800286FD011218F
:1070E0002088E9F7FBFE034694F87400002B4CD08F
:1070F000022848D004D8012807D0DC21B420DCE7DE
:10710000C21E012AF9D81E3300E00A339F8894F882
:107110007510CB1E012B98BF2826FFF7A3FE7630F3
:10712000E569F936874288BF3B1A264F98BF00238E
:107130007A78ED1A1AB9E36B9D4228BF1D4604F117
:107140003C000EF0BBFC00F176080220A5EB080520
:1071500007F04AFC022125EAE575854228BF05466D
:10716000284607F06DFC10B1A84407F03FFB3246FB
:107170004146204600230EF045FD7860E069BDE8F9
:10718000F04107F02FBB1433C0E79627BFE7BDE8F7
:10719000F04105F02BBD01220021BDE8F04110F0C7
:1071A000CABBBDE8F041EBF763B990F88C30042B13
:1071B00005D04FF488717FE74FF48A717CE7BDE812
:1071C000F08100BFC00B0021024B0022C3E9002266
:1071D000FFF722BEC00B0021014B5870704700BF63
:1071E000C00B0021024608B520B940F27D113520C0
:1071F000E9F7A2F990F88C3013B14FF4BF71F6E7BC
:10720000034900F5F870BDE8084008F075BC00BF00
:10721000AD70010108B504F02FFE044B5A6882429C
:107220002ABF1878002080F0010008BDC00B0021A3
:1072300037B50446042900F28480DFE801F0031624
:10724000121B7D00404B1B7803F0FF024BB901215C
:1072500010F071FB05F080FA03B0BDE8304008F093
:1072600037BC042384F88C30F4E7032384F88C3093
:1072700003B030BD41F64B5540F2E241D0F83C320C
:10728000C269AB42ADF8041090F848128CBF0025DB
:107290000125C0F8202229B99A421CD0008811F09B
:1072A0000BFB18E0008811F004FB20B94FF441718A
:1072B0003520E9F741F9B4F8443200256386B4F883
:1072C00046328381B4F83432C5814381013B038265
:1072D0007D23ADF8043094F87E30EBB9EDB9D4F8E5
:1072E000383204F5E470D4F83C22E362B4F8363264
:1072F000E2612386D4F8403284F87E506362638E64
:107300005343009302AB13E90600FAF7C7FF204688
:1073100010F002FB0223A9E74DB14FF04D13636358
:10732000002323874FF47A73ADF80430D7E74FF08A
:10733000961325876363D2E703B0BDE8304010F0B1
:10734000EBBA40F25931B3E7C00B00210D4A0146B8
:10735000107898B90129936807D1B3F86420B3F87D
:1073600048309A420DD8FFF755BF9289520707D58A
:1073700093F88F00073818BF01207047002070472E
:1073800001207047C80B002138B5184B9C899A68BA
:1073900004439C8100F00304032C04D14FF42761C3
:1073A0003620E9F7C9F8C50748BF1961840706D533
:1073B000096809780629197506D00B2910D08206AC
:1073C00044BF08221A7038BD92F88D101E29F6D1DC
:1073D000002400250121C2E93C4582F89310EEE724
:1073E00092F88D101429EAD10021F6E7C80B00218C
:1073F00037B590F88D200446A2F14803012B1DD922
:1074000090F88E300E3A483B012ADBB214D8012B9B
:107410008CBF00230123B4F88620B4F83412013263
:1074200092B291422FD194F8482272B343B94FF4EB
:107430000E713620E9F780F8012B24D80123EAE702
:10744000294B1B6813B940F23921F2E70021684645
:1074500001948DF800109847002584F84A520221C3
:1074600020460DF04AFD03212046FFF7E1FE94F887
:107470008D30A3F14802012A02D90E3B012B2AD8F4
:10748000002384F88D3003B030BD238841F2707240
:1074900004F5CB70A4F8A031D4F83C32A3F57A718E
:1074A0009142124995BF4FF47A7240F2E242B3FB27
:1074B000F2F3B3FBF2F398BF03F550639BB2A4F869
:1074C000A231D4F84032C4F8A431002384F89F31AB
:1074D0000EF094FAC0E794F88E30483B012B98BF29
:1074E00084F88E50CFE700BF2416002135600201DA
:1074F000234B70B59C6894F832520DB994F87450CF
:1075000094F833620EB994F8756084F8745084F876
:107510007560FF2384F876301A4B1B6813B1294637
:1075200020469847184B1B681BB12A46314617481E
:10753000984704F13C0600211448F8F711FC304646
:107540000EF0BCFA04F24B1105462046F9F786FC12
:1075500020460421FFF76CFE30460EF0AFFA85425C
:1075600004460BD207F09EFA0146601B402838BF44
:10757000402007F065FA10B107F038F9012070BD1E
:10758000C80B0021F815002130160021CC0B00217A
:1075900000231E2980F8161180F817310ED92439DE
:1075A000C9B21B2903D8104BCB40DB0705D40023FD
:1075B000A0F8C630012380F8CA30704701220B4B77
:1075C0008A401340002BF8D115290AD01129EED199
:1075D00090F8182112B1A0F8C6307047A0F8CC205E
:1075E0007047A0F8CC30704709010009871208499C
:1075F00010B54B7802464468232B94F88D1027D0A1
:1076000018D81D2B2BD00AD8A3F11201042904D8B5
:107610004FF4A801D940C90714D4002010BD1F2B76
:10762000FBD13129F9D1124B1B68002BF5D0204634
:107630009847F2E73B2B18D03F2B14D02B2BECD1E3
:107640000C4B08E001211846BDE8104010F00CBAC0
:107650002D29E2D1084B1B68002BE9D1DDE7372942
:10766000DBD1064BF7E7064BF5E7064BF3E700BF28
:107670000C1600212C160021F415002104160021FF
:107680002816002140160021034610460A1E08BF96
:107690001F22252B70B535D8112B03D8032B3FD0D3
:1076A000002035E0A3F112011329F9D801A454F800
:1076B00021F000BF13770101A176010113770101C9
:1076C000A176010113770101A1760101A1760101E3
:1076D000A1760101A1760101A1760101A176010146
:1076E00087770101A176010193770101A17601015C
:1076F000A1760101A176010175770101757701017C
:10770000757701013B2B4BD0FE3B5842584140005E
:1077100070BD024600211846BDE8704010F0A4B9C3
:10772000446894F88D301B2B01D0152B41D194F86F
:10773000D030002B3DD184F8CF3084F8CA3094F893
:10774000B03103F0FF0523B140F2D5313620E8F720
:10775000F3FE238884F8B121A4F8B23184F8B4513F
:1077600084F87A52144904F5D4700EF03EF984F886
:107770008D5095E711490C68002C91D0194623468D
:10778000BDE8704018470E4B1B68002B88D01D21A8
:10779000F6E70C4B1B68002B82D01F214068EFE7F7
:1077A000094B1B68002B3FF47BAF1146BDE87040CE
:1077B00018470220ACE700BF3B610201F015002131
:1077C00000160021081600213C1600212DE9F34780
:1077D0009F4F0E468046B989BC688D0504F180052F
:1077E00054BFB4F8C020002228465CBF013292B2D8
:1077F000A4F8C0200FF0EBFE30B10B4604F5A172E7
:1078000021462846FAF746FABB8903F4C06343B120
:1078100094F891302BB90121204684F89110FFF79C
:1078200007FDB8F1000F40F0D981002E40F0D6815D
:10783000BB89BD685C0707D595F88F20072A02BF72
:10784000012285F88F607A75980713D5387D01235A
:10785000072885F817310AD0112824D0F9F7A2FF9C
:10786000034628B940F2CF513620E8F765FE794B40
:1078700079489847BB89190740F1BE80BC6894F8E5
:1078800016312A2B36D81B2B0FD8012B5AD0032B9D
:1078900063D0002B44D094F81631FE2B40F090803A
:1078A00040F2DC51E0E76D4BE2E71C3B0E2BF2D8D7
:1078B00001A252F823F000BF7B7901019778010102
:1078C0009778010197780101977801018379010187
:1078D0009179010197780101977801019778010169
:1078E00097780101AF79010197780101977801013B
:1078F0007B7901013C2B61D03F2BCCD1B4F8863091
:10790000B4F834229B1A1B0402D4002384F84A32B0
:1079100094F88D30482B0DD1002384F8CA30BAE793
:10792000B4F88620B4F83412521A1204B3D484F88E
:107930004A32B0E794F88E30482BACD146480EF06E
:107940005EFAA8E7B4F88630B4F82E229B1A180421
:10795000A1D4002384F88D309DE794F88D30153B39
:10796000DBB2092B05D840F2412222FA03F3D907F2
:1079700091D4002384F87A32DBE7002384F8353190
:10798000CBE7374B1B68002B85D02046984782E712
:10799000002384F83631334B1B6823B104F59B7107
:1079A00004F58E7098472C480EF00FFA73E72E4BB3
:1079B0001B68002B3FF46FAF2748E7E72B4BF7E737
:1079C000FE2384F8163194F88D302A2B3ED033D81C
:1079D0000C2B35D00E2B37D094F88E30482B04BFAB
:1079E000492384F88E3094F88F30082B01BF02238E
:1079F0007B75002384F88F30BB89DA074CD53A6950
:107A0000BB68166893F88D1093F8D000347810F0A6
:107A100018F828B1112C6CD8154BE340DB0768D55A
:107A200011792046F8F7A6FF20BB3B6931460A488A
:107A30001A790EF023FA2EE0482BCDD1492300E02D
:107A40000D2384F88D30C7E70F23FAE72B23F8E7DF
:107A5000C80B0021FF790201CC0B0021E379020160
:107A600010160021141600211816002134160021CA
:107A7000742802000D2C36D0112C36D0072C36D0AD
:107A80002046F9F77BFE03460028CED03A693146FE
:107A9000B3481279984706463B781C0708D595F8F5
:107AA0008D1095F8D0000FF0CCFF002818BF0826E5
:107AB0002846FFF79DFCBD6895F81631FE2B40F077
:107AC0008D8095F88F30073B012B40F2878095F829
:107AD000203103F0FF0473B10023A5F8C430022362
:107AE000A5F816317AE09F4BD0E79F4BCEE79F4B2E
:107AF000CCE70826D0E795F88D3043B995F8BE203D
:107B00001AB31222A5F81621A5F8C63063E0292B76
:107B100000F0A38010D8142B58D009D8032B00F004
:107B20009680132B00F08A80113B102B56D90CE065
:107B30001E2BF9D106234AE0352B00F0A080362B0E
:107B400000F09380322B00F08E8095F88E30372B2A
:107B500000F2DA80222B00F29480013BDAB2052A8F
:107B600040F2C08095F81631FE2B37D1BC6894F8EE
:107B70001631FE2B00F0678195F88D3073BB95F8B8
:107B80002D325BB395F88E000EF052F9044628BBF7
:107B9000B5F886300A2B21D96846F8F7BBFEE8B164
:107BA000052205F19701684609F04AF9002800F01E
:107BB00016839DF80430009885F82C320123C5F80F
:107BC0002802A5F8163185F82D4207E00B23A5F809
:107BD0001631A5F8C640012385F8CA30BC6894F870
:107BE000203123B994F88F30073B012B04D8B4F827
:107BF000C4300133A4F8C43094F8CA1021B1B4F8E9
:107C0000C6300133A4F8C63094F9CE2022B1B4F8BE
:107C1000CC300133A4F8CC30B8F1000F40F03983F8
:107C20007B7D022B00F03183012B40F0DB8294F846
:107C30009030002B40F0EB820021F5E2D5F84C3279
:107C4000C5F808310323A5F8163100235CE795F841
:107C5000113185F81831072342E71823A5F8C640EB
:107C6000A5F81631BAE72123B1E7012311212846EF
:107C700085F81831FFF78CFC85F88D40AEE7272397
:107C80002EE7233B142B3FF66DAF01A252F823F0F1
:107C9000717D0101717D0101657B0101657B010140
:107CA000E77D0101657B0101657B0101657B0101C8
:107CB000657B0101657B0101337E0101657B01016B
:107CC000657B0101657B0101657B0101657B01012C
:107CD000657B0101657B01013B7E0101177E01018E
:107CE000377E0101052B3FF63DAF01A252F823F08C
:107CF000317D01014F7D01011F7D01012B7E0101BD
:107D0000657B01012F7E01014C2B00F098804F2BE9
:107D100000F09780482B7FF425AF3F2373E095F860
:107D2000103185F818310723A5F81631002314E027
:107D30000C230022A5F8163195F8D130A5F8CC20F7
:107D400043F0010385F88E2085F8D1300AE713232C
:107D5000A5F816310023A5F8CC3085F88E3001E760
:107D6000CC0B0021EF7A0201297B0201F1750101A0
:107D700095F82331002B7FF4F5AE95F82231BBB195
:107D800095F88E3005F5917105F232222A2B28D014
:107D900095F88D302A3B012B8CBF00230123284608
:107DA0000DF095FE242385F88E30002385F82231CE
:107DB00095F88E30242B7FF4D5AE05F24B11284672
:107DC000F9F74CF8B5F85E30A5F81831B5F862301F
:107DD000A5F81A311523A5F816310023A5F8CC30E3
:107DE000C0E60123DBE795F82C31012B0ED095F886
:107DF0002C31022B7FF4B6AEEA6ED5F82E11A048D6
:107E00000CF051FD1823A5F81631ABE695F82D318D
:107E1000002BECD1F0E700241121284685F8184109
:107E2000FFF7B6FB85F88E409CE60923EBE71B23A2
:107E30007AE72423E7E71E2376E72723E3E72C23CB
:107E4000E1E73C23DFE794F88D30002B7FF494AE1C
:107E500094F84A323BB394F8483203BB94F88E004E
:107E60000DF0E6FF8246F0B994F88E30352B1AD02B
:107E700094F8483283B110212088E9F72FF803697C
:107E800013F400791DD04823A4F8C6A084F88D30DF
:107E9000012384F8CA303F23A4F8163177E094F820
:107EA0003431002BDAD094F87A3203F0FF0133B387
:107EB00094F89230B3B194F8933073B940F2CE6134
:107EC000D2E4704B1B6813B940F2BF61CCE41A21B5
:107ED0006B48984784F84A9259E00A23A4F816316F
:107EE000002306E0D4F84C22C4F808210322A4F8A9
:107EF0001621A4F8C630012384F8CA3047E094F86C
:107F0000333103F0FF022BB10823A4F8C610A4F804
:107F10001631F0E794F8343103F0FF0173B194F8AF
:107F2000E730DB0905D02B23A4F81631A4F8C620CE
:107F3000E1E7554B1B6853B3514831E0D4F87C322C
:107F400083B31F2294F88E00F9F7A2F850BBD4F83F
:107F50007C3233B113F8512C012A05D040F2FE6176
:107F600082E440F2FA617FE413F8283C03F0FF0159
:107F700013B140F2FF6177E494F8E33098060CD532
:107F80001F23A4F8C61084F8CA20A4F8163195F867
:107F90001631FE2B7FF422AEEEE53C4B20461B68EB
:107FA0009847F4E794F8323173B194F8D13013F074
:107FB0000302ECD10C2143F00103A4F8161184F85C
:107FC000D13084F8322187E794F822311BB394F83A
:107FD000233103BB94F88E3004F5917104F2322200
:107FE0002A2B16D094F88D302A3B012B8CBF00230E
:107FF000012320460DF06BFD002384F82231B4F8F4
:108000005E20A4F81821B4F86220A4F81A211422E2
:108010006DE70123EDE794F82C31012B61D194F841
:108020002D31002B5DD194F88E000DF001FF00285A
:1080300057D194F874104B1EDBB2032B09D894F877
:108040007520DFF84CC0013A1CF80300D2B2032AB5
:1080500003D940F21131062007E4022894F82E31AA
:108060000AD003280AD0012804D1012B14BF002311
:1080700001237BB9162331E7022BF7E7042BF5E741
:10808000CC0B0021241600212C1600210C160021F7
:10809000533403011CF8022094F82F31022A17D020
:1080A000032A17D0012AE5D1012B14BF0023012395
:1080B000002BDFD0B4F8863004F50C72B4F8300130
:1080C0000CF0D5FB014640B97548F7F749FE5EE76D
:1080D000022BEAE7042BEDD0CCE72C2384F88D307B
:1080E00055E794F8353103F0FF025BB16D4B1B6827
:1080F0006B489847FE2801463FF449AF2046FFF7FA
:1081000047FA44E794F83E3103F0FF090BB11D2311
:108110000AE794F836316BB30921B4F83801E8F76F
:10812000DDFE10B984F83601D6E690F8F03103F0A0
:10813000FF0213B984F83621CEE690F8C831032B3C
:1081400014D8DFE803F00202050D84F83691C3E687
:1081500094F83C3180F8F131002384F83631BBE6E5
:108160002223A4F81631A4F8C690C4E640F2926126
:10817000FFF77ABB94F83F318BB194F84A3273B968
:1081800094F8E4305A0608D5474B1B68002B3FF49F
:10819000FEAE4348984727237EE6444BCAE694F850
:1081A0004031BBB13B22002194F88E00F8F770FFFC
:1081B000814678B910212088E8F790FE03699B0773
:1081C00005D53B4B36481B6898473B23C9E7394BDD
:1081D0001B68B1E6384B1B68002B89D1D7E685F8C0
:1081E0002D02F2E45EB1F00651D4310751D4B2074A
:1081F00051D1B30651D440F6F421FFF735BBD9B1C4
:10820000B4F8C610B4F8C830994215D9222384F8BE
:10821000B1302348F9F73AFB0023022184F88D306E
:1082200084F88E3084F891302046FFF701F802B0D0
:10823000BDE8F047F7F702BF2AB1B4F8CC20B4F894
:10824000C8309A42E2D8B4F8C420B4F8C2309A4296
:108250000FD2B4F8C420B4F8C8309A42D6D294F8F9
:108260009120B4F8C0304AB9052B7FF6E5AC3E2327
:10827000CDE794F82031002BC8D1EAE7B4F8C2204A
:108280009A423FF6D9AC0823C1E71623BFE71E2365
:10829000BDE73D23BBE72A23B9E72323B7E700BFA8
:1082A000CC0B0021EC1500211C160021201600210A
:1082B0003816002140160021FC15002130B590F839
:1082C0008E200023584D85B02A2A04462B71A860C1
:1082D000AB812B706B7512D1B0F83012B0F88620DC
:1082E000521A11040BD480F88E30FFF701F9B0B99F
:1082F00000210846FFF76AFA002005B030BD94F867
:108300008D302A3B022B0AD8B4F83022B4F88630DC
:108310009B1A1A0403D4002384F88D30E5E794F8FF
:108320008D300C3B012B16D8B4F88630B4F82E22D1
:108330009B1A1B040FD404F50A7104F196000CF08B
:1083400052FE94F88D300D2B04BF002384F88D303D
:10835000FF2384F8CB30B4F81822214604F18000C2
:10836000013292B20CF086FE0023A4F8183294F881
:10837000CA302BB1B4F8C620B4F8C8309A42B7D28C
:1083800094F9CE302BB1B4F8CC20B4F8C8309A426E
:10839000AED2B4F8C220B4F8C4309342A8D294F854
:1083A0009110B4F8C03071B9052BA1D894F81641DA
:1083B000FE2C1DD003A8F7F719FE38B940F6261198
:1083C0003620E8F7B9F89A42F0D891E73222002136
:1083D000039808F093FD03992246144801F8034FCF
:1083E000F9F702F8F7F70EFE58B940F62F11E7E754
:1083F0000F4B1C682CB106F053FB02460B460B4892
:10840000A047AB680B4A93F88D1093F8D0000FF09B
:1084100018FB094B054900930190084B03C9E9F784
:1084200089FE012069E700BFC80B0021CC0B0021A9
:108430004416002189730101CD7701014D730101BB
:10844000F8B5B0F8183200F1800704460D460B4429
:108450001646A0F81832B0F8C0300B44A0F8C0306F
:1084600038460FF0B4F8A0B1D4F8B43038460B4415
:108470002146C4F8B4300DF0FCFFD4E92D239A4214
:1084800007D30023164904F5A170C4F8B4300DF0E9
:10849000B5FA94F8CA3023B1B4F8C6302B44A4F826
:1084A000C63094F9CE3023B1B4F8CC302B44A4F8C4
:1084B000CC3094F8203123B994F88F30073B012B4E
:1084C00004D8B4F8C4302B44A4F8C4302046FEF7D6
:1084D0008FFF26B1B4F886301D44A4F88650F8BD4D
:1084E000CD63020108B5F8F773FF024B024A1A6028
:1084F00008BD00BFEC150021B378020108B5F8F7FC
:1085000039FF034B034A1A60034B044A1A6008BD43
:10851000001600212B7A020104160021197A0201AB
:1085200008B5F8F795FE064B064A1A60064B074A4F
:108530001A60074B074A1A60074B084A1A6008BDC1
:108540000C1600213F7A02010816002199C400018F
:1085500010160021F9BA000114160021C9BA000151
:10856000FF230B7004234B7084238B70034BB3F8F1
:108570000920DB7AA1F803204B717047300C0021F1
:1085800008B540300EF06BFA014B00225A7308BD5B
:10859000300C0021014B1869FFF7F2BF300C0021AD
:1085A000034B5A7B12B11869FFF7EABF704700BF4F
:1085B000300C00212DE9F04F994C93B005460E4642
:1085C000236993F82D703FB1D3F8B0205778227DFE
:1085D000974294BF002701279A7BBF00B3F82890E9
:1085E00047EAC207E28AD88DA9EB02095A6A4FF618
:1085F000FF7307F00C071FFA89F901929842BB46F6
:1086000032D00A21E8F76AFC824607230021A069DC
:108610002B700123E9706B700CF095FF86B1236914
:1086200093F835601EBBBAF1000F22D09AF81A30C9
:10863000012B05D09AF85730002B0CBF23263B2680
:1086400032463946A0690CF085FF17F00403009309
:1086500016D02369D3F8B0100B783F2B0BD94FF409
:1086600089710A20E7F768FF4FF0000ACDE7092675
:10867000E6E75646E4E701230222A0690CF039FF41
:1086800021698B7B2BB1022303220C31A0690CF0F2
:1086900030FFA0690CF053FFC0F1FE080546C1454C
:1086A000B4BF5FFA89F85FFA88F8C84509D3009B20
:1086B000D3B12269237DD2F8B0200133527893429E
:1086C00012DA47F010013246A0698B460CF042FFE7
:1086D000A0690CF034FFC0F1FE080546C145B4BFE7
:1086E0005FFA89F85FFA88F8092E37D142F6080355
:1086F000ADF80C3023699A6BCDF80E2093F83C202E
:10870000DB8E8DF81220ADF813303346072203A913
:10871000A0690CF0EEFE1BF0100F5FFA8BF25ED03A
:10872000237F002120694B44ADF80810067C03F03C
:108730003F038DF80A10242B84BF243BDBB2022EAA
:10874000237743F0400303F07F038DF8083055D0C2
:1087500011D8012E54D040F26D1182E7314B1B68C5
:10876000002BD8D0232E01D03B2ED4D1226903A9CF
:1087700050469847C9E7F31E012BECD8B11E0227DB
:10878000C9B29DF80A3067F347138DF80A30264BBB
:1087900033F8113052070CD5042E454433D1AD01C6
:1087A00005F53475D0F8B0301B78DB0003F0F80322
:1087B0002B441E229BB202A9A069B3FBF2F39DF8E1
:1087C0000A200B3322F01F028DF80930C3F3042373
:1087D000134304228DF80A3003230CF08AFEE18A49
:1087E0004246019BA0690B4419460CF0E7FEE38A60
:1087F0009844A4F8168013B0BDE8F08F0127C0E7B5
:1088000040F64803C6E7032E03D12D0105F5E775B1
:10881000C8E7022E0BBF0B350A35AD00ED00C1E7EE
:10882000300C00214C1600215834030110B50A4CBD
:10883000207F03F073FDA0690021FFF7BBFE2369D1
:1088400000204FF4A5711A7C03F0B2FEA069BDE8C8
:10885000104004F02BB800BF300C002103461D4A25
:1088600013B5106903B921B902B0BDE81040FFF794
:1088700087BE137D90F82D100133DBB21375D9B18B
:10888000D0F8B0104C789C4216D90B7801A83F2B39
:108890008CBF9B0903238DF804300B780021C3F3B0
:1088A0000402DB008DF805208DF8063003F0C6FBCE
:1088B000FFF7BCFF02B010BD018DD38A994203D1EE
:1088C000B0F87A308382CFE702B0BDE81040FFF7FE
:1088D000ADBF00BF300C002108B5F7F7BDF9054B5F
:1088E000002298615A73044B044A1A60044B054AEB
:1088F0001A6008BD300C002148160021708C01015F
:1089000050160021808C0101014B024A1A60704709
:108910004C16002119A8010130B50C4685B005465A
:10892000B8220021204608F0E9FAE8F7F5FB012219
:108930000146A06065746846E8F734FCA068002230
:10894000012109F0EDF902A8F7F7E4FF20B940F2A0
:10895000DB110A20E7F7F0FD02A904F116000CF084
:1089600042FB054B246423670023A3824FF6FF7369
:10897000E38505B030BD00BF808C0101F8B50F461E
:108980003649044631F812504FF47A7105F57E5598
:108990000735B5FBF1F519460FF08BF9C319FF2B1D
:1089A00004DD01288CBF03300430C0B26FEA000C34
:1089B00094F82D305FFA8CFC07EB0C06013E96FB19
:1089C000FCF6F6B22BB1D4F8B01049788E4238BF1D
:1089D0000E46C1196EB3901E013EC0B2022897BF69
:1089E0001F4F40F6921007EB4000C088042A00FB9E
:1089F000065506FB1C10C0B20ED1800100F5347084
:108A0000284443B1D4F8B02013785278DB0003F047
:108A1000F80302FB0300F8BD032A03D1000100F5AF
:108A2000E770EDE7022A0BBF0B300A308000C00070
:108A3000E6E7042A04D1890101F534716818E0E7FA
:108A4000032A03D1090101F5E771F7E7022A0BBFF9
:108A50000B310A318900C900F0E700BF5835030126
:108A600058340301014B1873704700BF300C0021CC
:108A700003460548027B2AB1418102220349437221
:108A8000F8F7E0B9704700BF300C002161850101A3
:108A900073B5744C0646637B206123B140F2E1213B
:108AA0000A20E7F749FD0FF014F9D6F8803000F5F9
:108AB000D5759D4218D9ED1A3046402D38BF402556
:108AC0000FF0BDF80146284605F0BAFF28B9206925
:108AD00002B0BDE87040FFF753BD05F087FED6F841
:108AE00080302B44C6F88030256995F835307BB14D
:108AF000EB8EB5F87A209B1A1BB2002B14DC05F123
:108B0000380105F116000CF06EFA002385F83530B7
:108B100095F8343043B1D5F88020D5F898309A4292
:108B20000CD9002385F834300023E38223752369B0
:108B3000D3F8B030CBB940F2EE21B1E705F13806F9
:108B40003046F7F7E7FE0028EED0052205F11701C1
:108B5000304608F075F90028E3D0012385F8353058
:108B6000B5F87A300A33EB86DBE703F099FA3E4B2F
:108B7000186803F085FE236993F90F0003F0BEFB2C
:108B80002369FF20197C03F017FA2369186803F0A2
:108B9000BBFB2069B0F87A2050F8161B0CF03BFAAA
:108BA000207703F0BBFBA06903F080FE23695868BF
:108BB00003F060FE236903F12401986809F0CEF800
:108BC00080B123699A7B4AB19889C0F30B000EF0FB
:108BD000ADFB23699A8960F30B029A81002283F826
:108BE0002C2004E0236993F82C30002BE9D10121DB
:108BF000A069FFF7DFFC236993F82D20A2B1D3F819
:108C0000B020002101A813783F2B8CBF9B090323C0
:108C10008DF804301378C3F30402DB008DF80520CF
:108C20008DF8063003F00AFA236900201A7C0F4BF6
:108C300033F812104FF47A7301F5FA71B1FBF3F1C6
:108C4000903103F09FFC2369B3F87A10587CFFF74A
:108C50000FFF206940300DF0FDFE0123637302B069
:108C600070BD00BF300C00214816002158350301AB
:108C7000357C02012B7C02015D880101A185010187
:108C8000D37C02013F7C0201918A010181850101AF
:108C900095850101EDCB0101277C0201014B187381
:108CA000704700BF500C002110B5B0F8CA000C4648
:108CB0000F21E8F713F930B1447610300249BDE8CE
:108CC00010400CF092BE10BD41650101034B1868C5
:108CD00090F837300BB10FF054B87047680C002192
:108CE000014B18680FF04DB8680C00211A2337B5F6
:108CF00005460B7030F8340C0C4615F82A2C888089
:108D000015F8323C8B7115F8313CCB7112B143F040
:108D10000203CB7115F8233C002B3FD00721E8F765
:108D2000DDF818B940F2E1110D203EE090F8353041
:108D300040F2E242A3744368B3FBF2F3E374836846
:108D4000B3FBF2F37D222375C368B3FBF2F3DBB20E
:108D5000637515F8253C2BB1013BDBB2032B21D801
:108D6000204AD35CA37340F2E2426B6EB3FBF2F392
:108D7000A4F80F3095F87E30637455F8303CA3604A
:108D800035F82C3CA3816B7AE37043B305F11400F2
:108D90000DF0AEFE58B140F20B21C5E7A374E374A9
:108DA0002375D5E740F211310620E7F7C5FB052111
:108DB00035F8340CE8F7A8F810B140F20F21B3E70A
:108DC0004FF40173ADF8043000209DF8043063F3D4
:108DD00007009DF8053063F30F2003B030BD042376
:108DE000F0E700BF8C34030170B5174D06462B68C1
:108DF000188900F0FFFC044620B928680EF0C1FF76
:108E0000204670BD03F04CF9104B186803F038FD94
:108E10002B68FF20D97D03F0CFF82B68186803F08A
:108E200073FA304603F07AFA204603F03FFD2B68D0
:108E3000586803F01FFD2B680120C921DA7D03F07B
:108E4000A1FB0120DDE700BF680C002168160021AE
:108E5000F8B5174B1B68DE7DD3F8905093F8384077
:108E6000F31E012B1DD82401032604F5E7743046B8
:108E7000A5F58D7504F03EF90E4B0544304653F8C8
:108E8000267004F03FF9C0F579704FF47A732D1B0A
:108E900003303844B0FBF3F02844BDE8F84003F059
:108EA0006DBD022E0BBF0B340A34A400E400DEE7D4
:108EB000680C00214435030110B5447D4CB980F89D
:108EC00045103C3005490CF093FDBDE81040ECF72F
:108ED000D3BB034BBDE810401B681847ED8C010164
:108EE0005416002110B5134C206890F83A305BB945
:108EF000C37D042B08D1012180F83A1043F2D2003F
:108F000005F09EFD20B92068BDE810400EF039BF85
:108F100005F06CFC2268D2F8900000F5435300F590
:108F20003F5012331230BDE81040C2F8903005F0C7
:108F300059BC00BF680C0021014B024A1A607047FF
:108F400054160021A98C0101044B054A1A60054BF7
:108F5000054A1A60054B064A1A6070475C160021E4
:108F600089A701016016002171A701016416002183
:108F700065A70101014B024A1A607047681600217B
:108F8000F893010138B50C460546D0220021204651
:108F900007F0B4FF284600F015FC41F6FF73258169
:108FA000A383024B2465C4F8803038BDDC930101F3
:108FB00070B5104D0C460721E7F7A6FF2B68BBB133
:108FC00094F83930A3B10C4B1B6823B940F28121CE
:108FD0000D20E7F7B1FA98470A21E7F77FFF10B9AC
:108FE0004FF42171F4E72B683E21BDE8704018472B
:108FF00070BD00BF60160021641600212DE9F0430A
:109000005F4C074685B00D46206850300DF0F6FCE9
:1090100078B1022138460CF08BFA22680146107EA6
:109020000EF05EFF0146002842D000211046FFF7F7
:1090300043FF394620680EF063FF02F0B1FA022DBB
:10904000814607D002F020FF014620680022503000
:109050000DF08FFC2368DE7CB6B1032138460CF09E
:1090600067FA6B1E012B0FD92268137D63B10028AC
:109070002DD04178037801F00F01968B43EA01234C
:10908000F61A938318BF01263E4B1A68002A3BD07C
:10909000226892F83920002A36D01B6838462168A9
:1090A00098478046A6BB98BB6B1E5D425D410AE0B7
:1090B00002F150000DF0F4FC2068837D13B91A21F1
:1090C000FFF7FAFE0025284605B0BDE8F0831E46EE
:1090D000DAE702F0AFFE96F90030B278002B737831
:1090E00002F01F02B4BF4FF496711E2143EA02231F
:1090F0004B431A1AB2F5877F3DD398423BD80425DB
:10910000E1E7022DDED136E0002ECDD04FF0000891
:1091100022680120B2F88A30118901903846CDE9E1
:109120000268567E4A46013EF6B2009600F074FB95
:10913000814630B1B8F1000F03D02368002283F8D4
:109140003920012DBFD0042138460CF0F1F9064634
:10915000B9F1000FD5D00028B4D083785F2B4FEA47
:10916000531296BF084B00239B18226898BF1B79A7
:10917000D27D9A42ADD02368188900F015FCA1E792
:10918000680C00215C1600218C3403012DE9F041AC
:10919000344D07460E462B68188900F02BFB044619
:1091A00020B940F255110D20E7F7C6F927B9286814
:1091B000BDE8F0410EF0E5BD002EF8D10CF098FAB4
:1091C0000028F4D0237803F00F03072BEFD1E378C6
:1091D0009B09ECD1032120460CF0AAF9034628682C
:1091E00023B15A78837AB3EB121FE1D190F837306C
:1091F000032B06D0052B20D0022B1CD040F281116E
:10920000D1E701212046FFF7F9FE01462868012930
:1092100080F8371013D00429CAD120460CF088F901
:10922000014628680B78C3F3050380F83630BDE8A3
:10923000F04100F0E9B80021E4E70221E2E70A4C3E
:10924000236813B940F28F11ADE707210089E7F7D2
:1092500045FE10B940F29111A5E72368BDE8F04141
:10926000184700BF680C002158160021F8B50023EC
:109270002E4D80F83A30286050300DF0BFFB034689
:1092800028681BB1FF2380F838302FE0C67D042EFC
:1092900008BF03260EF0C3FD074605F0A5FB032E0D
:1092A00004463BD0022E14BF4FF4FF634FF47F738C
:1092B0009C42394628BF1C46204605F0C1FB0346A8
:1092C00088B305F093FA2868032ED0F89030234431
:1092D000C0F8903025D0022E14BF08230423B4FB1D
:1092E000F3F4FF2C28BFFF2480F838400EF039FE3D
:1092F0002868B0F88A2050F81E1B0BF08CFEFFF790
:1093000073FD28B1FFF7A4FD286850300DF0A2FBD3
:109310002A68537E023382F83730F8BD4FF47F63FA
:10932000C6E71023DBE72868ADE700BF680C002123
:10933000002310B580F83A30FF230A4C80F838300B
:109340000523206080F8373090F83600FFF74CFD99
:1093500038B1206850300DF07DFBBDE81040FFF7BC
:1093600077BD10BD680C0021002370B580F83A303D
:10937000FF23124E0D4680F838300523306080F808
:109380003730008900F036FA044620B940F20D313A
:109390000D20E7F7D1F8336893F8360002F0BEFFEE
:1093A000336829460120DA7D03F0ECF8204603F00B
:1093B0007DFABDE87040FFF74BBD00BF680C00218F
:1093C000014946300CF014BB577E02014423024988
:1093D0003C3043720CF00CBBED8C0101A17E02010C
:1093E0001F7E02016D920101837D0201E58E010164
:1093F000EDCB01018D7F0201E18C01018D91010115
:10940000BF7D0201CD8C01012DE9F04F044689B0EA
:109410000F4690F88830072B09D10EF0D8FDD4F80C
:1094200080302046DB6809B0BDE8F04F184702F0F5
:109430002BFD814602F0FEFC97F900307D78002B71
:10944000BB78009003F01F03B4BF4FF496721E2246
:1094500045EA03253B785543DA090CBF4FF01E0857
:109460004FF4967813F0400F08EB05020CBF4FF451
:10947000FA76322601920BF0F6F8811908EB050016
:1094800089B205F0F1F8834605F00AFB19EB0006F6
:10949000D4F8A0004FF0000241F1000AD4E92631CF
:1094A000EB1A61EB41019B194AEB0101984272EB07
:1094B000010101D22046B0E700990BF1110B49449C
:1094C0004FEA4B0301F50171A94235D2394904F144
:1094D000500000930DF01AFBD4F8801008F5DD77EA
:1094E000206DA5EB0B0509688847009B00221F44EF
:1094F000D4F880308DF8082007445B68206D03970E
:109500009847C93E4FF004038DF810004AF1FF3A26
:10951000AD198DF8113002A94AF1000304F1580089
:10952000CDE9065306F0F2FA18B99A210C20E7F7B4
:1095300003F8C4F8907072E7019A09F5DD751544D7
:10954000E27D023A1D44D4F89030D2B2022A96BF8E
:10955000194940F6480231F8122015449D4214D9A9
:10956000ED1A0121402D38BF4025284605F068FA44
:1095700000289FD005F03AF9D4F89030E818C4F8E4
:109580009000A0F5807005F02DF997F90030204685
:10959000BA78002B7B7802F01F02B4BF4FF49671AB
:1095A0001E2143EA022301FB039109B0BDE8F04FFD
:1095B000FFF7DABEE37F0201943403012DE9F04F97
:1095C000DFF87C8185B00C46D8F80030B8F804206C
:1095D000C51AB5FBF2F5EDB202FB0539484608F0B5
:1095E0003CFA064618B9E6210E20E6F7A5FF01462B
:1095F000484608F040FA0746304608F044FA0C2383
:10960000064605215D43D8F808302B449888E7F7D3
:1096100065FC90B3F2791ABBB179DFF828A1DAF8CA
:1096200000B0BBF1000F1DD0737903B9D1B1D8F8E8
:10963000082039462A449088B27900922246D847B9
:10964000002210F47F4FC4B2C0F30723727158D1C7
:10965000484608F01AFA00286DD14FF48771C3E725
:109660000021DAE74AB11C232370D8F808302B44D4
:109670009B88A4F80330C37C0BB90024E8E7738807
:1096800023813379A372737CFF2B08D17F22E3718E
:10969000E37200236271A27123730424D8E70621C8
:1096A00038460BF045FF88B373787BB390F90030F0
:1096B0006371022133783846A3710BF039FF38B358
:1096C00003789B09E371F422D8F8083004F10D0106
:1096D00038462B441B7A0BF08FFFD8F808302073E4
:1096E0002B441A7A1044187238460BF07DFFD8F8D4
:1096F00008302B441A7A82420CD00123E3720424EE
:10970000012344EA032005B0BDE8F08F7F23CFE7B3
:10971000FF23D7E7727CE27200221A72DAF8003077
:10972000002BBAD02C2138460CF017FF0028B4D0FB
:1097300001237371E3E7484608F0E6F80023E0E709
:109740006C0C00216C1600212DE9F84305460E46ED
:109750004FF481701221914608F055F8041E2CDB5D
:1097600025B904F10C007043BDE8F88315F0030738
:1097700004D040F225110E20E6F7DEFE0C22DFF8C1
:10978000408006FB045039467243C8F80050C8F8C0
:109790000800A8F8044007F0B1FBBE42E1D0B8F8D9
:1097A00004504B46D8F8000012224FF4817107FB99
:1097B0000500013707F0DDFFEFE74FF0FF30D3E79B
:1097C0006C0C002138B50A4D0521E7F7E1FB044692
:1097D0002B68A88804FB003007F0ECFF0C23A96875
:1097E0005C4300230A190B51D380138138BD00BF9D
:1097F0006C0C002108B50521E7F7CAFB054B4FF4B7
:1098000081719A881B6800FB0230BDE8084008F0AF
:10981000C5B800BF6C0C00212DE9F04F87B0604C3B
:1098200082469DF840B002939DF84480CDE9001235
:1098300005210098E7F7ACFBA3882668BBF1FF0F72
:10984000054600FB03667BD1304608F06EF8012820
:1098500004D10025284607B0BDE8F08F042150460A
:109860000BF066FE814600286CD08178427801F0CA
:109870001F0142EA0122B2FA82F252090C2130465B
:1098800003924D43A1684F5908F048F810B9039A64
:109890003A43DED00DF1120205A9304608F005F971
:1098A000059808F0F0F80446B8F1000F4CD0504687
:1098B0000BF09AFE82463A4A40F2726E906800EBD4
:1098C000050CBCF8061051447145C2DCACF806101A
:1098D000B7FA87F79DF84C10019B7F09A1719DF89D
:1098E0004810237067700027029B84F804B0E17170
:1098F00041596380677151B1487C012807D10F74C9
:1099000091684859274908300CF072F8244A906849
:10991000009B41198B80B8F1000F17D1FF236374AE
:10992000A1F8068040F8058001224FF4817130468D
:1099300008F054F8054638BB74210E20E6F7FCFD0C
:109940004FF00009012299E7C246B4E7B9F1000FD0
:1099500006D184F81190A1F8069040F80590E3E74D
:1099600099F8023099F8012003F01F0352EA03230B
:109970000BBF02220123627463740BBFCB8044517E
:10998000435181F809A0CFE7637C012B3FF462AF1C
:1099900000232374034904F108000CF029F859E767
:1099A0006C0C0021BD95010170B505210E4EE7F745
:1099B000EFFA0C2303FB00F4B368185998B103794C
:1099C000FF2B04D040F2D7110E20E6F7B5FD02239D
:1099D000437400250574054908300CF009F8B36894
:1099E0001A19D5801D5170BD6C0C0021BD95010167
:1099F000014B024A1A6070476C1600218DAF0101BD
:109A000038B5044690F854100EF061FC054694F801
:109A1000383094F86F00022B0CD103F073FB00F583
:109A2000214318334FF47A7203F2E733B3FBF2F3B6
:109A3000581938BD034B33F8103003F56E532033FB
:109A4000F0E700BF583503010C4B30B51D6895F8A1
:109A5000544095F85650B1FBF4F295420CD990F869
:109A6000F0501879854207D104FB12115879C9B218
:109A7000431A5842584130BD0020FCE7940C0021A5
:109A800038B5164B04469B680BB1EEF7EDFC03F0BE
:109A9000EDFC94F8383004F1C805022B04D12846B7
:109AA000BDE838400CF0EBBFD4E9042394F854101F
:109AB000013243F10003A2FB012001FB0303204616
:109AC0000EF038FB20460EF034FD08B10123E3769A
:109AD0002846BDE838400CF0C2BF00BF940C0021FE
:109AE0000A4B37B51C6894F83C50236E013D94F83E
:109AF0003E2094F83A1094F89C005D43E46D009485
:109B00000EF0CCFB401B03B030BD00BF940C002115
:109B100009B9FFF7E5BF054B1B6893F83C20891A8C
:109B2000D3E91732584302FB01007047940C00211F
:109B300090F839303BB90449D0E92823C0E9022321
:109B400031300BF055BF7047258B02012DE9F041F4
:109B500005462F4C0E46EA06206811D527693B6E54
:109B600073B1237D90F8541090F856C0B3FBF1F216
:109B7000944581BF97F8F07001FB12332771637130
:109B80000123C8306375A3750CF038FF15F0080881
:109B90001BD018B10021206800F0EAFD15F0400745
:109BA00017D0FFF79DFF024620683146C8300CF001
:109BB000E0FEB8F1000F0AD0C7B1EEF7BBFD0146D9
:109BC0002068BDE8F0410EF020BC0028E6D0BDE8DA
:109BD000F081236923B940F2C9114D20E6F7ACFCAE
:109BE00093F8F010207DFFF793FFDCE76B07EED5CD
:109BF000E37D002BEBD1EEF79DFD22680378117E0B
:109C0000C3F382038B421CBF0123D376DFE700BF7F
:109C1000940C0021174BF0B41C6894F8545094F83D
:109C20005630B1FBF5F29342D6B205FB121294BF47
:109C3000C3F101030023D2B29FBFF61894F8553048
:109C4000F6B27343D4E90476DB19A3FB053446F17D
:109C500000069B1805FB064444F10002D0E90054BD
:109C6000AB42A24102D3F0BCFFF7EEBE0120F0BC34
:109C7000704700BF940C00212DE9F04716461F469F
:109C8000054688B1DFF85080013105F1E00ACCB219
:109C9000D8F8009099F83D30A3420BD8D5F8F85089
:109CA00015B1F83DFF21EFE70025FF242846347069
:109CB000BDE8F087002FF9D021462846FFF7AAFF1C
:109CC0000028F3D023460134D5F8E4205146484615
:109CD000E4B20EF03FFADBE7940C00212DE9F843E3
:109CE0001E4F98460D4616463B6878B9D3F8984003
:109CF00004B1F83CD7F8009099F83D30AB4210D849
:109D0000FF25002420463570BDE8F883D0F8F840E0
:109D1000002CEED1D3F8984004B1F83C0135EDB2F7
:109D2000E8E724B94FF483714D20E6F705FCB8F15C
:109D3000000FE7D029462046FFF76CFF0028E1D04E
:109D4000D4F8E42004F1E0012B4648460EF002FA74
:109D5000D4F8F840002CCCD13B68DBE7940C002110
:109D60002DE9F04FC04E4FF000088FB082460C46F0
:109D70000146307D86F81680FFF7CAFE32688146BC
:109D800092F838B0BBF1020F2ED1D2E94453D2E998
:109D900048126D1A63EB02032D1843F10003012DE5
:109DA00073F1000204DA40F2EB114D20E6F7C4FB38
:109DB0004FF0FF32AA4278EB030302DA4FF4F67158
:109DC000F3E7737D43BB0AF04EFC33684FF0110B91
:109DD000074693F83201F6F767FD3918284689B22D
:109DE00004F042FC00EB0B08356895F83E30022B7E
:109DF00097BFD5F81831EB6D5B08963B434512D8F9
:109E000005F1C8000CF0FAFD034630683BB13E2175
:109E100000F0AEFC012093E132200746DDE7082187
:109E200000F0DEFCF6E795F86F1095F85730BAF1C0
:109E3000000F40F08980002B00F084800C2008F097
:109E4000ABFBB36948449842E4D8B368BAF1000F59
:109E500040F09380002B7ED15346D5F83C2105F588
:109E60009C7128460EF076F98346376807F59E7395
:109E700097F85450D7E90421099397F83830A2FB9A
:109E80000520032B05FB010168D100263546C4E9F6
:109E900032210A9304F004FE97F86F70734A32F887
:109EA00017204FF47A7702F5FA72B2FBF7F290328C
:109EB00012EB09022CBF01270027101847EB010104
:109EC0000A9B694FD7F800C09CF838200CF1700C41
:109ED00005940095CDE9064CDDF824C0CDE9016379
:109EE000CDE903BC2B46EEF7C7FA002892D03E68B6
:109EF00096F83830032B00F0FB8096F86F0003F0E3
:109F0000F9F896F86F205A4B53F822304FF47A72D2
:109F100003F2E733B3FBF2F303EB4803C51806F192
:109F2000C8000CF06BFD002800F0A68096F89D306C
:109F3000002B00F09F80012B00F0D78040F2893188
:109F4000062033E708207AE795F85800002B3FF405
:109F500076AF043073E796F80EB086E70026032349
:109F60003546C4E92821B9F1000F73D10A9304F0F2
:109F700097FDC93041F10001A2E7002B5AD1337D92
:109F800004F1E001D4F8E42028460EF0E3F883461B
:109F90003768357D97F854E097F85620B7F86C008D
:109FA00097F83810B5FBFEF39A429BBF9B1A97F8BF
:109FB0005560002601339CBFDBB25E43D7E9043213
:109FC000F31842F100020992AEFB032C0B92099A9E
:109FD0000EFB02C2B5FBFEFC0EFB1C5C0A925FFA94
:109FE0008CFC0B9A12EB0C0C0A9A42F1000E1B1A15
:109FF000099A62F1000202290CBFC4E92A32C4E9BD
:10A000003432D7E9172308BFC4E928CE02FB05F58F
:10A0100004F1E40218BFC4E932CE0AF1FF3C022980
:10A0200003FB0C5509D1D7F81831099273435D1B16
:10A03000002398E796F80EB0AAE7D7F82031301A37
:10A040000329099203FB00F04FF00003A0EB050584
:10A0500089D11EE7B9EB0800D7E9442761EB01017C
:10A06000801841EB07012CE7940C002158350301BF
:10A07000443503011E231D442846EEF787FA0023CA
:10A08000397DBB60BAF1000F59D03A6892F89C2034
:10A0900082BB134620460DF13702FFF7EDFD044663
:10A0A00038686CBB90F81CA0BAF1000F47D023466B
:10A0B000D0F83C2100F59C710EF04CF83B68054649
:10A0C000D3F8984004B1F83C00214FF0FF0B03F5A2
:10A0D0009E7819778DF837B058460991FFF718FD2B
:10A0E0000999ECB940F2D3215FE64FF49673C2E7C9
:10A0F0000025C1E70DF137022046FFF7EFFDCEE75F
:10A100009DF837B0A04604F1E0014FF0000A5B462D
:10A1100058F8E42F0EF01EF894F8F0100546DBE72F
:10A120003B68BC6093F8383087F80CB0032B797328
:10A13000BD7308D1234642462946EEF7A9FA00200E
:10A140000FB0BDE8F08FA0EB09066421304604F0A3
:10A150008BFA0230864202D840F2EE2125E62346F1
:10A1600042462946301ACDF800A0EEF7BDFAE6E7E0
:10A170002DE9F04F10F0020789B080468A4C12D0CA
:10A180002068C8300CF03AFC03463D2120683BB102
:10A1900000F0EEFA206809B0BDE8F04FFFF770BCA0
:10A1A00000F01EFBF6E7266996B32368217D93F83D
:10A1B000540093F85620B1FBF0F0013A904223D1BD
:10A1C00093F83830032B12D1B146D6E9325301351A
:10A1D00043F1000A18F0010823D0B9F1000F40F054
:10A1E0009880002FD6D03846FFF7A2FCD2E7D6E9F8
:10A1F0000003D6E92852854272EB030304D33046AC
:10A20000FFF722FC054640B13D46BA46B946E1E7B4
:10A21000B14637463546B246DCE737468246814688
:10A22000D8E7206890F83830022B04D1C8300CF001
:10A23000E5FB0028D1D1236893F83820022A3FD1CA
:10A24000DA7E002A36D0E27DA2BBA26993F857C01D
:10A2500093F83A1093F89C00059293F83E20CDF8BD
:10A2600008C093F86FC0CDF804C0D3F85CC0CDF837
:10A2700000C01B6E0EF01AF8059B83460121C31A1D
:10A280001846059304F0DCFB78B104F0AFFA2068BF
:10A29000059AD0F80831C830C4F818B013440364E4
:10A2A000012300F8AC3C0CF0D5FB01230022E37540
:10A2B0002368DA76A06818B1A37D83BBEEF7D4F8E3
:10A2C000D4F808B0BBF1000F68D1226892F838309A
:10A2D00092F89C20991E4B424B41217D8ABB0DF187
:10A2E0001F023046FFF7C8FC9DF81F3083462375D8
:10A2F00068B390F8F08059464046FFF731FDB8F159
:10A30000000F00F0010608BF4FF0000BC4F810B0BA
:10A3100027E02A465346484603F056FA61E7637B36
:10A32000002BCDD0217BFFF775FC0028C8D0EEF7BD
:10A330009BF802F083F9237BA66823750023A360B2
:10A34000BEE70DF11F023046FFF7C8FCCCE72368DB
:10A350001A7F2AB1FF221877D3F898302275D3B923
:10A360000126236893F83830022B02BFFF232371A4
:10A370006371B9F1000F04D02A465346484603F0F2
:10A3800023FA17B13846FFF7D3FB002E7FF402AF54
:10A3900009B0BDE8F08FA3F1F80BACE7237B94F88C
:10A3A0000D802375A7E700BF940C00212DE9F04133
:10A3B00090F838200021614C86B0032A2060617536
:10A3C000E175A16009D1D0E90423B3F1FF3F08BFD3
:10A3D000B2F1FF3F01D100F00FFA2068B0F802217E
:10A3E000C389C281D31AD0E904219BB2D21890F854
:10A3F000383041F10001022B08BFFF23C0E90421DE
:10A4000004BF237163710EF064F8256895F8383045
:10A41000032B58D1AB7E0127003B18BF01232B77BC
:10A42000384604F0E1FA95F85410804628460DF0BD
:10A430004EFF95F83830A061032B47D1AB7E002B3F
:10A4400044D095F8573095F83E2095F83A1095F895
:10A450009C00029395F86F300193EB6D00932B6E87
:10A460000DF024FFA3693946C61A464528BF464663
:10A47000304604F0E5FA48B104F0B8F9A369334472
:10A48000A361D5F808313344C5F80831226892F841
:10A490003830991E4B424B4192F89C10E1B9D2F8EA
:10A4A000980000B1F8380DF11702FF21FFF7E4FB27
:10A4B0009DF8173005462375A8B9206806B0BDE899
:10A4C000F041FFF7DDBA00230227A8E795F83D1019
:10A4D00028460DF0FCFEC5E700210DF117020846E5
:10A4E000FFF7FCFBE4E701F0DBFDEDF7BDFF1449EE
:10A4F0001448EDF7AFFF294695F8F000FFF730FC60
:10A50000B0B92068256190F83830032B09D190F854
:10A510005410D0E90425A2FB012301FB05330DF003
:10A5200009FE2068C83006B0BDE8F0410CF092BAD0
:10A53000012006B0BDE8F041FFF71ABE940C0021DF
:10A5400071A101014D9B01010D4B01781A68D37E69
:10A5500030B5447833B1137E00250133D57603F04E
:10A5600007031376137E127F9B00447003F01C03D5
:10A5700043EA421301F003021343037030BD00BFEE
:10A58000940C0021024B014618680DF071BF00BF0A
:10A59000940C0021014B024A1A607047701600218A
:10A5A000B0A50101014B1868704700BF701600216B
:10A5B000019A01014D800201ADA3010169810201EF
:10A5C00031810201EDCB0101518002012B2238B50E
:10A5D0000A700346427A002510F8800C02280CBF4E
:10A5E0001C6E9C6ECA7013F87F0C0D740871AABBA8
:10A5F00013F8680C487113F8670C887113F8660C2F
:10A60000C87113F87A0C087213F8640C487213F8C6
:10A61000630C887213F8620CC87213F8600C53F85C
:10A62000203C888140F2E240B4FBF0F4CC816BB175
:10A63000F83BD0B2B3F8F240013201EB4000D3F85E
:10A64000F830A0F81140002BF2D1D2B20A74084BB6
:10A65000FF221A700022074B1A7038BD0A21E6F754
:10A6600053FC0028F3D040F27B114920E5F764FF4A
:10A670003C000021B00C0021292238B50A700346A5
:10A68000427A0024CA7010F87F0C0C750871002AF9
:10A6900052D113F8682C0A7213F8672C4A7213F817
:10A6A000662C8A7213F8502C4A7113F84F2C8A7159
:10A6B00013F84E2CCA7113F8492C013AD2B2032A6E
:10A6C00033D82248825CCA7213F87A2C0A7313F8C2
:10A6D000642C4A7313F8632C8A7313F8622CCA73C0
:10A6E00013F8602C0A8213F8802C022A22D11A6EE9
:10A6F00040F2E240B2FBF0F24A8213F87E2C53F8AB
:10A70000203C0A7503B3F83B00220124D0B2B3F811
:10A71000F25001EB4000A0F8155083F8AB40D3F89D
:10A72000F8308BB1F83B0132F0E740F211310620EE
:10A73000E5F702FF9A6EDBE70A21E6F7E5FB18B1C1
:10A740004FF4EF714920F3E738BD00BFA034030197
:10A75000024B00221870024B1A7070473C00002117
:10A76000B00C0021014B1878704700BF3C0000215D
:10A7700080F8C11090F8C0301BB90249B8300BF016
:10A7800034B97047CDA50101F8B50E462C210BF068
:10A79000E4FE114C0546B0B923780133DBB2052B3A
:10A7A00002D823700020F8BD0C4F0A2120703878A1
:10A7B000E6F794FB3E21FFF7DBFFFF2325703B709C
:10A7C00086F83950EEE7002301202370D6E92A23CA
:10A7D000C4E90223E7E700BFB00C00213C000021E0
:10A7E00090F8C0302BB980F8C110B83001490BF097
:10A7F000FCB870477781020180F8C110B830014978
:10A800000BF0F3B879A6010180F8C110B830014906
:10A810000BF0EBB89B8102010346F7B520B940F27B
:10A82000FA314920E5F788FE90F854604FF0000CAB
:10A83000DC89B0F80201D3E90457001B013580B26E
:10A8400047F10007401947F10007A0FB06E0D2E9F5
:10A85000224506FB0700D3F810713A1BD3F81441C8
:10A8600064EB0504012A74F1000502DA40F2134199
:10A87000D7E76FF0010595427CEB040502DA40F260
:10A880001441CEE7714DAA4274F10005CD78ACBFFA
:10A890000127002767F38615CD706D4D95427CEB3F
:10A8A0000404B4BF4FF496741E24B2FBF4F2CC78C7
:10A8B0008A70C2F3052224F03F042243CA700022AA
:10A8C0008A738A7993F83E4064F3040266F3471270
:10A8D0008A714A7A93F8554064F307124A720A7BE8
:10A8E00093F8564064F307120A7393F858204A739A
:10A8F0004A7D93F85A4002F00F0204F00F0442EA36
:10A9000004124A75B3F85A20C2F307128A7593F8F5
:10A910005C2093F85E40CA7193F85D2004F00F0448
:10A920000A724A7A22F00F0222434A7293F8602098
:10A930008A7293F86120CA7293F862400A7B04F02D
:10A940000F0422F00F0222430A7393F8642093F855
:10A950006640CA7493F8652004F00F040A754A7DB6
:10A9600022F00F02224393F86E404A7591F822209C
:10A9700064F3C71281F822204A7993F83A4064F3CD
:10A98000C7024A71D3F8A020C1F80F20B3F8A42061
:10A99000C1F81EE0A1F8172091F8222060F306020A
:10A9A00081F8222093F86F20013AD2B2032A34D8DA
:10A9B00028480244487F127962F34710487740F2F2
:10A9C000E240D3F82021B2FBF0F2C87802F0010493
:10A9D00000F07F0040EAC410C870C2F34700C2F321
:10A9E00042220871487920F0070002434A715A79DF
:10A9F000D3F801008DF80420C1F819004A7F0198AE
:10AA000060F304024A7793F8572052B92323013B9D
:10AA10000B702C234B7003B0F0BD40F26331062065
:10AA200000E7D3F8902001F12B00C1F82320D3F8E0
:10AA30009420C1F8272003F1A802B83352F8044B40
:10AA40009A4240F8044BF9D13B23E0E7C5BF03002D
:10AA5000C4BF0300A0340301054B98429FBF00F51B
:10AA60006170044B5860002088BF1220704700BFFF
:10AA700000093D003C0000212DE9F04FDFF880B2D5
:10AA80008DB005460E469BF800000A211746E6F7F2
:10AA900025FA0446002800F06B82EB7E5F2B4FEA1C
:10AAA000531297BF974B4FF000099B1893F80890EB
:10AAB00090F85730BB4204D025212046FFF758FEBE
:10AAC00050E22979CB0600F05D8290F83D301BB151
:10AAD000B3EB511FC0F05682EA78072A40F2528247
:10AAE0001F2940F24F82AB7A0F2B40F24B826878DD
:10AAF0002B7800F03F0C10F0400F43EA0C2300F0DD
:10AB0000FC8040F2656C634540F23C82AB7802F019
:10AB100007025B0043EAD01343EA422340F67C423B
:10AB200003F6FC73C3F30B03934200F22B82EB7A20
:10AB3000013BDBB2FA2B00F225822B7DEA7C1B0164
:10AB400053EA121300F01E826B7C02F00F02A87C05
:10AB500043EA002343EA0243FE2B40F213823F29DB
:10AB60004FEA511210D90AAB95F82010019308ABA7
:10AB700001F07F0100930023E86906F0DFF8DDE9CA
:10AB80000A32134340F0FE812B7903F01F025B0968
:10AB9000B2FBF3F103FB1122002A40F0F381AB7A00
:10ABA000B1EB131FC0F0EE8103D0EB790F2B40F215
:10ABB000E981D5F817300AA8EA7E190A8DF82830FD
:10ABC000C2F304028DF82910190C1B0E8DF82C20ED
:10ABD0008DF82A108DF82B300AF05BF8002800F071
:10ABE000D18109F1FF33012B08D9B9F1040F40F0ED
:10ABF000C981F5F787F8430740F1C481EB7894F8F1
:10AC00003B10C3F3C402B1EBD30F00F2BB812B792D
:10AC100084F83A20C3F3040384F83E302B79C3F35D
:10AC2000421384F85430EB79C3F3031384F855309E
:10AC3000AB7AC3F3031384F85630EB7A84F85830B8
:10AC4000AA796B79697A43EA0223EA79A87C02F04F
:10AC50000F0243EA02432A7A42EA0122A97AE36513
:10AC600001F00F0142EA0142697C41EA0021E87CDF
:10AC70009342226600F00F0094BF0023012341EAB3
:10AC80000041E87C6166297D090141EA1011A4F8C0
:10AC90005A1095F8201084F86F9084F89C30C1F316
:10ACA000C0116B7884F86E100021C3F3801384F810
:10ACB000577084F89D30D5F80D0007F04FFAC4F8AE
:10ACC0003C01B5F8153094F83D201B0284F844711E
:10ACD000C4F84031FF23237600236383237794F85D
:10ACE0003E300AB19A4201D984F83D30D7B15EB9FD
:10ACF00040F291314920E5F71FFC132B04E700BF18
:10AD00003C000021A0340301336804F1800206F105
:10AD1000080104F14000C4F890307368C4F894301E
:10AD200000F0E0FB2A7995F8201002F0E003E869D2
:10AD3000C1F30601202B40F0A080013841F1FF3122
:10AD40000023AE7894F85720A4F802317600E3810E
:10AD50006B7846EAD316EB7803F0070346EA4326FE
:10AD600040F2E243C4E9040194F86F105E4394F8A2
:10AD700058000DF0FBF994F83E3094F83A7003F166
:10AD8000FF38E16D013F226E01FB08F894F86EA0D8
:10AD900002FB078894F85420676E8044B3FBF2F3FB
:10ADA00094F85620C4F868809B1A94F855205343B1
:10ADB00003FB06634344BAF1000F66D03B442365AE
:10ADC00020460DF0D7FA0623D4F82C217343A4F8BB
:10ADD0006C009A422CBFC4F82C21C4F82C31BAF173
:10ADE000000F01D03744B844D4F89870002F4ED0EB
:10ADF00017F8081CF83FD5F80D0007F0AFF997F8E1
:10AE0000F030C7F8E400B5F8152094F86EC043EAB6
:10AE10000223B4F85A10EA69C7F8E83095F82030F0
:10AE200087F8B090C3F3060387F82CC0B983A87CD9
:10AE3000C7E9282394F85810B97794F85410F97793
:10AE400094F8561087F82010697C41EA0021E87CCC
:10AE5000BE6200F00F00C7F8188041EA0041796235
:10AE6000216DC7E900237961BCF1000F02D138469A
:10AE70000DF02AFED7F8F870B8E75209002305F064
:10AE80000BFF013861F100015AE7DB1B97E7D5F8AA
:10AE900017302046EA7E190A8DF82830C2F30402E2
:10AEA0008DF82910190C1B0E8DF82C208DF82A1006
:10AEB0000AA98DF82B300AF096F894F86F1094F8E0
:10AEC000572094F85800CDE906120DF04FF994F888
:10AED0003E3094F89CA094F83A80079A069904931F
:10AEE00005905046D4E9179702923B46049ACDE963
:10AEF000009141460DF0DAF99630864242D3059B27
:10AF0000963399453ED39F423CD3B8F1010F07D900
:10AF1000BAF1000F2FD1049B09FB03F39F4231D3F9
:10AF20006B7804F1C800297803F03F0213F0400F5A
:10AF3000C4F8186141EA0221B4F802210CBF1E23B3
:10AF40004FF49673073292B2CDE9013294F83C2067
:10AF50004B43013A07FB023300930B4BD3E9022327
:10AF6000F7F78AF8FF2300228BF80030064B1A709F
:10AF70000DB0BDE8F08FBAF1010FD1D107FB08F891
:10AF8000C145CCE7112198E5B00C00212DE9F7432C
:10AF9000814615461F469DF82880084619B9992113
:10AFA0004920E5F7C9FA0AB99A21F9E72C210BF0F3
:10AFB000D4FA044640B9B8F1000F01D0A421EFE75C
:10AFC000002003B0BDE8F08303783A2B0BBF0126C5
:10AFD000002600F123010021B8F1000F03D0324612
:10AFE0000230FFF749FD002FEAD0627F5F2A4FEA67
:10AFF0005213E5D8DFF8A08043441B7A5F1EFFB2EE
:10B00000012F05D9042BDBD1F4F77CFE4307D7D5FC
:10B010002823A5F8039004202B706379C3F3C4039D
:10B020006B71A379C3F30403AB712379E2785B00FE
:10B0300043EAD213627902F0070243EA4223A5F8F9
:10B040000730A379C3F342136B72637AC3F303131C
:10B05000AB72237BC3F30313EB72637B227DAB8163
:10B06000E37C43EA0223627DAB731B0AEB7302F0BD
:10B070000F03627D2B74A37D1B0143EA1213A5F815
:10B08000113018F80730EB7494F822306E75C3F362
:10B09000C0132B7595E700BFA03403012DE9F04FD5
:10B0A00003788BB00C4607460B7043784B70827860
:10B0B0008A70012A0179C37843EA01234179E37058
:10B0C0004FEA132361712371C388A4F8093094BF38
:10B0D0000023037BA373837BE3745BB100F10F0355
:10B0E00004F1140200F11F0153F8040B8B4242F8E3
:10B0F000040BF9D1FB7A9A0700F1C78013F001081D
:10B1000004D1C3F380039B005FFA83F884F80D80B9
:10B1100041F287353B79FA7842EA03227B7942EAA9
:10B120000342AA4200F2B48040F2E241B2FBF1F3E2
:10B1300001FB1323002B40F0AD801544B5FBF2F565
:10B14000554340F2E243B5FBF3F5E5805D43B5FBC3
:10B15000F2F302FB1353002B40F09F809542C0F0A6
:10B160009C807B7BE373F888FB2885BFFB2300F181
:10B17000FA010346B1FBF3F181BF0B1803F1FF3372
:10B18000B3FBF1F39BB2954203EB0001A4F80B3043
:10B1900001F1FF3191FBF3F102F1FF33CEB22B4409
:10B1A000B3FBF2F324BF5E43F6B2072E267417D921
:10B1B0004FF0010C89B2614584F80FC06FD941F29C
:10B1C00088339A420CD9B2FBF3F39BB2994228BF61
:10B1D000194640F2E243B2FBF1F5B5FBF3F3E3802D
:10B1E000E37B002B6FD04FF47A7A40F2E93BA2FB6D
:10B1F0000A23501E43F1FF31E5FB0B0105F04CFD26
:10B200003B79FA780646F888894642EA03227B7938
:10B21000A0FB050C42EA0342A0FB0B01A2FB0A23A0
:10B220000BFB0C1112F1FF3E43F1FF3C10EB0E0043
:10B2300041EB0C0105F030FD0522A6FB0263361838
:10B2400002FB09394FF0F9024FF0000349EB010905
:10B2500016F1F80049F1000105F01EFD00F0FF02B3
:10B2600000232074501E43F1FF31801949EB010186
:10B2700005F012FD267C0230072E83B2A4F80B00E5
:10B280001FD900200BB0BDE8F08F4FF002083DE75A
:10B29000154656E741F2883553E7012362E79FD10F
:10B2A000FB21B1FBF0F1994234BFCBB2DBB223B941
:10B2B00040F2C2414920E5F73FF94343A4F80B307F
:10B2C0008EE7FB2BDDD80123E27CB4F80B0041466E
:10B2D000637400232672D21AA37418BF01220CF0E3
:10B2E00045FF08AB00903146029309AB06900193ED
:10B2F000E388A278A07B0DF050F82079E17840F245
:10B30000E24E227A41EA002194F81090607994F894
:10B3100011B041EA0041A378A67C0593B2FBF9F095
:10B32000A0EB0B007043E6880EFB06F600FB0666FA
:10B330000598DDE908C300F1FF3E501E0CFB00F04C
:10B3400003FB0E00064406980644E07B002845D027
:10B350000E44B7F808A04FF47A7101FB0AFAB2451F
:10B360008FD3E17CCDF800C00039079218BF0121CE
:10B37000CDE901810599A07B0CF098FF574B4FF464
:10B380007A7133F8183003F2E733B3FBF1F3544921
:10B39000496801F21E210B4418448542FFF471AF45
:10B3A000069B281A079A03F19608059BB97A03FBB6
:10B3B00009F303FB08F8C2F11F0393FBF9F3DBB2B7
:10B3C000B0FBF8F08B4228BF0B4683421F4628BFD4
:10B3D00007461E2F04D940F222516BE7761AB8E7D0
:10B3E000AAEB0606CBF10F03B6FBF8F1DBB28B42FA
:10B3F00028BF0B46BB4228BF3B460E2B02D940F26A
:10B40000295157E7ABB10BF101014A44013FC9B2E1
:10B41000D2B2617422720CD0A6EB080605EB080AC2
:10B42000564508D2013BDBB2194409FB0322617483
:10B430002272012026E7B4F80B00C0B2E5F7ECFF5A
:10B44000217C8842FFF41DAF401A14221FFA80FCB1
:10B45000B2FBF7F2BCFBF1FCB6FBF7F30F2AA3EB50
:10B460000803BCFBF7FE28BF0F22B3FBF5F37245C0
:10B4700028BF72469A4228BF1A46237A22B107FB98
:10B480000133A2742372D4E7B6FBFAF5142D4FF002
:10B49000010228BF1425A274BD4228BF3D46654560
:10B4A00028BF654605FB0133A842DBB22372C0DB2F
:10B4B000607C05FB1A667F1BB6FBF8F2C0F10F0635
:10B4C000F6B2BE4228BF3E46964228BF1646F6B2A6
:10B4D000304406FB01336074D4E700BF58350301E4
:10B4E0003C0000212DE9F0411B4B94B0002416468E
:10B4F00008AD10220F460DF13008014600950DEB06
:10B500000200CDE904340133029301330393012394
:10B51000CDE906440DF053F8284610AD02A90123E9
:10B520000422CDF800800DF04AF841463846012348
:10B53000102200950DF043F8234603A92846042263
:10B5400000960DF03CF810222146284605F016FD25
:10B5500014B0BDE8F08100BF314749420138C0B2A4
:10B56000032808B504D940F2EB21AC20E4F7E4FF4E
:10B57000014B185C08BD00BFAB340301074B93F9C6
:10B5800000301844142804DC10F17F0F03DB40B2B4
:10B590007047142070476FF07E007047C20C002186
:10B5A0007F2307B50DF107008DF8073001F09AFAF7
:10B5B00003469DF9070053B1094B5B785B425BB2D0
:10B5C0001844142806DC10F17F0F05DB40B203B0ED
:10B5D0005DF804FB1420FAE76FF07E00F7E700BF88
:10B5E000C20C0021014B187059707047C20C002129
:10B5F000024B00221A705A70704700BFC20C002123
:10B60000014B93F900007047C20C0021014B93F9E4
:10B6100001007047C20C0021038800F2B510C1720E
:10B62000A0F80930027301490AF0E8B9FF86020167
:10B63000014B1870704700BFC40C002108B500F022
:10B64000C3FB00F0CDF800F005F8BDE8084001F0BC
:10B65000FFBD00BF034B00214FF480521970A3F8C7
:10B6600001207047C80C002170B506460220144620
:10B670000D4600F0D5F8064B0122033C1A70054B2D
:10B68000C3F81045C3F80865C3F8045570BD00BF82
:10B69000C80C002100E00041022008B500F0C0F80D
:10B6A000084B002208484FF0010C084980F800C000
:10B6B000C3F80021C3F80421C3F80821C3F880109F
:10B6C00008BD00BF00E00041C80C0021030000805D
:10B6D000104B1A785AB110490020C1F88000D1F8F7
:10B6E00000213AB91021002099705A70187000207A
:10B6F00000F096B8D1F80421002AF3D0D1F808213F
:10B7000022B9D1F800140122C9B2ECE71021024697
:10B71000E9E700BFC80C002100E00041022008B5A5
:10B7200000F07EF8064B0022012106480170C3F8A4
:10B730000021C3F80421C3F80821196008BD00BF27
:10B7400000E00041C80C002108B5164B1A78B2B1D0
:10B75000C823154AD2F8001141B1D2F8040120B132
:10B76000D2F80801B0FA80F0400908BD013B13F09F
:10B77000FF03EFD10620F5F741FB002008BD587804
:10B78000C823A0F10202B2FA82F2520900E01AB113
:10B79000013B13F0FF03FAD10228EBD0431E5842BD
:10B7A000584108BDC80C002100E000410A4B1A783E
:10B7B0007AB10A4BD3F800214AB1D3F8042132B14F
:10B7C000D3F808211AB9D3F80004C0B2704710208A
:10B7D00070479878704700BFC80C002100E0004116
:10B7E00038B54FF480420C4BC3F88020BFF34F8F25
:10B7F000BFF36F8F094BD3F80025032A01D1012233
:10B800009A60064C0025C4F80055C4F8005501F0B4
:10B810002DFEC4F8805038BD00E100E000E000419A
:10B82000164BD3F80025032A70B5054601D1012235
:10B830009A60124C0026C4F80065C4F8006501F057
:10B8400015FE012DC4F880600DD0022D01D08DB9F8
:10B8500070BD03210A4A0B4BC4F80015C4F8142527
:10B86000C4F8803070BD0222054BC4F80025C4F82E
:10B87000143570BD8C213D20E4F75EFE00E00041F0
:10B88000CC0C002103000080024BD3F8A00200F092
:10B89000010070470000FF010A4B4FF6FF7201469E
:10B8A00010B4D3F8A442D3F8A8329BB2934208BF95
:10B8B000B4F1FF3F14BF0120002001D00C608B8049
:10B8C00010BC70470000FF010D4B70B4D3F89062BC
:10B8D000D3F89452D3F8984206EA0502D3F89C12A2
:10B8E00022400A40013202D1002070BC704703465A
:10B8F000066001205D609C60D96070BC704700BF2D
:10B900000000FF010D4B70B4D3F88062D3F884526D
:10B91000D3F8884206EA0502D3F88C1222400A4086
:10B92000013202D1002070BC70470346066001203E
:10B930005D609C60D96070BC704700BF0000FF0173
:10B94000EFF3108272B60F4B93F8451011B9BAB9E4
:10B9500062B670475B78012B0FD0022BF7D18307BB
:10B96000F5D409480121094B10B40024C0F8404522
:10B97000196102B962B610BC70474107E7D4F0E71D
:10B98000704700BFD80D002100C000410080004179
:10B9900008B51F4A431E1074072B34D8DFE803F0A4
:10B9A0000F1A1F2433292E041A4B0F22C3F8102517
:10B9B000194A184BD2F88420C3F8882508BD154BC6
:10B9C0000322C3F81025144A124BD2F88020C3F882
:10B9D000882508BD0F4B0422C3F81025E8E70D4B5E
:10B9E0000622C3F81025EEE70A4B0522C3F81025FE
:10B9F000E9E7084B0022C3F81025E4E7054B0122D4
:10BA0000C3F81025D4E74FF474613E20E4F794FDA9
:10BA1000D80D0021008000410000FF0130B5431E19
:10BA20003E4C83B02074072B6DD8DFE803F0394A11
:10BA30004F546C595E043A4B0F22C3F81025394A13
:10BA4000374BD2F88420C3F88825A38AB3F5166F44
:10BA500034D2A3F6381343F48073314DC5F808355A
:10BA600001F07F03C5F8543501AB94F9112001F0C2
:10BA70006BFD9DF8050002F097FA002848D19DF96A
:10BA8000040001F047FB237C082B33D040F2031263
:10BA900040F25B63C5F83425C5F8383503B030BDD6
:10BAA0001F4B0322C3F810251E4A1D4BD2F88020DD
:10BAB000C3F88825A38AB3F5166FCAD3A3F5166316
:10BAC000CBE7174B0422C3F81025B8E7144B062226
:10BAD000C3F81025E8E7124B0522C3F81025E3E769
:10BAE0000F4B0022C3F81025DEE70D4B0122C3F8EF
:10BAF0001025A4E74FF481720B4BC5F83425C5F827
:10BB0000383503B030BD4FF474613E20E4F714FDC6
:10BB100040F2B1713E20E4F70FFD00BFD80D0021C7
:10BB2000008000410000FF01211001002DE9F043D9
:10BB3000002383B0071E0E468DF80630904614BFD2
:10BB4000022304238DF8043002F0ACFF01284FF0EB
:10BB5000FF3088BF00208DF8050001A805F000FB2C
:10BB6000002840F007818D4D012385F8453002F013
:10BB700045FE04460028FAD0002F38D14FF00109C5
:10BB800095F8303085F80190002B47D095F8323089
:10BB9000002B4ED1824B834A33F8183003F5FA73E9
:10BBA000A2FB0323804AA6EB9316804BC3F88020A8
:10BBB000AB69012295F831001E447D4BC3F8406506
:10BBC00085F83020784AC3F8C02100284FD095F876
:10BBD000320000283ED07548C0F88820D3F84031A4
:10BBE000002B44D00024204603B0BDE8F083012F91
:10BBF00040F0CA8002236B7095F83030002B66D07D
:10BC000095F8323003B3694B0022C3F81C21D3F8F6
:10BC1000002242F48872C3F80022C9E7A97C40469A
:10BC2000FFF7FCFE95F83230002BB3D05F4BC3F822
:10BC30000090604B5B4A33F8183003F5FA73A2FBAF
:10BC40000323A6EB9316B3E7584B293E564AC3F895
:10BC50008420ADE7554BD3F8002242F00102C3F82F
:10BC60000022D3F8503503F0F603022BBAD0504B24
:10BC70000122DA64D3F84C35B342B3DAEB8A952B60
:10BC80000CD9002F5FD04C4B06F129011846D96022
:10BC90004A4902F077F9431C012B70D801A805F03E
:10BCA0006BFA002875D16B789DF80420012B0BD01E
:10BCB000022B98D1930796D43D4900203B4B01229B
:10BCC000C1F840051A618EE752078CD4F4E740466C
:10BCD00095F81280FFF75CFEAB8AB3F5166F2FD292
:10BCE000A3F6381343F48072304B08F07F01C3F899
:10BCF00008250022C3F854153149C1F80025C3F8BE
:10BD00001C21D3F8002242F48872C3F800222A7C56
:10BD1000082A27D040F20312C3F8342540F25B62B0
:10BD2000C3F83825214A95F83210D2F8683543F423
:10BD3000C023C2F86835002986D00123536062E72A
:10BD4000A3F51662D0E71C4B28361C491846DE6066
:10BD500002F012F9431C012BA0D940F6BE013E208F
:10BD6000E4F7EAFB4FF48172C3F83425154AC3F8AF
:10BD70003825D7E740F6DC413E20E4F7DDFB40F60E
:10BD8000C8013E20E4F7D8FB4FF41B613E20E4F7E6
:10BD9000D3FB40F61F513E20E4F7CEFBD80D002127
:10BDA00058350301D34D62100B0000800080004124
:10BDB00000C000416C35030144000021B034030190
:10BDC000004000412110010048220021094810B51F
:10BDD00005F094F841F21114074B00224FF0824015
:10BDE000AA21C0F8004EC3F8402EC3F8442EC3F871
:10BDF000001E10BDD80D002100700041014BD882FB
:10BE0000704700BFD80D0021024B012283F8322079
:10BE1000704700BFD80D0021024B0344187D00F588
:10BE200016607047B0340301014B93F8240070474B
:10BE3000D80D00210C490D4A0D4810B40D4C91F855
:10BE4000243002EB830254F82330146D03F2E733FD
:10BE5000D26B1B1B10BCA0FB0303D1E90710401AD7
:10BE6000104400EB93107047D80D0021B03403014B
:10BE7000D34D621044350301024B186A9B69C01A06
:10BE8000704700BFD80D00210B4A0C490C4810B474
:10BE90000C4C92F8243001EB830154F8233010BC91
:10BEA00003F2F313C96BA0FB0303D2E90620801A47
:10BEB000401AA0EB93107047D80D0021B034030155
:10BEC000D34D62104435030110B5124C82B002F01C
:10BED000E7FDA369226CC01A009261EBE371D4E91B
:10BEE0000E2302F087FC94F82420D4E906130A4CB0
:10BEF0005B1A0A4901EB820154F82220084CC96BF5
:10BF000002F2F3125B1AA4FB0242A3EB9213181A7B
:10BF100002B010BDD80D002144350301B034030137
:10BF2000D34D62100D4A0E490E4810B50E4C92F8D2
:10BF3000243001EB830154F82330D2E90624C96B85
:10BF400003F2F313A41AA0FB0303641AA4EB9314E3
:10BF500002F0A6FD201841F1000110BDD80D00210E
:10BF6000B0340301D34D6210443503010F4910B5BD
:10BF700091F82420531EDBB2032B11D80C4CD1E9CD
:10BF80000610401A0B4901EB820201EB4301D26B10
:10BF9000B1F86430801AA4FB034300EB931010BD8A
:10BFA00040F2EE213E20E4F7C7FA00BFD80D002191
:10BFB000D34D6210B0340301FF2808B52AD80139E7
:10BFC000072922D8DFE801F0041D16162104041AFF
:10BFD0004FF44033144A1843144B40F00070C3F838
:10BFE0001425C3F81805D3F8503503F0F703032BD5
:10BFF00015D008BD4FF440330D4AECE700230D4A3D
:10C00000E9E74FF440330C4AE5E740F27D313E204A
:10C01000E4F792FA40F20D313E20E4F78DFA40F257
:10C0200097313E20E4F788FA0801100000800041B3
:10C0300008019063080000060801100138B5144A91
:10C04000144BC3F8AC210278032A1CD14078012993
:10C05000114CD3F8141500F03F00E26821F4702170
:10C060000E4D42F0030245EA000508BF41F40021ED
:10C07000C3F81415C3F80029C3F810590123E2606E
:10C0800084F8443038BD4FF47B713E20E4F754FA15
:10C090000600008000800041D80D0021803202009F
:10C0A000384B4FF4807270B5C3F88020BFF34F8FC8
:10C0B000BFF36F8F02F09CFB0546334C02F0F0FC9F
:10C0C000324E401B00230122314DC4F8FC3FB061C9
:10C0D0003048C4F8FC2F05EBC3010133D1F800232D
:10C0E0000240A24204D1D1F80023D1F80413116018
:10C0F000202BF0D1244C01230321254AC4F83035EC
:10C10000337440F20123C4F81015D2F880104FF4B4
:10C110008012C4F88815C4F850361F4BC4F80022AA
:10C12000187C01F053FF04F06BFF1C491C4BC4F852
:10C13000A81102311B4AC3F8C820C3F8C41041F645
:10C14000F871194A0023C2F804159621D4F80009A1
:10C150000C4AF0601020F182B384338686F83230C6
:10C16000336286F844304FF48073B16CC2F880318A
:10C17000C4F80403136001B18847BDE8704001F0C2
:10C18000EFBE00BF00E100E000800041D80D0021BB
:10C190000000FF0100F0FFFF4400002103000080C9
:10C1A00000C000410600008000F0004102684A49DA
:10C1B0004A4B70B54A4C150E1202C4F82455C4F807
:10C1C0001C254268C4F83C25027A11449A744489BB
:10C1D0000A7DFF2C02F516629A8290F809C076D883
:10C1E0000CF1FF32072A6DD8DFE802F004601C1C56
:10C1F0006C04041E3B4E3C4D39492543C1F814657F
:10C20000C1F81855D1F8501501F0F70103294FD0A6
:10C2100083F810C0062A50D8DFE802F0433E3934D4
:10C220004F271A00314EE6E72D4A44F0007430499A
:10C23000C2F81415C2F81845D2F8501501F0F701EC
:10C24000032935D008240F211C74C2F8101503E00F
:10C25000234A0121C2F810152649214AD1F8841039
:10C26000C2F88815027B5A7470BD1D4A0021C2F8BD
:10C27000101520491A4AD1F88010C2F88815027B9F
:10C280005A7470BD164A0521C2F81015F1E7144A18
:10C290000621C2F81015ECE7114A0421C2F8101566
:10C2A000DAE70F4A0321C2F81015E2E7124EA2E7BF
:10C2B00040F297313E20E4F73FF94FF474613E209D
:10C2C000E4F73AF940F27D313E20E4F735F940F2E7
:10C2D0000D313E20E4F730F9B0340301D80D0021D0
:10C2E0000080004108011000000003020801906373
:10C2F000080000060000FF0108011001014B5874FE
:10C30000704700BFD80D0021034B020E0002C3F896
:10C310002425C3F81C05704700800041044B054AE2
:10C32000034490741B7D03F516639382704700BF2E
:10C33000B0340301D80D002100B583B001AB01F08A
:10C3400003F903B05DF804FBF0B5854C83B094F8B5
:10C350003130002B00F0FE8000284FF0000205462F
:10C360000F4614BF022304238DF806208DF80430F5
:10C3700002F098FB01284FF0FF3088BF00208DF8B5
:10C38000050001A804F0ECFE002840F0DE80012347
:10C39000744A84F8320084F8453084F83030D2F89A
:10C3A000003243F00103C2F8003202F027FA0028FD
:10C3B000FBD0002D00F08880012D0AD06A4BD3F805
:10C3C0004C65E38A952B4FD940F6CC013E20E4F72B
:10C3D000B3F802233846A67C6370FFF7D9FAA38A24
:10C3E000B3F5166F80F09280A3F6381343F4807291
:10C3F0005C4B06F07F065D49C3F808250022C3F8B0
:10C400005465C1F80025C3F81C21D3F8002242F47A
:10C410008872C3F80022227C082A7AD040F20312E4
:10C42000C3F8342540F25B62C3F838254D4BD3F88E
:10C43000682542F4C022C3F868256278022A70D1C8
:10C44000494A0121D1645960E38AD2F84C65952BA1
:10C450000AD9474A06F1290346491046D36001F03C
:10C4600091FD0130012866D801A804F085FE00285E
:10C470005CD163789DF80420012B1ED0022B09D1DA
:10C48000930707D4384B0022C3F84025A3F5804317
:10C4900001221A61A369F61A1DB106F1290003B041
:10C4A000F0BD354B354A33F8173003F5FA73A2FB6C
:10C4B000032306EB931003B0F0BD5207E2D5A36946
:10C4C000F61A002DE9D1ECE70123A17C3846637010
:10C4D000FFF7A4FA6378012B32D1234A2149D364B0
:10C4E0000B60E38AD2F84C65952BBDD9204A06F142
:10C4F000280320491046D36001F03EFD0130012899
:10C50000B2D940F6BE013E20E4F716F8A3F5166254
:10C510006EE74FF48172C3F83425194AC3F8382501
:10C5200084E740F628113E20E4F706F840F61F5154
:10C530003E20E4F701F840F6C8013E20E3F7FCFF97
:10C5400040F61F113E20E3F7F7FF40F6DC413E20A6
:10C55000E3F7F2FF40F606113E20E3F7EDFF00BFE0
:10C56000D80D00210080004100C000410040004182
:10C5700044000021B034030158350301D34D62104B
:10C580002110010010B5FFF7D1FA00B110BD03462C
:10C59000054C064A0121C4F8403502201161BDE86E
:10C5A0001040F4F72BBC00BF00C0004100800041E8
:10C5B000F8B51F4D95F82530A3B304461646084636
:10C5C0005CB1012C1DD00027A96932462046791A9A
:10C5D000FFF7ACFA034648B1F8BD012B2F6A95F876
:10C5E000241017D000F0AEFD0744EDE7114C0121F7
:10C5F000114A0220C4F840351161BDE8F840F4F753
:10C60000FDBB012B2F6A95F8241007D000F0D0FD58
:10C610000744D9E700F0B8FD0744D5E700F0A0FDD6
:10C620000744D1E740F634213E20E3F785FF00BF01
:10C63000D80D002100C000410080004130B5414AC2
:10C640004FF4807440494FF0FF30D2F8045383B068
:10C65000C2F808030023C1F880414FF480113B4C1D
:10C6600005F01005C2F800123949238684F83230EB
:10C67000C1F84035C2F88830C2F88030C2F8843042
:10C68000D2F85015C9B249BBE38A952B04D9637817
:10C69000012B4DD0022B41D000222A4B94F844109C
:10C6A000C3F81021228091B1C3F8AC21D3F814153E
:10C6B00084F8442021F47021E268C3F8141522F0B4
:10C6C00003022449E260C3F80029C3F810191DB120
:10C6D0001C4B1022C3F8042303B030BD01218DF898
:10C6E0000700C2F8103111619DF807304BB90CE01A
:10C6F0009DF80730013BDBB28DF807309DF807301D
:10C700001BB1D2F81031002BF2D09DF80730002B6E
:10C71000BAD140F672213E20E3F70EFF01F03EFC55
:10C7200001300128B8D940F68A213E20E3F704FF02
:10C7300001F02EFC01300128AED940F684213E20C4
:10C74000E3F7FAFE0080004100E100E0D80D00218F
:10C7500000C0004180320200F8B50022314B324F58
:10C76000C3F84825C3F84425C3F84025C3F84C2531
:10C77000FFF764FF01F0FAFB97F845302BB104F0A6
:10C78000F5FC002843D187F84500002004F0FAFCAE
:10C790000446002840D1234D244EC5F8C401C6F8F4
:10C7A0008800C6F88000C6F88400C5F8C800C5F83F
:10C7B000C400C6F88400C6F8800004F039FC1C49A7
:10C7C0001C4B4FF4807241F6F870C6F8A8413C71DA
:10C7D000C5F8C041C7E90744C1F80805C5F8484590
:10C7E000C5F84445C5F84045C5F84C45C5F848412D
:10C7F000C5F84441C5F84041C5F84C41C3F8802014
:10C80000BFF34F8FBFF36F8FC3F88021F8BD40F2A5
:10C8100041613E20E3F790FE40F244613E20E3F7A1
:10C820008BFE00BF00C00041D80D002100800041F8
:10C8300000F0004100E100E0F8B514461E469DF806
:10C840001870054602F02CF910F12C033A4641F11C
:10C850000001A342B14134BF211A2C212846FFF721
:10C8600065F9044608B12046F8BDFFF7E7FE20460B
:10C87000F8BD00BF014BC3F83C0570470080004184
:10C8800038B50446074804F07DFC28B9064D94E805
:10C890000F0085E80F0038BD40F6DB213E20E3F7AE
:10C8A0004BFE00BF41B90101240E0021164B4FF091
:10C8B000010C164A93F8301083F831C0C2F8040511
:10C8C000D862F9B193F8323083B11149114BC2F8F3
:10C8D0008810D3F84031ABB100200E490B4B012238
:10C8E000C1F8400503201A61F4F788BAD2F8003283
:10C8F00043F00103C2F80032D2F8503503F0F603DA
:10C90000022BE9D0704700BFD80D00210080004104
:10C910000B00008000C0004108B5144B4FF0010C23
:10C92000134A93F8301083F831C0C2F80405D86276
:10C93000C9B193F8323053B10E490F4BC2F8881089
:10C94000D3F840317BB1FFF779FE002008BDD2F863
:10C95000003243F00103C2F80032D2F8503503F040
:10C96000F603022BEFD0012008BD00BFD80D002137
:10C97000008000410B00008000C00041154B996908
:10C980001A6A0844824210B518D20124124A9860EB
:10C990005464D2F844151C714B1D834205D30F4BD0
:10C9A000D3F8042102B91C6110BD00210C4BC2F860
:10C9B0004411C2F84405C2F8C43110BD0220F4F796
:10C9C0001DFA05490020054B0122C1F840051A61F6
:10C9D00010BD00BFD80D002100C000410080004103
:10C9E0000900008038B505460C4602F059F885422A
:10C9F0008C412BD3184A9369116A2B44181A884228
:10CA000019D90124154B90605C64D3F84415147156
:10CA10004A1D824206D3A3F58043D3F8042102B90C
:10CA20001C6138BD00210E4AC3F84411C3F8440507
:10CA3000C3F8C42138BD0220F4F7E0F9074900200B
:10CA4000084B0122C1F840051A6138BD40F6523149
:10CA50003E20E3F771FD00BFD80D002100C000416A
:10CA6000090000800080004110B50E4C02220346F0
:10CA700094F825C02271BCF1010F94F82410227C97
:10CA8000E08A0BD000F0C4FB236A0021064A03446D
:10CA9000A060C2F84411C2F8443510BD00F098FB04
:10CAA000F2E700BFD80D002100C00041704700BF71
:10CAB000044BC3F86005D3F8002242F04002C3F8EB
:10CAC0000022704700800041054B0021D3F800226E
:10CAD00022F04002C3F80022C3F86015704700BF7F
:10CAE000008000410C4AD2F81C319BB1D2F8483585
:10CAF0000146012003F07F0310B45B42002483B0A1
:10CB00000B70C2F81C41D2F81C310193019B03B099
:10CB100010BC7047184670470080004130B5224C69
:10CB200083B094F83230A170D8B901222270B3B129
:10CB3000237C99422ED11D4A08461D4D01ABC2F8F7
:10CB4000805094F91120A17C00F0FEFC9DF80500B6
:10CB500001F02AFA18BB9DF9040000F0DBFA03B0DB
:10CB600030BD02222270002BF9D0237C8B4211D1E0
:10CB700001280E4B0E4A0AD1C3F884200B4AD2F882
:10CB8000683543F4C023C2F8683503B030BDC3F83C
:10CB90008020F3E740F654413E20E3F7CDFC40F21D
:10CBA000B1713E20E3F7C8FCD80D002100800041A0
:10CBB00007000080054B0021054AC3F84015D2F854
:10CBC0005035DBB20BB101231361704700C0004147
:10CBD00000800041044B30B4D3E90E451B6CC0E922
:10CBE000004530BC0B607047D80D00212DE9F0479F
:10CBF00001F002FEBD4CBE4B0122C4E90E01DA6415
:10CC0000E28AD3F84C35952A236406D96378012B40
:10CC100000F0E281022B00F05081B64B0022217916
:10CC2000B548C3F88820C3F88020C3F88420C3F82F
:10CC30008420C3F88020D3F8005284F831202840A3
:10CC4000C3F8000231B103F58043D3F84411891AC7
:10CC500018BF01216678012E00F0B380022E3AD071
:10CC600010200025A34BD3F81021002A40F0A38107
:10CC7000A04B0022C3F80021022EC3F80C21C3F8F8
:10CC80001021C3F80421C3F80821C3F86C21984B84
:10CC900084F82560D3F84895D3F84435C4E90739BA
:10CCA00041D0217C277884F82410002F00F0868161
:10CCB000EB0640F1E4804FF00108FFF7BFFC94F869
:10CCC0004430002B40F07581A36D98476378022BA8
:10CCD00060D0BDE8F087874BD3F80C21D3F800343F
:10CCE000002A00F0E280D80740F1CA81002940F014
:10CCF000D08135467F4B0022C3F80021C3F80C21B8
:10CD0000C3F81021C3F80421C3F80821C3F86C212B
:10CD1000774BD3F84895D3F84435C4F82090E361B5
:10CD2000022384F82530217C002900F0BD81CB1E30
:10CD300005F00107012B40F2CB804FF0010823786A
:10CD400084F82410002B00F06081002F00F0C281D5
:10CD5000FFF774FC94F84430BBB1664B0022C3F873
:10CD6000AC2184F84420D3F8142522F47022C3F8AF
:10CD70001425E26822F00302C3F80029E2605F4A4A
:10CD8000C3F81029002F00F0D980E36C984763782E
:10CD9000022B9ED12379002B9BD0022B00F04081E7
:10CDA000012B40F09281A368226A934240F288816D
:10CDB0004F4AC2F844354E4B514AC3F8C421BDE82E
:10CDC000F0874C4BD3F80C217ABBD3F81051002DCF
:10CDD0003FF44EAF464984F82560C3F80021C3F8FC
:10CDE0000C21C3F81021C3F80421C3F80821C3F8AB
:10CDF0006C21D1F84855207CD1F844252378256250
:10CE000084F82400E261002B00F01181FFF716FC8A
:10CE100094F84430002B40F014812021B1FA81F1C4
:10CE2000636D00204909984750E7002284F8256087
:10CE30002F48C3F80021C3F80C21C3F81021C3F810
:10CE40000421C3F80821C3F86C21217C277884F8D9
:10CE50002410D0F84895D0F84435C4E90739002F9C
:10CE600000F0F480012FE08A00F0FD80A278082510
:10CE7000B04600F075F9B24600EB090149E0B7F1A0
:10CE8000010AE08A18BF4FF0010A002E00F011815C
:10CE90004FF00108012F35D0012EA27800F00E814D
:10CEA00000F086F900EB090133E0DD0700F1E380D3
:10CEB000002900F0F08005251CE701F06FF8013033
:10CEC00001287FF6AAAE40F68A213E20E3F734FB24
:10CED000084BD3F8143413F0060300F0E180022B62
:10CEE00000F0E08004214FF0000828E7D80D002171
:10CEF00000C0004100800041E2FEFFFF80320200DE
:10CF000009000080012E00F0B18000F01BF900EB59
:10CF10000901A3690022C91A94F832302280002B3B
:10CF200065D0724BC3F840215046A278FEF7FEFD53
:10CF300000285FD094F84430002B3AD1A80732D5AE
:10CF40006B4BD3F85034D90117D5C3F30312C3F395
:10CF50000321002918BF002A01D01A070DD1644A05
:10CF6000D2F85414C3F30442C3F34253022B98BFC4
:10CF7000012A02D101297FF408AF5D4BD3F81434A4
:10CF8000B8F1000F00F0838003F00103002145EAAF
:10CF90008303C3F3800383F001035FFA83F8236DF7
:10CFA0004046984792E615F0280F6CD005F0200116
:10CFB00034E70027D1E6002205465BE694F844807A
:10CFC00027802771278684F83270B8F1000F7FF42C
:10CFD000C4AE4FF00108B1E700F0DAFF01300128DC
:10CFE0007FF61BAE40F684213E20E3F7A5FA84F8D5
:10CFF000303099E73D4B0122C3F84005A3F580434B
:10D0000002201A61F3F7FAFE94E723802371238646
:10D0100084F8323094F84430002B7FF49EAEB1E6B1
:10D02000236AA168314A0B44C2F84435C3E694F838
:10D03000442023802371238684F83230002A3FF471
:10D04000ECAE002730254FF0010886E694F84480C6
:10D05000082527802771278684F83270B8F1000FE1
:10D060007FF47BAEB5E7B8469246082500F08CF811
:10D0700000EB09014DE700293FF4F2AD012539E647
:10D0800061B1072536E6EB063FF51EAE1EE601212F
:10D0900085E703252EE614200425E3E5062529E689
:10D0A00004214AE6032148E640F28F213E20E3F7BF
:10D0B00043FA40F634213E20E3F73EFA5646D8E6DE
:10D0C00040F61A613E20E3F737FA40F619613E2038
:10D0D000E3F732FAEA063FF5F0ADB3F1010A1F4675
:10D0E000E08A18BF4FF0010AD4E600BF00C000413B
:10D0F00000800041024B03EB8003D86B704700BFF8
:10D10000B0340301024B03EB8003186D704700BF7E
:10D11000B03403010028C3B2084A08DD0121033BF3
:10D12000C2F80015DBB2064AC2F80C357047002180
:10D13000C2F80015024AC2F80C35704700400041A1
:10D140000080004110B504460846FFF7DBFF034AA4
:10D15000A2FB0020A4EB901010BD00BFD34D6210C5
:10D160004FF47A73064A03FB00F032F91120054BA5
:10D1700000F2E7301044A3FB00308009023870470A
:10D1800030350301D34D621010B44FF47A73064C5E
:10D19000064A00FB033334F9111010BC0B44A2FB08
:10D1A00003208009704700BF30350301D34D621062
:10D1B00010B504460846FFF7A5FF044B00F2E73020
:10D1C000023CA3FB0030A4EB901010BDD34D6210C5
:10D1D00038B50D4C84461D464FF47A7334F911105E
:10D1E00004EB82040535104664690C4404F6B73438
:10D1F00003FB0C44054BA3FB0434FFF77BFFA4099E
:10D200002544284438BD00BF30350301D34D62109A
:10D2100038B5054608461446FFF774FF0A4B024628
:10D2200020464FF47A7103EB84035C69074B04F6E4
:10D23000B73401FB0544A41AA3FB0434FFF75AFFDB
:10D240000530A409204438BD30350301D34D6210A8
:10D25000024B00221A705A709A707047340E0021E7
:10D260002DE9F04F064683B0012088469DF83C50DA
:10D270001F469DF830B0BDF838A001929DF840904F
:10D28000FEF7CEFA06F00302374C16F0FB0F42EA27
:10D290000542E57004F1040E344D42F08072F4460C
:10D2A000C5F80425D8F80820D8F80C30D8F80000C4
:10D2B000D8F80410ACE80F00019B84F81CB0C4E956
:10D2C00005370D9B1A685B68C5F808E5C4F81D2092
:10D2D0004FF48052C4F82130D5F818356AF30703AB
:10D2E000C5F818354FF00003C5F88430204BC3F85B
:10D2F000082515D11F4BB9F1020FC5F88031C5F8CB
:10D3000084302CD81C4B13F80930C5F82035012384
:10D31000022E84F82560637015D903B0BDE8F08F44
:10D32000B9F1020F1BD8144B012E13F80930C5F8C0
:10D330002035ECD10F4B114A84F82560C2F8D0316A
:10D34000C5F88C306670094B012200212270C3F8A9
:10D350000011C3F800121A6003B0BDE8F08F4FF45B
:10D36000BA713C20E3F7E8F8340E002100E00041F8
:10D3700000F000410C000080803503010080004176
:10D380001A4A537870B563B3194B0124C3F80C15CE
:10D39000C3F8100592F825509470B5B91278E2B12F
:10D3A000C3F804514FF48055124AC2F80455D3F81B
:10D3B000006116B15C60C2F808550B7803704B78B9
:10D3C000043343708B78837070BD00211470C3F8F0
:10D3D0000411C3F800421C6070BD97213C20E3F7A4
:10D3E000ABF84FF4D5713C20E3F7A6F8340E0021DA
:10D3F00000E0004100F0004108B5174B5A782AB30D
:10D40000164A4FF0010CC2F80C151978C2F8100535
:10D4100083F802C0B1B10021C2F80411DB78023BED
:10D42000012B05D80E480323C0F85011C2F81C3553
:10D430000A494FF480520B480B4BC1F88400C3F8E3
:10D44000042508BDBA213C20E3F776F84FF4DF71DC
:10D450003C20E3F771F800BF340E002100E00041EA
:10D46000008000410500008000F00041104B1A7858
:10D47000CAB100220F49104810B44FF48054C1F8CB
:10D480008420C0F80845A0F5E040C1F88021C1F82B
:10D490008420C0F8D021C1F88C201A70002210BC62
:10D4A0005A709A70704700225A709A70704700BF85
:10D4B000340E002100E0004100F00041F8B51B4BA4
:10D4C0001B786BB31A4CD4F8043113BB194B0222EE
:10D4D000C4F804231F691A6907F0100742F010020C
:10D4E0001A61D4F8043153B9134E4FF48045C6F88D
:10D4F00080510CF04EFAD4F80431002BF7D027B944
:10D500000C4A136923F010031361094B0222C3F87C
:10D510000823074BD3F80004003818BF0120F8BDDA
:10D520004FF4F2713C20E3F707F800BF340E0021FE
:10D5300000E0004100ED00E000E100E0014B0122CD
:10D540009A60704700E000412DE9F04F454C85B0EE
:10D55000054698460E46174600F076FD237881462C
:10D56000AB4202D16378B3423CD0082D1BD1BB46FD
:10D570004FF0040A8DF80F703046FEF74DFC002185
:10D580000346524600915846414600F013FDB8F854
:10D59000003025706670A380A071A77084F8039096
:10D5A00005B0BDE8F08F05F1FF3ABAF1060F50D88B
:10D5B000DFE80AF0044235284F0404000DF10F03A0
:10D5C0003A463146002000F045FD002846D19DF93D
:10D5D0000FB0BAF1060F3CD8DFE80AF011382B1E65
:10D5E0003B11110094F90230BB42BED1E378834273
:10D5F000BBD1A38894F90600A8F80030D0E74FF01B
:10D60000000AB9E70DF10F033A463146022000F057
:10D6100021FD18BB9DF90FB04FF0020AACE70DF1E8
:10D620000F033A463146032000F014FDB0B99DF9CE
:10D630000FB04FF0030A9FE70DF10F033A46314652
:10D64000012000F007FD48B99DF90FB04FF0010A25
:10D6500092E740F28F410620E2F76EFF4121A920B8
:10D66000E2F76AFF5800002138B50446002580F82B
:10D67000305080F85550416E21B1034B186804F0CA
:10D6800007FB656638BD00BF5C0E0021014B1860CA
:10D69000998070475C0E0021014B9888704700BF4D
:10D6A0005C0E002170B5114E0446828BB3889A42FD
:10D6B00002D90725284670BD0BF092F905460028CF
:10D6C000F7D120460BF033F90138A4F89000306808
:10D6D00004F0CEFA60660028EBD0A4F8925084F8EB
:10D6E0009650FF2384F83030E4E700BF5C0E002141
:10D6F000022808B504D140F2DB219520E2F71CFF97
:10D700000328084B07480BBF0131402201F00301F9
:10D7100083F820204FF0000208BF83F8201083F820
:10D72000212008BD620E00210146F0B4D1E92C543D
:10D730009DF8100095429C4106D20123F0BC81F86F
:10D74000AA30097FFFF7D4BF4C6A002CF5D0D4E98A
:10D750000265964275EB030732D39D4208BF96429D
:10D760001AD1237C0133DBB22374237C012B0AD131
:10D77000D1F8B8300133C1F8B830002381F8AA30AD
:10D780002046F0BC7047237C012B82BFD1F8C43007
:10D790000133C1F8C430F0E70328CED00B7F00205E
:10D7A000D1F8B8200133074C013281F8AA0003F008
:10D7B000030384F82100C1F8B82084F82030DFE7A3
:10D7C0002468C2E7620E00212DE9F0470446904626
:10D7D0001F46456A002600F13E0925B1D5E902231E
:10D7E0004245BB4101D3BDE8F087636AD5F800A08C
:10D7F00023B940F271219520E2F79EFE616A0B6821
:10D800008D4263620E704E708E70CE70F1D10849F9
:10D81000484608F0F9F82B7C23B9D4F8BC30013322
:10D82000C4F8BC302946606D554604F031FAD4E79F
:10D83000C39602010D230B7001238B704FF0FF3351
:10D84000CB700B71034B5A7AA1F8052000225A7253
:10D85000704700BF880E00212DE9F04F90F8198025
:10D8600089B0074615464FEA18180C4608F0040818
:10D8700008F11C0800EB08020020079284F87800E9
:10D88000D4E91CCED4E91AB194F87820002AF5D155
:10D89000D4E92662C4E926B10492D4E92820C4E977
:10D8A00028CEBCEB02026EEB0009A069A2FB00A22D
:10D8B00000FB0922CDF814A00192D4E922021BEB4F
:10D8C000000B41EB0202BBEB06090499069262EBE6
:10D8D000010A059AB9EB0209019A6AEB020AD4F827
:10D8E00090200292D4F8942003927A7E5206C4E9E2
:10D8F000229A2ED53A4A927A5ABB029A5119039A21
:10D9000042EB03006269A2FB055602FB036615EBBE
:10D910000905237F46EB0A06002B5DD0D4E92623B8
:10D92000C7E90056C7E90223D4E92823C7E904233D
:10D93000079A17F80830527843EA0223C4E92256BE
:10D94000A4F8A83027F80810C4E9241009B0BDE8ED
:10D95000F08F00F045FF37F80850B4F8A83062693E
:10D96000ED1AADB2012D15D194F811C00023BCF110
:10D97000010F38BF4FF0010C02FB0CFCBCF57A7CA8
:10D9800043F1FF3E1CEB090C4AEB0E0E604571EBB8
:10D990000E0E1BD316F57A76049B069D43F1000309
:10D9A000B6EB0B0663EB0503059D7619019D45EB70
:10D9B0000303301841EB0301012871F1000308DB78
:10D9C000002303F069F9451C41F10003029AA918EC
:10D9D00095E701250023F9E7C7E90010A8E700BF94
:10D9E000880E002103480449437A0133437208F04A
:10D9F00005B800BF880E002135D8010110B50446D6
:10DA000098B1C16D29B10B4BD86804F041F90023DE
:10DA1000E36594F83D3004F134000749013384F89C
:10DA20003D30BDE8104007F0ECBFBDE81040FFF707
:10DA3000D9BF00BF880E00213597020170B504469A
:10DA40000025074EE36A53B1E16AF0680B68E362B0
:10DA50000D704D708D70CD7004F01AF9F2E770BD45
:10DA6000880E0021404B70B50546D86804F000F9D7
:10DA7000044620B94FF403710720E2F75DFD90F8EA
:10DA800021300022294623F0400380F82130C3F3DF
:10DA9000031303F004032433C618C25400230830D0
:10DAA00072700022FFF7D8FE2B7FE96C002B41D16A
:10DAB000D5F890301A0A337172711A0C1B0EB271BC
:10DAC000F37195F84830012B36D0022B41D000235A
:10DAD0001A1D01310736E964C2F3052184F82220BA
:10DAE00094F8232022F03F020A43022184F82320E5
:10DAF00094F8212061F30512C3F3032184F8212057
:10DB000016F8042C06F8053C22F00F020A4306F82A
:10DB1000042C042293421ED8002323706370A37048
:10DB2000E370EB6AE3B9EC6228462C63BDE8704011
:10DB30000BF0EBBB0B46BDE7AA89043A92B232B1B7
:10DB4000B1FBF2F302FB131305339BB2C0E70423CE
:10DB5000FBE7AB89BCE706F8012F013292B2D9E7A7
:10DB60002B6B1C60E0E700BF880E0021024BD860E1
:10DB700019745A82704700BF880E0021014BD86883
:10DB800004F070B8880E0021024BD868003818BF26
:10DB900001207047880E0021024B1A7C5B8A0270BC
:10DBA0000B807047880E0021034BD86810B1588A4B
:10DBB000083880B2704700BF880E00212DE9F34776
:10DBC000DFF880820646D8F80C3023B94FF448714C
:10DBD0000720E2F7B1FC73780022007801A903F076
:10DBE0000F03019240EA0320EAF7D0FD074628B16F
:10DBF000FFF7F8FE384602B0BDE8F087019C94F8C4
:10DC00002030002B00F0B2807178E36DC1F300107A
:10DC10008BB3002800F0AA8093F821502A09C5F39D
:10DC2000801502F00402AD0004321A4492F823C0B9
:10DC300092F822E00CF00F0C4EEA0C2293F822C06E
:10DC400093F8233003F03F034CEA032CEBB296F831
:10DC500003E0B5780EF03F0E45EA0E25B8F812E065
:10DC6000AE45C0F0888011F0400117D008B9072DEB
:10DC700018D812277BE0002878D10B09844603F0DE
:10DC80000403043333449A78DD78C1F3801305F03C
:10DC90000F059B0042EA0522DBB2D8E7032D01D82D
:10DCA0000028E6D0A0899042E3D30432AC44134468
:10DCB0009C45DEDC002962D098F80A50002D5ED128
:10DCC000D4E922A900F08CFD736810F1004C41F1F9
:10DCD00000029C458A413AD20139B3EB0A0361EB59
:10DCE0000901012B71F1000247DB62695008C0187D
:10DCF0004FF0000341F1000102F0CEFF8246894659
:10DD0000E56D35B9D8F80C0003F0B2FF0546E065C3
:10DD1000C8B3F37805F12000B27803F03F0342EA7C
:10DD200003227378DB0633D595F8231095F822305B
:10DD300001F03F0143EA0123B8F8121003EB020C93
:10DD40008C4545DD20461127FFF758FE52E710F1BC
:10DD5000004261F10002634571EB0202BDD24FF057
:10DD6000004282428D4138BF0131B6E70C27204680
:10DD7000FFF744FE3EE71127F9E74627F7E74FF0A4
:10DD8000000AD146BCE73049304807F037FE31E79A
:10DD90000432314603F05EF995F8213003F0300388
:10DDA000202B43D152464B46214605F10800FFF790
:10DDB00053FDE36D0022E16A1A705A709A70DA70AE
:10DDC00089BBE36220462363E2650BF09EFA11E70C
:10DDD0000433311D184403F03DF995F82330F178F0
:10DDE00003F03F0295F822C001F03F0123F03F030A
:10DDF0004CEA022CB27842EA0122944485F822C00F
:10DE0000CCF3052C43EA0C0385F82330737803F038
:10DE10003003302B01BF95F82130022262F3051345
:10DE200085F82130B8E7216B0B60CBE794F83D30E3
:10DE300004F134000649013384F83D3007F0E1FD78
:10DE4000D8E600BF880E00212D9702019C0E00210C
:10DE500035970201C36A10B504463BB1C36A1A681C
:10DE6000C26200221A705A709A70DA70994204D015
:10DE70004FF45A710720E2F75FFB084BD86803F0B4
:10DE800007FF94F83D3004F134000549013384F86C
:10DE90003D30BDE8104007F0B4BD00BF880E002142
:10DEA00035970201F8B50446DDE90650FF2684F8EF
:10DEB00020601C4EA789768A073EBE4201DC0720FF
:10DEC000F8BD00260027C4E92067267FE6B9551B68
:10DED00063F100060027C4E92256A1FB00050026D5
:10DEE000121A63EB05034942C4E91A2360EB0000F0
:10DEF000C4E92623636DC4E92467C4E91C10C4E99E
:10DF0000281023B10020DBE715461E46E2E7A07B80
:10DF1000E3F78AFA60650028F4D184F8200084F8D9
:10DF20005000CCE7880E0021C16D10B5044629B120
:10DF3000074BD86803F0ACFE0023E3652046FFF7EB
:10DF40007DFD002384F8203084F8503010BD00BFE0
:10DF5000880E0021014B1B681B681847080100212F
:10DF6000014B1B685B68184708010021014B1B68C7
:10DF70009B68184708010021014B1B681B69184763
:10DF800008010021014B1B685B691847080100214B
:10DF9000014B1B689B69184708010021014B1B6856
:10DFA000DB69184708010021014B1B689B6A184771
:10DFB0000801002130B4044C9DF8085024680295F3
:10DFC000E468A44630BC60470801002100220D49E6
:10DFD000134610B540FA02F4E40744BFCA545C1C6F
:10DFE00002F1010248BFE3B2042AF3D1054AFF243B
:10DFF000D118032B01D9107110BD013301F8014B69
:10E00000DBB2F6E780160021199802011F98020181
:10E0100021980201479802012598020151980201B6
:10E020002B9802015B980201319802016798020166
:10E030003D9802014198020133980201399802018A
:10E040005798020161980201014B187D704700BF8B
:10E05000B00E0021042810B511D883B104280CBFDC
:10E0600010242824A1420AD2064C54F8200018B1EA
:10E0700041568A42A8BF0A4600201A7010BD6FF0B0
:10E080001500FBE7B00E00210228034610DC10F15A
:10E09000270F0FDB084A101890F82800024492F965
:10E0A0002C209A4207D0002918BF0130C0B2704717
:10E0B0000F2070470020704796350301022808B5ED
:10E0C00006DCFFF7E1FF034B034493F92C0008BD86
:10E0D0000320FCE796350301C0B208B518B9044B1C
:10E0E00001221A6008BD4D21B52002F06FFB00BF70
:10E0F0000050004110F0FF0008B507D1054B012288
:10E100005A60C3F80001044B187008BD7C21B5208B
:10E1100002F05CFB00500041C50E0021014B0122C2
:10E120001A707047C50E002108B540B9064BD3F8E8
:10E13000003113B9054B187808BD0120FCE7C22156
:10E14000B52002F043FB00BF00500041C50E002186
:10E15000024BD3F8080400F0010070470050004162
:10E16000024BD3F8140400F0010070470050004146
:10E17000024BD3F81C0400F003007047005000412C
:10E1800007490246D1F81804D1F8181410F4803069
:10E1900005D0D0B201F003031B1A58425841704712
:10E1A00000500041F8B50F4E012704460D46375484
:10E1B0000BF05BFB58B92CB90B4BB7707560C3F80B
:10E1C0000473F8BD40F229116D2002F0FFFA002D12
:10E1D000F7D01CB92046A8477460F2E74FF4A2714B
:10E1E000F2E700BFC80E002100500041044B00229E
:10E1F00019181A548A7003EB80014A60704700BFF7
:10E20000C80E0021014B9881704700BFC80E002145
:10E21000014BD889704700BFC80E0021014B988977
:10E22000704700BFC80E002110B5EFF3108472B61E
:10E23000064B03441A7C0132D2B21A741B7C012BA8
:10E2400001D1FFF749FF04B962B610BDC80E002125
:10E2500008B50BF00DFB0BF008FB084A084B30B17A
:10E260000121116104229A740022DA7408BD03218D
:10E2700099740121C2F80413F6E700BF0050004171
:10E28000C80E002110B5EFF3108472B6094B034499
:10E290001A7C22B940F25B216D2002F097FA1A7CB9
:10E2A000013AD2B21A741B7C0BB9FFF723FF04B9F1
:10E2B00062B610BDC80E0021024B987C003818BF12
:10E2C00001207047C80E002137B5184C637D63B933
:10E2D000206A00F00300FFF753FF30B1EFF3108323
:10E2E00072B6A27C1AB103B962B603B030BD012286
:10E2F000A27403B962B680230D4DC5F808334FF4FC
:10E300002073ADF80630BDF806309BB25A1E92B2AB
:10E31000ADF80620002BF6D1C5F81C3184F8243066
:10E32000FFF796FF8023C5F80433DEE7C80E00210F
:10E33000005000412DE9F347344C237D002B62D07F
:10E340000323ADF80430324BD3F800513DBBD3F872
:10E350000481B8F1000F08D02D4B0022C3F804212E
:10E360000222C3F80823FFF7AFFF94F82460284B7C
:10E37000F6B2D3F81C2135B1A17C032901BF0421D9
:10E38000A1740121196182B30022C3F81C21A37C6E
:10E39000042B26D040F26D316D2002F017FA0025D3
:10E3A00001220DF10409271DA61C8DF80450D3F895
:10E3B0000481C3F8082319F8010B03280AD0337825
:10E3C00043B14FF0000A3B6886F800A013B19847AC
:10E3D000C7F800A06B1C043701360125022BEAD1D7
:10E3E000B7E70223A3740BF046FA66B1002384F862
:10E3F0002430A37C022B01D1FFF72AFF02B0BDE835
:10E40000F0470BF038BA02B0BDE8F087C80E002123
:10E410000050004110B5054C206A00F00300FFF7E2
:10E42000AFFE0028F8D0002010BD00BFC80E0021AC
:10E43000F8B5054650B10278022A07D8437842B9A8
:10E44000013B1F2B02D88378212B07D96FF01500D1
:10E450006CE0002BFAD18378002BF7D15C4B2022A3
:10E46000C3F88020BFF34F8FBFF36F8F594EC3F8AF
:10E4700080218323584CC6F808330023C6F80031A6
:10E48000C6F80431C6F81C3123746374AB88E38189
:10E49000FFF75EFE10B1012323702374D6F80C241D
:10E4A000D6F80C34D70303D5DE0701D5FFF736FEC7
:10E4B0004FF4AF63AA78A3810123A27500222362DF
:10E4C0002B78E274012B637507D0022B2FD033B168
:10E4D00040F222516D2002F079F902232362FFF706
:10E4E0003FFE002835D0FFF743FE236A03F0030305
:10E4F00098422ED1AB793BBBFFF78CFFA37D63B174
:10E500002B7853B90BF0B1F9054602F09FFA6FF082
:10E510000043002D58D0C4E9060301232022002027
:10E5200023752B4BA074C3F880211A60F8BD0BF043
:10E530009FF9284BD3F80C14D3F80C24C803F9D551
:10E54000D107F7D50323C9E7224B0222C3F80423DE
:10E55000D4E7204B01220021DA60C3F8041194F8BB
:10E560002010C3F818159A600222C3F80423AA7970
:10E57000002AC3D1D3F80423920702D440F2D54134
:10E58000A8E7164A1769116907F0100741F0100152
:10E590001161D3F804310BB90BF0FCF90D4ED6F82C
:10E5A000043173B1FFF736FF27B90C4A136923F022
:10E5B000100313610223C6F808330023C6F80431A0
:10E5C0009CE70BF0E6F9EAE7C4E90630A5E700BFEF
:10E5D00000E100E000500041C80E002100ED00E025
:10E5E00038B50C4B0C46197919B183216F2002F014
:10E5F000EDF860B95D790DB1002038BD01225A7186
:10E60000FFF712FE21462846FFF7CCFDF4E76FF036
:10E610001500F2E7F00E002138B50B4D04462B79BA
:10E620001BB19A216F2002F0D1F850B96B790BB968
:10E63000002038BDFFF7DAFD20466C71FFF722FE9F
:10E64000F6E76FF01500F4E7F00E002108B5054B72
:10E650001B791BB1C6216F2002F0B8F8BDE8084055
:10E660000BF010B9F00E002110B501B3F0B14FF06E
:10E67000FF33104A1C46E0FB0134944203D9DB21EE
:10E680006F2002F0A3F81A0DC3F30F100A4B42EAF1
:10E6900004324FF22444B2FBF4F100EB024003FBDE
:10E6A0001100B0FBF4F040EA0140013010BD084613
:10E6B000FCE700BF3F420F00000024F4014B9B68C1
:10E6C000184700BFF00E0021014BDB68184700BF60
:10E6D000F00E0021014B1B69184700BFF00E00210E
:10E6E000034B1A790AB9FFF793BD988D704700BFA5
:10E6F000F00E0021034B1A790AB9FFF78FBD988AF3
:10E70000704700BFF00E0021024B1B790BB9FFF7D9
:10E71000DBBD7047F00E0021014B9B69184700BF1D
:10E72000F00E002110B5144C2379A3B1636A984709
:10E73000002806DB94F82E3023B10123002084F852
:10E74000303010BDFFF7E8FF0028F6DA40F28D11F7
:10E750006F2002F03BF8094BA361094BE361094BC1
:10E760002362094BA360094BE360094B2361FFF768
:10E770005FFE0028E1D0E4E7F00E002115E401017E
:10E7800083980201B9E201017198020177980201B0
:10E790007D98020138B5084B04461D7925B140F239
:10E7A000E1116F2002F012F801F096F82046FFF711
:10E7B00029FD284638BD00BFF00E002108B50748E6
:10E7C00001F078F8054800F021F801F0A1FA01F015
:10E7D00089FA00F0C3FB012008BD00BF240F00210F
:10E7E00001F028BC103001F099B800BF01F0AEB8BC
:10E7F00001F0F6BC01F02EBE01F040BE01F082BC7B
:10E800002721032008B501F0E1FF00BF024B18608B
:10E8100000221A719A6070472C0F002170B582B0E7
:10E820001F4C2379012B11D0DAB2022A0BD10DF142
:10E830000701A06800F0B8FB0023A36023719DF8D6
:10E84000070002B070BD012002B070BD0DF10701DC
:10E85000A06800F09FFBA5686B7DDB07ECD5AB7F64
:10E86000042BE9D001F0B6F806460028E4D001F008
:10E87000B7F82A69B3682E686D6896194FF00002E0
:10E8800045F100050A3342F100021B1842EB010278
:10E89000B342AA41D0D3A06800F06CFCCCE700BF23
:10E8A0002C0F0021837F0BB1002070470A684B6852
:10E8B000D1F808C010B5CC680260C4600124436080
:10E8C000C0F808C00A694B69026184774361054B4F
:10E8D0001A792AB998601C7101F012F8204610BD0F
:10E8E000FFF78EFF2C0F002170B5044682B00D4655
:10E8F00001F070F8A37F012B17D02A6806466B68D9
:10E90000A868E968A0602046E1600DF10701226077
:10E9100063602A696B69226101226361A27700F05A
:10E9200039FB2EB1012002B070BD002002B070BDD5
:10E93000024B042118680AF0B8FFF3E72C0F0021FE
:10E94000024B062118680AF0B0BF00BF2C0F00214F
:10E9500010B5084B1A7952B90446986002221A7110
:10E9600000F0CEFFA07FB0FA80F0400910BDFFF7A5
:10E9700047FF00BF2C0F002138B5837FC3B1044689
:10E9800009E0A37F042B09D0A37F012B11D00BF04A
:10E9900000F8A37F63B1A37F032BF2D1EFF31085BF
:10E9A00072B6204600F01EFB05B962B6A37F2BB9F4
:10E9B00038BD4FF48271032001F008FFFF210320CE
:10E9C00001F004FF10B582B00DF1070100F0ECFA80
:10E9D000044600F0FFFF10B1204602B010BD40F227
:10E9E0002111032001F0F2FE70B5054600F0F2FFA0
:10E9F00000B3044600F0F4FF03462846A46800254F
:10EA0000E41841F100062246334600F045FBA042DF
:10EA100071EB06030CD3001B6FF0010361EB0601E1
:10EA2000834275EB010100D370BD4FF0FF3070BD24
:10EA3000284670BD40F22911032001F0C7FE00BF37
:10EA40002DE9F04104460F4600F0C4FF10B385687D
:10EA50000023064662195B4113B10020BDE8F08136
:10EA600000F0BEFF2A18384641F1000314EB0208FB
:10EA700043F1000500F010FB4045A941EDD301F042
:10EA8000D9FA00F0ADFAB368012037752344B360BA
:10EA9000BDE8F0814FF4A371032001F097FE00BFA1
:10EAA00000F09EBF08B500F095FF08B1007D08BDDD
:10EAB0004FF4CB71032001F089FE00BFF8B5036964
:10EAC000002B51D1044601F0B5FA05460E46FFF77A
:10EAD00001FE90B36435D4E9000346F10006A84274
:10EAE00073EB060221D3C4E90003EFF3108672B67C
:10EAF00000F070FF054688B100F072FFAB6800229D
:10EB00000B3342F100021B1842EB0101D4E9000271
:10EB1000834271EB02050BD3C4E9003106B962B63A
:10EB20002046BDE8F84000F04DBB28463346DAE702
:10EB300003461146C4E90031F0E7FFF7DBFD074665
:10EB400000F05CFF2168B842626838BF38469635ED
:10EB500046F10006401946F10003884273EB0205B6
:10EB6000C1D208461346BEE740F29D11032001F0D2
:10EB70002DFE00BF2DE9F04F374B00248046146076
:10EB80001868002853D0A0F1180750E906454445FD
:10EB900075EB010309D250F8083C1B1945F100053B
:10EBA00098451C4671EB050352D350F8103C4FF0CA
:10EBB00000093E4613F10A0C49F100031CEB040C5A
:10EBC00045EB030EB36993B1A3F1180053E9064571
:10EBD000644575EB0E0A0AD297F814B013F804AC2A
:10EBE000D34507D00FD80646B369002BECD1384681
:10EBF000BDE8F08FB3F804A0B7F81CB0AAEB0B0A7D
:10EC00001AF4004FEFD006F118074445176075EB72
:10EC100001070AD253F8087C3C1945F10005A045CC
:10EC200071EB050701D244460D46B6690EB9BDE841
:10EC3000F08F53F8103C0746A6F1180013F10A0CA8
:10EC4000064649F1000E1CEB040C45EB0E0ECBE71B
:10EC500044460D46A9E700BF380F0021F8B5002251
:10EC6000244C6260EFF3108172B6A368E260A26088
:10EC7000636009B962B6636863B300259A79A3F14A
:10EC80001800032A27D01F686FB3BA79A7F11803B9
:10EC900084460026042A0FD19A8B818B521A1204C3
:10ECA00002D50CF1180618469A6942B19C46A2F1A9
:10ECB00018039A7F042AEFD09B7F032B15D196B1BE
:10ECC00033681B683360C36802218577984763689F
:10ECD000002BD3D1F8BD1E68012153F80C2C9D7177
:10ECE00066609047F3E76760EDE763219F2001F0DE
:10ECF0006DFD00BF380F00212DE9F043224E34682E
:10ED00006CB300254FF00409A846AE46234624689C
:10ED100053F8187C53F8082CD21953F8147C47F197
:10ED2000000C82427CEB010C1BD205B32A681268EE
:10ED30002A6083F80690B26883F800E083F801E067
:10ED400083F802E083F803E07AB1F26813604FF0D1
:10ED50000108F360002CD9D1B8F1000F0DD1BDE846
:10ED6000F0831D46002CD1D1F6E7B360EFE732689F
:10ED7000002ADED012683260DBE7044BBDE8F043C6
:10ED8000187801F0C9BE00BF380F00210C01002126
:10ED9000704B2DE9F04F8846196885B00546046828
:10EDA00082834068002900F0CA80A1F1180295F81A
:10EDB00015C08A46A9460CF0010C0027D2E9006371
:10EDC0006546B44270EB03012AD3F5B1177D99F87B
:10EDD00014108F4219D89168891943F1000311F179
:10EDE0000A0E43F1000C744570EB0C065FD2D9F8A3
:10EDF0001060361940F10007B6457CEB070B01D2D5
:10EE0000764667468E429F4156D3936917468BB12B
:10EE1000A3F11802D2E90063B44270EB0301D4D22B
:10EE2000AC4651464D46BCF1000F00F091801346B0
:10EE30003A4605E0AC4651464D46BCF1000F59D06C
:10EE4000AE68361940F10009002B68D0C246CDE902
:10EE5000001216F10A0C1F68596849F10002674553
:10EE600071EB020258D21A7D95F814C0944519D35B
:10EE70009A68D21941F1000112F10A0841F1000E1D
:10EE8000444570EB0E0752D22F693F1940F1000C38
:10EE9000B8457EEB0C0B01D24746F44697427CEB1B
:10EEA000010C4AD39B69002B36D0183BD1E726468C
:10EEB00007468E429F41A8D24D460023042105F10A
:10EEC00018022B766B76AB76EB76224BA9779B6894
:10EED000002B3AD01F4BDB681A601F4B00251D49E1
:10EEE0001878CA6001F018FE88F8005005B0BDE837
:10EEF000F08F9369294641F8183F916103AA0021D8
:10EF00000020FFF737FE2D1AB5FA85F56D0988F850
:10EF1000005005B0BDE8F08FDDE90012D046002AB0
:10EF2000E7D12B460B4A43F8181F1360E6E7274644
:10EF3000844697427CEB010CB4D2D046BDE76B7D92
:10EF4000DB07EED50A460B467AE7024B9A60C4E728
:10EF50003A46E4E7380F00210C01002110B50A4CB5
:10EF60002378FF2B0AD1094801F0ACFD084B0022A1
:10EF700020701A609A60DA601A8210BD4FF48371B3
:10EF80009F2001F023FC00BF0C0100215DEC01017A
:10EF9000380F0021034B1A8A02F1010CA3F810C0AC
:10EFA000FFF7F6BE380F002130B583B004460D469A
:10EFB0000020002101AAFFF7DDFD034604F118013E
:10EFC0000648E31AB3FA83F35B092B700AF093FC4B
:10EFD00010B100230120A37703B030BD380F00210A
:10EFE000FFF78ABE38B5164D044600F11801AB682C
:10EFF000A3B1AB6899421ED083B11A461B686BB1AE
:10F000009942FAD153B118681060A86881420BD0B8
:10F01000EB6899420DD00023A37738BD09480AF068
:10F020006AFC0028F7D138BD1B68AB60EB689942D9
:10F03000F1D1EA60EFE7002BF0D00022E5E700BF56
:10F04000380F00213C0F002130B5054683B00C4637
:10F05000FFF752FE01AA28462146FFF78BFD28B193
:10F0600000F11802044B5A6103B030BD0246024B56
:10F070005A6103B030BD00BF380F002110B5054CF8
:10F08000616920460AF037FC18B16069002318381E
:10F09000636110BD380F00211C49096839B3A1F123
:10F0A000180C9CF8141081421DD870B512F10A0595
:10F0B000DCE9004143F1000EAC4271EB0E0620D2B8
:10F0C000DCF81060341941F10001AC4271EB0E0123
:10F0D00015D2DCF8181071B1A1F1180C9CF81410BD
:10F0E0008142F6D8E2E7DCF818100029D7D14FF0BA
:10F0F000FF30014670474FF0FF30014670BD2C468F
:10F100007146B4F10A0041F1FF3170BD380F0021A2
:10F1100010B5837F022B06D0837F012B02D0837F23
:10F12000042B1DD110BD437D13F0020313D1032422
:10F130000E4A00F11801037684779468437683764B
:10F14000C3765CB1D3681960094BD1601878BDE80B
:10F15000104001F0E1BC0023837710BD9160F3E71C
:10F160004FF4FA719F2001F031FB00BF380F0021EE
:10F170000C01002170B50446104D04F11806284614
:10F1800031460AF0B8FB98B1002304222376A27717
:10F190006376A376E376AB6843B1EB681E60084BF9
:10F1A000EE601878BDE8704001F0B6BCAE60F6E7DE
:10F1B0004FF4FF719F2001F009FB00BF380F0021C1
:10F1C0000C0100212DE9F04F076983B0002F6ED1AB
:10F1D000866890F81480D0E90045EFF3108272B68B
:10F1E00035490B68002B5BD00A36B1F81090A3F1BB
:10F1F0001803CDF8049047F10007B14614EB090A53
:10F20000D3E9001645EB070E8A457EEB060C47D383
:10F21000A14276EB050C27D3D3F810C01CEB010CF0
:10F2200046F1000BD4457BEB0E0B34BF4FF0010CC5
:10F230004FF0000CBCF1000F12D093F814C0C4457D
:10F2400025D034BF4FF0010C4FF0000CBCF1000F83
:10F2500006D00A319C6846F10005641845F10005A6
:10F260009B69EBB1183BC9E711F10A0CD3F808A070
:10F2700046F1000E1AEB0C0C4EF1000E644575EBD6
:10F280000E0E34BF4FF0010C4FF0000CD2E7B3F874
:10F290001CC0DDF804E0ACEB0E0CCCF3C03CD5E7B1
:10F2A00002B962B6C0E9004503B0BDE8F08F40F294
:10F2B0001D219F2001F08AFA380F0021024B052101
:10F2C00018680AF0F2BA00BF500F0021054B5868C9
:10F2D00010B1C368052118474FF42471B02010B550
:10F2E00001F074FA500F00212DE9F0471746002B6A
:10F2F00056D005460E46D3E90089804579EB0103D7
:10F300004BD3524C0023404649462361C4E902894D
:10F3100001F01CF9A38AB8EB05054FF0000203F1D8
:10F32000640369EB0606AB42B24116DBA36903F244
:10F33000A3139D4276F1000669DA454A40464946E4
:10F34000C4F82880C4F82C9000F08EFD0523414AB3
:10F3500084F830303A60BDE8F087627F237FAABB33
:10F3600003F0FD0AA36903F2A3139D4276F10006A0
:10F3700032DABAF1010FE0D1A08A354AB8EB0000C9
:10F3800069F10001C4E90A0100F06EFD0623314A6B
:10F3900084F830303A60BDE8F08780468946B0E7AF
:10F3A0002A4C637F1BB1237F023B012B44D90025EC
:10F3B000657701F0D7F8FFF787F901F0C9F8264A19
:10F3C0002B463A6084F83030BDE8F0879A1E012A57
:10F3D00036D900226277C3E701F0C4F8FFF774F969
:10F3E000A08AA369984217D9BAF1010F14D1B8EBDA
:10F3F0000000174A69F10001C4E90A0100F034FD78
:10F400000123144A84F830303A60BDE8F08701F0F7
:10F41000A9F8FFF759F9A369B8EB03000C4A69F1A1
:10F420000001C4E90A0100F01FFD0223094A84F823
:10F4300030303A60BDE8F087236A01209847B6E78C
:10F44000236A01209847237FC3E700BF500F0021A4
:10F45000BDF20101FDF50101CDF5010102392DE9F2
:10F46000F04104292DD8DFE801F00309292C0C0014
:10F47000164A137F003B18BF012353770020BDE8D5
:10F48000F081124D044600F0C1FC00F0D3FD0E46A1
:10F490000746FFF7D9FD80466868FFF739FE224628
:10F4A0003846314600240026002743466C60C5E9F3
:10F4B0000267FFF719FF0220BDE8F081FFF7AEF900
:10F4C000DCE740F23B21B02001F080F9500F002131
:10F4D0002DE9F04F394C83B0814694F81DA0A769FF
:10F4E000BAF1000F39D1237F03F0FD03012B3ED089
:10F4F00000F0A0FD10EB07080E46054641F10001A3
:10F5000040460191FFF7A0FD00283FD00199D0E9C6
:10F5100000B3D84571EB030222D3002228460193A1
:10F520002261274AA562E662C4E90281314600F001
:10F530009BFC019B5846194601F008F8BAF1000FF0
:10F5400002D0A38A9F4218D002231E4A84F830308A
:10F55000C9F8002003B0BDE8F08F4FF0000AC7E7FC
:10F56000BBEB0705D846194663F10006D5E7A28A2A
:10F570009A46974238BF1746BAE70123114A84F8E2
:10F580003030C9F8002003B0BDE8F08F637F1BB1B5
:10F59000237F023B012B0CD90025657700F0D8FFB3
:10F5A000094A2B46C9F8002084F8303003B0BDE882
:10F5B000F08F236A01209847EEE700BF500F00212B
:10F5C000BDF20101FDF50101CDF50101032910B5E1
:10F5D00006D801290AD84FF49E71B02001F0F6F840
:10F5E0000429F8D10446FFF719F908B9002010BD25
:10F5F0002046FFF76DFF022010BD00BF023970B535
:10F600000546032900F24581DFE801F006021708EC
:10F61000A54B002283F83120002070BDA24C94F845
:10F620003030013B052B00F23981DFE813F03A005E
:10F630005F008600A900F400CC009B4C94F83030A9
:10F64000042B0FD8022B24D8013B012B00F20D8193
:10F65000FFF7E4F80028DFD000F0DAFC2846FFF7D7
:10F6600037FFAEE0053B012B00F2FF80FFF7D6F835
:10F670000028D1D000F0CCFC00F0DCFC06460C46A3
:10F68000FFF7E2FC2A46034621463046FFF72CFEF0
:10F6900097E0FFF7C3F80028BED0012384F831308B
:10F6A000BAE7257F05F0FD05012D40F0E380607F7E
:10F6B000002840F0DF80236A9847657700F0BAFCA5
:10F6C000A26A2369821AA1699A42B8BF1A46A3683E
:10F6D000581AE168226161F10001744AA062E16296
:10F6E00000F0C2FB022384F8303095E700F032FFCF
:10F6F000FEF7E4FF00F09EFCA26A2369851A227FD0
:10F700009D4202F0FD02B8BF1D46012AD4E9023134
:10F71000256103D1627F002A00F08B80323B634A6F
:10F7200041F1FF31581941EBE571C4E90A0100F0DC
:10F730009BFB042384F830306EE7257F05F0FD0540
:10F74000012D40F09C80667F002E40F0988000F0F4
:10F7500071FCA26A034630469B1A22699342B8BFE5
:10F7600013462361236A984722696577D4E90231F9
:10F77000323B41F1FF31981841EBE2714B4AD4E73B
:10F7800000F0F8FE002861D094F83160002E7FF47C
:10F7900073AFFFF773FC00283FF46EAF6060C4E9FD
:10F7A0000D6600F02BFB0223606883773146C36847
:10F7B0009847D4E90201FFF713FC3D4B84F8306011
:10F7C0002B60022070BD257F05F0FD05012D5BD16A
:10F7D000667F002E58D100F02DFCA26A0346304609
:10F7E0009B1A22699342B8BF13462361236A984744
:10F7F00022696577D4E90231323B41F1FF31981833
:10F8000041EBE271294AC4E90A0100F02DFB05230E
:10F8100084F8303000E7FFF731FC00283FF42CAFCC
:10F8200000266060C4E90D6600F0E8FA6068022313
:10F83000BBE7A08A1D4A181A61F10001C4E90A0158
:10F8400000F012FB032384F83030E5E600200021AD
:10F85000FFF7FAFB08B1FFF78DFC00F083FEFEF71F
:10F8600033FF2846FFF734FEABE740F27911B020B2
:10F8700000F0ACFF40F28311B02000F0A7FF4FF47E
:10F88000DA71B02000F0A2FF4FF4FD71B02000F05B
:10F890009DFF40F21521B02000F098FF4FF4047155
:10F8A000B02000F093FF00BF500F0021BDF2010116
:10F8B0005DF40101064A002310B5064C026084F88D
:10F8C000303023772060FEF715FF5130A06110BD66
:10F8D000CDF50101500F002108B5074B074A196803
:10F8E0000968914202D15130986108BD40F27521FA
:10F8F000B02000F06BFF00BF500F0021CDF50101DB
:10F9000010B5EFF3108472B6034B0421186809F0A8
:10F91000CCFF04B962B610BD500F0021094B5A68E4
:10F9200010B54AB1084AD3E902410019BDE81040B8
:10F9300041F1000100F098BA40F29621B02000F0A9
:10F9400045FF00BF500F0021CDF2010108B5064B65
:10F950005B681BB1BDE8084000F05ABB4FF427714B
:10F96000B02000F033FF00BF500F002108B5054B59
:10F970005A680AB1586308BD40F2A221B02000F0D5
:10F9800025FF00BF500F002108B5054B5A680AB18A
:10F99000986308BD4FF42A71B02000F017FF00BF34
:10F9A000500F0021044B9B6B03B1184740F2AE216E
:10F9B000B02010B500F00AFF500F0021044B5B6B24
:10F9C00003B118474FF42D71B02010B500F0FEFEC2
:10F9D000500F0021014B5868704700BF500F0021A5
:10F9E00008B5054B5A6812B1D3E9020108BD40F2CF
:10F9F000BF21B02000F0EAFE500F0021044A137F1F
:10FA000003F0FD03012B0CBF908A0020704700BF5C
:10FA1000500F0021054B1B681BB11A6A0421586A5C
:10FA200010477221452010B500F0D0FE900F002144
:10FA3000054B1B681BB11A6A0321586A10476C21D9
:10FA4000452010B500F0C2FE900F00212DE9F041D5
:10FA500004460D4679B9154F3B681BBB14483C6002
:10FA6000FFF784FF1348FFF78FFFFFF719F8637D57
:10FA700006465B0705D4236A2946606ABDE8F04163
:10FA80001847FEF7B5FE2036361A7E6000F03AFBC6
:10FA90000028FBD000230849084AC1F88031C2F889
:10FAA0008030E8E78621452000F090FE900F00218D
:10FAB00031FA010115FA01010010014100C00041B5
:10FAC000024B00221A601A81704700BF900F00217C
:10FAD00008B5074B1A683AB106480021D060196092
:10FAE000BDE80840FEF72CBFB921452000F06EFEAE
:10FAF000900F00214DFA010130B40D46144600214B
:10FB00002022C0E9085430BC01F0F8B930B5002219
:10FB100087B04B7A0C4605924FF0000100920546E3
:10FB200001920492C3F3800282F0010262F3820127
:10FB3000227A8DF814202B4A8DF8151003926168F3
:10FB400022780291002A3BD1D4E904209DF8154087
:10FB50006407CDE9002024D4C3F340039DF81520A9
:10FB600021495B0022F0030243F0010313438DF8A7
:10FB700015304B68C3F308036BB1103B5BB2002B2D
:10FB800018DB1A4AD35C5B092BB969462846FEF795
:10FB9000ABFE07B030BD69462846FEF783FE07B0CE
:10FBA00030BD203A01F1200140F1FF300092029176
:10FBB0000190D1E703F00F0319440B7D5B09E3E7E4
:10FBC00023690493FEF70CFE9DF815305B07CDE921
:10FBD000000104D5029A637A20320292BCE7637A6C
:10FBE000BAE700BF4DFA010100ED00E000E400E0DB
:10FBF0000B4A5368C3F3080353B1103B5BB2002BAD
:10FC000008DBA2F51062D35C5B090BB9FEF7DABE24
:10FC1000FEF79EBE03F00F031A44137D5B09F4E761
:10FC200000ED00E010B5037886B0B3B90446039345
:10FC3000D0E90401CDE90433CDE9000163686846E9
:10FC4000217A02938DF81410FEF738FF0120DDE9C8
:10FC50000023C4E9042306B010BD4FF4AB71452066
:10FC600000F0B4FDFEF788BE00F09ABC30B50C7809
:10FC700087B07CBB4B7A4FF0000C0594C3F3800E29
:10FC80000C7A4D688EF0010E8DF81440144C6EF312
:10FC9000820C029503941CF0040F8DF815C0D1E975
:10FCA0000441CDE9004107D0203C05F1200541F198
:10FCB000FF310094029501919DF81540C3F3400374
:10FCC0006946049263F341048DF81540FEF7EAFD9E
:10FCD00007B030BD40F21F21452000F077FD00BF86
:10FCE0004DFA0101074A002313721375064A0121D8
:10FCF00006485160C2F84035C2F84031C0F80815D6
:10FD0000704700BFC80F002100C0004100F0004153
:10FD100030B4344B0022344C0121344882615960A4
:10FD20009960C3F80843C3F84843C469C3F8042181
:10FD3000C3F84021C3F84421C3F84821002C4ED019
:10FD40002B4A4FF00045C2F8C051C4F88050C3F8A8
:10FD50008050284BC3F804150523C2F840351160C4
:10FD6000D2F84031002BFBD00121224D0023C5F8F1
:10FD700008155160D1601B49C2F84031C2F84035C6
:10FD8000C2F8C031C4F88030C1F8803090F820301B
:10FD900003B390F821200121124B4FF480249140AD
:10FDA000144842F000424FF6FF75C0F80815C3F83A
:10FDB0004443C3F84855C3F80443C3F848219A6044
:10FDC000C0F804150C4B4FF4003230BCC3F880214E
:10FDD0001A607047034B0222C3F80423F2E719604C
:10FDE000D4E700BF0010014102000700C80F002146
:10FDF00000C0004100F0004100E100E0024B0122A0
:10FE0000C3F80027704700BF0000084110B4114A32
:10FE1000002301244FF0FF300F49C1F88031C2F8B0
:10FE2000803054604FF48054C2F808030B480C4AE9
:10FE3000C0F88041106838B14FF48030C1F8080331
:10FE40001372C1F840311360064B002210BCC3F896
:10FE50000027704700C000410010014100E100E0B0
:10FE6000C80F00210000084170B5604C2368002BCA
:10FE700040F0B2805E4B2260994200F2B280420FA5
:10FE80005C4DC0F34F3343F6095642EAC10103EB20
:10FE90000143A5FB01125849920B01FB123357494C
:10FEA000A5FB035343F608559B0B43EA024201FBB3
:10FEB000120048F237614FEA122C430B120601FB85
:10FEC00003F34F491B0C06FB130000FB01F1490D26
:10FED00001EB432306FB0151B0EB512F4FF0000122
:10FEE00088BF0133D0184CF1000CEFF3108572B6C7
:10FEF00094F82060434A96BBD2F80435D2F8041136
:10FF000009BB05334FF00002A16942F1000225B997
:10FF100062B694F82050002D38D14FF08075E1FB87
:10FF2000053298427CEB020242D3010E20F07F4260
:10FF300041EA0C21334B4FF480306160C3F8402517
:10FF4000C3F8040370BDA3690133A361C2F804615F
:10FF5000D2F80435D2F804110029F4D1D1E7D2F84F
:10FF600004354FF6FF76D2F84821B34228D0161E4A
:10FF700047F6FE7E18BF0126734588BF002605336D
:10FF800041F10002A1693144002DC1D04FF4803508
:10FF9000E1FB053298427CEB020209D3010C4FF6DB
:10FFA000FF7382B241EA0C41002A08BF1A46C1E73A
:10FFB000FF232372144B4FF40032C3F8002170BDAD
:10FFC00022B9A1690523002DE0D1A1E70A460F4B14
:10FFD000A169002DDAD19BE740F2F921052000F05C
:10FFE000F5FB4FF49471052000F0F0FBC80F0021E1
:10FFF000FF7F841E83DE1B43000024F40080841EE8
:020000040102F7
:100000006F0C01000010014100E100E0040001005C
:10001000064B1A684AB106494FF48032C1F80823EA
:1000200000221A72C1F840211A607047C80F0021DF
:100030000010014170B4EFF3108572B62C4C2D4ABC
:1000400094F82000D2F8043540B3D2F848014FF6B6
:10005000FF72A669934245D0003843F60951C3F3B5
:10006000080247F6FE7C18BF012001FB02F263453F
:100070004FEA532388BF002002F5807201FB03F38F
:100080000021064403EB52201DB962B694F82030DB
:100090001BB3194BE6FB030170BC7047D2F8041187
:1000A00051B1A3690133A361C2F80401D2F8043548
:1000B000D2F804110029F4D143F60951C3F3080220
:1000C000580AA66901FB02F301FB00F0002103F5C9
:1000D000807300EB5320002DD7D0084BE6FB0301C3
:1000E00070BC704700B106480021002DD1D1CCE78B
:1000F000C80F00210010014180841E000080841E72
:1001000061841E0030B5EFF3108572B62F4A92F865
:10011000204044B32E4B4FF6FF70D3F80415D3F8AC
:100120004831814290694BD0003B43F6095CC1F3F2
:10013000080447F6FE7E18BF01230CFB04F471454A
:100140004FEA512188BF002304F580740CFB01F1B4
:10015000184401EB542300211DB962B692F82040E7
:100160001CB31C4C22E01A49D1F80435D1F8040123
:1001700050B1936901339361C1F80441D1F804355A
:10018000D1F804010028F4D1C3F3080143F609545F
:100190005B0A906904FB01F104FB03F301F5807134
:1001A00003EB51230021002DD7D00B4CE0FB043191
:1001B000D2E90A02834291412CBF0120002030BDC8
:1001C00003B1064B0021002DCBD1C6E7C80F00219B
:1001D0000010014180841E000080841E61841E0086
:1001E0002DE9F84F0020954E0125954C7560C6F815
:1001F0004005C6F84001C4F80855D6F8043523F088
:100200000303C6F80435D6F8083543F00303C6F8EF
:100210000835102393FAA3F3B3FA83F3092B00F301
:100220000881C6F810354FF48052864B4FF6FF7C9C
:10023000F56047F6FE7EC3F880211A604FF0004259
:10024000814B7560F560C3F88021C6F880207F4A35
:1002500041E06745D3F8481100F0C6800039D2F874
:10026000188018BF0121774588BF002141444FF015
:100270000008B9F1000F00F0BF804FF48039E1FBB6
:100280000978C4F80455EFF3108972B692F820107B
:10029000D3F804A5002900F08F80E245D3F8481177
:1002A0003AD00039D2F818B018BF0121F24588BF02
:1002B000002159444FF0000BB9F1000F34D04FF436
:1002C0008039E1FB09ABC34508BFBA453CD0C4F84F
:1002D00008557560F560EFF3108972B692F820103A
:1002E000D3F804750029B4D1D3F8041141B9916948
:1002F0004FF00008B9F1000F7ED04FF08079BEE7D3
:10030000916901319161C3F80401D3F80475D3F800
:1003100004110029F4D1EAE7002978D18A469169CD
:10032000D346B9F1000FCAD162B692F82090B9F164
:10033000000F0CBF4FF080794FF48039E1FB09AB1F
:10034000C34508BFBA45C2D1013743F60951C7F3C7
:10035000080348F100083C0EC7F34E2701FB03F3E6
:1003600044EA082401FB07F04FEA186803F580739C
:10037000650100EB53204FEA48132D1B43EAD46379
:1003800063EB0806AB01B1015B1B41EA956161EBD0
:100390000601C90041EA5371DB001B1948EB010853
:1003A000DC034FEAC831001941EA5341906241F140
:1003B0000001D162BDE8F88FD3F8041141B9916909
:1003C0004FF0000BB9F1000FAED04FF0807978E715
:1003D000916901319161C3F80401D3F804A5D3F800
:1003E00004110029F4D1EAE7D1B90F469169B84662
:1003F000B9F1000F7FF441AF62B692F82090B9F1E5
:10040000000F0CBF4FF080794FF4803937E79169C6
:10041000E2464FF0000BB9F1000F7FF450AF83E7D5
:10042000916967464FF00008B9F1000F7FF425AFDE
:10043000E2E740F29F31064800F0BEF900C00041FB
:1004400000F0004100E100E000100141C80F002170
:10045000B837030110B5029C201841F10001801A41
:1004600061EB0301B0F1004F71F1000100DA10BD42
:1004700040F2A931052000F0A9F900BF70B4EFF3F4
:10048000108572B62C4C2D4A94F82000D2F8043511
:1004900040B3D2F848014FF6FF72A669934245D0A7
:1004A000003843F60951C3F3080247F6FE7C18BF33
:1004B000012001FB02F263454FEA532388BF00206D
:1004C00002F5807201FB03F30021064403EB522086
:1004D0001DB962B694F820301BB3194BE6FB03013B
:1004E00070BC7047D2F8041151B1A3690133A36104
:1004F000C2F80401D2F80435D2F804110029F4D16D
:1005000043F60951C3F30802580AA66901FB02F336
:1005100001FB00F0002103F5807300EB5320002D58
:10052000D7D0084BE6FB030170BC704700B106480A
:100530000021002DD1D1CCE7C80F002100100141CE
:1005400080841E000080841E61841E00704700BFEE
:10055000704700BF024B0122C3F84423704700BF1D
:1005600000100141024B0122C3F84823704700BF2D
:100570000010014108B5FEF7ADF830B9074A136B1A
:100580000133312B136304D808BD044B00221A63D6
:1005900008BD4FF48061052000F018F9C80F002154
:1005A000014BD861704700BFC80F002110B53F4C08
:1005B00082B094F82030002B55D03D4BD3F8042363
:1005C00052035BD43A4B6168D3F80423D00334D58B
:1005D000D3F84031002B30D0A36999425DD8002375
:1005E0002372334A4FF48031C2F84031C2F8081305
:1005F0002268002A55D0236090472D4B2169D3F8FB
:100600000423920324D5D3F844310BB3A3698B425E
:100610003FD300222275264B4FF40030E168C3F827
:100620004421C3F8080300293BD08847204BD3F866
:1006300040310193019B02B010BDA269237A002BC7
:10064000CDD19142D9D91A4B0022C3F84021D4E729
:10065000A269237D002BDCD18A42E7D2144B002211
:10066000C3F84421E2E7124AD2F804110029A9D0C4
:10067000C2F80431A3690133A361A3E7D3F8482189
:10068000002A9FD00022C3F84821A3690133A36147
:1006900098E7237D002BE1D0BBE7237A002BD2D053
:1006A0009DE740F24241052000F090F8C80F00217C
:1006B00000100141014B1879704700BF0010002164
:1006C000044B1A79824283BF1B68602202FB003010
:1006D0000020704700100021BFF34F8F0549064BE3
:1006E000CA6802F4E0621343CB60BFF34F8F00BFD0
:1006F000FDE700BF00ED00E00400FA05094B012210
:100700005A604FF0FF32C3F808234FF40052064BF3
:10071000C3F88020BFF34F8FBFF36F8FC3F88021E2
:10072000704700BF00D0004100E100E0094B01220A
:100730005A604FF0FF32C3F808234FF48032064B63
:10074000C3F88020BFF34F8FBFF36F8FC3F88021B2
:10075000704700BF0000014100E100E010B51349FF
:1007600000230122124CC1F8FC3FC1F8FC2FDA0033
:10077000013302F1FF7202F58032D2F8000320400B
:10078000884202BFD2F80003D2F804230260202B73
:10079000EDD1084B4FF48072C3F88020BFF34F8F28
:1007A000BFF36F8FC3F8802110BD00BF00800041F0
:1007B00000F0FFFF00E100E008B572B6024B5B6895
:1007C00003B19847FFF788FF081000211FB572B6E4
:1007D000144B5C6894B9FFF77FFFB2FBF6F22B462F
:1007E0005D1C002AF9D1DBB203F110056D4405F858
:1007F0000C2C0A2233B901A8A047ECE702460023DB
:100800000A26EDE7013BDBB203F110050DEB05060F
:10081000B0FBF2F502FB1500303006F80C0C284650
:10082000E8E700BF08100021F8B51E4E05460C464B
:100830001746337893BB09F017F877603472FFF7E7
:100840008DFFFFF773FFFFF759FF174B002D14BF04
:1008500028461846FDF766FF0546E8B9FFF730F968
:10086000FDF752FF09F010F8FDF7A8FF18B9B821FD
:100870001120FFF7ABFF002C0CDB04F01F02640912
:100880000123A400934004F1604404F56144C4F8DA
:1008900080312360012333702846F8BD4FF0FF35C7
:1008A000FAE700BF08100021D2350301074B93F986
:1008B0000830002B09DB5A09012103F01F0399407E
:1008C00002F14003024A42F8231070470810002149
:1008D00000E100E0014B1878704700BF08100021CC
:1008E000F0B5284D83B0284C284F2E780136F6B24B
:1008F000D5E84F3F0133DBB2C5E8423F002AF7D1CC
:1009000001236360C4F80021C4F80421EFF31082CE
:1009100072B6C4F80405236052B962B608E0D4F890
:1009200004314BB92B789E4206D13B69DB0613D4C8
:10093000D4F80031002BF2D0D4F80431002BD4D1FC
:100940002A78B242D1D10322C4F80031C4F804316C
:10095000C4F8082303B0F0BD0D4B03214FF400523F
:10096000C4F80413C3F88021D4F80031002BDFD180
:10097000D4F80431002BDBD1019009F00AF801987A
:10098000D6E700BF1110002100D0004100ED00E0CB
:1009900000E100E070B51446DA078CB01D468646CB
:1009A0008C4633D5C3686E4642681BBA12BA0093B0
:1009B000CB6802921BBA4A68049312BA8368069203
:1009C0001BBA019303681BBA03938B681BBA059388
:1009D0000B681BBA07933046FFF782FFAB070DD5B4
:1009E000DDE90A10DDE9083200BA09BA12BA1BBA09
:1009F00020606160A260E3600CB070BD08AD0FCDF7
:100A000020606160A260E3600CB070BDDEF804108D
:100A10006E46DEF80820DEF80C30EE460068AEE8E0
:100A20000F00DCF80000DCF80410DCF80820DCF82B
:100A30000C30AEE80F00CEE710B5002482B0CDE94F
:100A40000044FFF7A7FF02B010BD00BF1A4B4FF4E0
:100A5000803270B5C3F88020BFF34F8FBFF36F8F24
:100A6000164C0021164DC4F80011C3F880212E69E0
:100A70002B6906F0100643F010032B610123C4F824
:100A800004332360D4F800319BB11EB92B6923F0E5
:100A900010032B610123D4F808054FF48032636002
:100AA000C4F808330023C4F80031034BC3F8802195
:100AB00070BD08F06EFFE5E700E100E000000141D5
:100AC00000ED00E038B50B49042301EBC3021579B2
:100AD00005F0FF042DB1013BF7D240216920FFF75B
:100AE00075FE41F8330001215471D8B2947111712F
:100AF00038BD00BF14100021042808B503D94721D0
:100B00006920FFF763FE034B002203EBC0031A7159
:100B100008BD00BF14100021042808B503D95021D6
:100B20006920FFF753FE094B03EBC0000379012B4B
:100B300001D05121F4E7437982790133DBB29A4243
:100B400018BF4371BDE80840FFF7B0BE1410002184
:100B500038B505240F4D95F8281005EBC1031A7917
:100B6000012A09D158799A79904205D05A79D2B29E
:100B70009A7155F83130984795F82830013C013387
:100B8000DBB2052B28BF002314F0FF0485F82830C2
:100B9000E1D138BD14100021914270B53ED2B2FAB5
:100BA00082F33BB1C3F1200499409A4020FA04F447
:100BB00098402143160C1FFA82FE030C85B2B1FB4C
:100BC000F6FC06FB1C14240404EB10400CFB0EF492
:100BD000844206D9241A944294BF01240224ACEB27
:100BE000040C03EB01430CFB12334FEA0C4CB3FB38
:100BF000F6F006FB103300FB0EFE05EB0345AE4599
:100C000009D9AEEB050E964594BF4FF0010E4FF09B
:100C1000020EA0EB0E0040EA0C0070BD732196207E
:100C2000FFF7D4FD70B5044616461D46FFF7B4FF26
:100C3000049B00FB164428601C6070BD38B50B1E79
:100C40008446964618DB002A06DB0124FFF7A4FF42
:100C500000281DDBE4B138BD01250024CEF1000ED3
:100C6000724660461946FFF797FFB0F1004FEFD884
:100C7000002DEDD0404238BDD0F1000C63EB4303B2
:100C8000002A02DB00240125EAE700250124E5E72C
:100C900099219620FFF79AFD2DE9F8431C4652EA68
:100CA000040346D0804615460E4684B9914204D2CC
:100CB000FFF772FF2146BDE8F88321463046FFF773
:100CC0006BFF04462A46404604FB1561F0E7012706
:100CD000B4FA84F907FA09F2F840A2FB05C340EA26
:100CE000C170F94002FB0432FFF756FFC9F11F0340
:100CF0004FF0000C30FA03F308D138461946A845E6
:100D0000A641D8D218466146BDE8F8835A1E61460E
:100D100018466CEB0C0C134605FB0CF702FB047732
:100D2000A5FB022EB8EB02027744904666EB07065D
:100D3000E5E7A6219620FFF749FD00BF2DE9F84F12
:100D40001D4652EA0503DDE90A8775D0814614463F
:100D50000E4655BB914219D329463046FFF71CFF7A
:100D60008246224648460AFB04F5711BFFF714FF32
:100D7000A4FB00C452462B19B9EB0C0C66EB030321
:100D8000C8E90002C7E900C3BDE8F88FFFF704FF18
:100D9000A4FB00C32A46B9EB0C0C66EB0303C8E9BD
:100DA0000002C7E900C3BDE8F88F4FF0010AB5FAA9
:100DB00085FB0AFA0BF320FA0AF0CBF11F0BA3FB19
:100DC00002C240EAC17021FA0AF103FB0522FFF7D3
:100DD000E3FE30FA0BF04FF000021AD15146CC4638
:100DE00033468646A44573EB050AC9D304FB0EF3CC
:100DF0007246A4FB014001FB0533B9EB040C03442C
:100E0000084666EB0303C8E90002C7E900C3BDE872
:100E1000F88F10F1FF3C9646014662EB02026046F5
:100E200004FB02F30CFB0533A4FB0CCA5344B9EBDF
:100E30000C0C66EB0303D5E7A6219620FFF7C6FC52
:100E40008AB1013A16D000EB020C10B501E0604502
:100E50000BD08E46044611F8012B10F8013B93424B
:100E6000F5D0981A10BD1046704763789EF801209F
:100E7000981A10BD03780A78981A7047431A93425B
:100E800028D382B370B5541E052C2DD95C1E844620
:100E90000B46022C28D922F0030596084C1953F86A
:100EA00004EBA3424CF804EBF9D1AA4200EB050C89
:100EB000A2EB05040DD011F82620012C00F8262005
:100EC00007D05A78022C8CF8012002D09B788CF83D
:100ED000023070BD8B18024413F801CD994202F81C
:100EE00001CDF9D17047704701390244034611F82A
:100EF000014F03F8014B9342F9D170BD10F0030F7D
:100F0000C9B2034607D0BAB303F8011B13F0030FAD
:100F100002F1FF32F7D170B5032A01EB012404EB93
:100F200004441ED9161FB508032E05F1010521D969
:100F30004FEA550E9C4603EBCE0ECCE900440CF173
:100F4000080CF445F9D115F0010F04D025F0010586
:100F500003EB85052C6026F00306043302F0030240
:100F6000334432B1012A197003D0022A597018BFD4
:100F7000997070BD1D46EDE7704700BF10F0030F7C
:100F8000C9B2034607D0CAB303F8011B13F0030F1D
:100F900002F1FF32F7D170B5032A01EB012404EB13
:100FA000044420D9161FB508032E05F1010523D9E5
:100FB0004FEA550E9C4603EBCE0ECCE900440CF1F3
:100FC000080CE645F9D115F0010F06D025F0010512
:100FD000C5EB8575A3EB85052C6026F0030604336D
:100FE00002F00302334432B1012A197003D0022AFD
:100FF000597018BF997070BD1D46EDE7704700BF6E
:10100000094B0A4AC3F880210132C3F88421013216
:10101000C3F88C210132C3F890210132C3F8EC21CE
:101020000132C3F890207047008000410400008026
:10103000074B0022C3F88021C3F88421C3F88C2118
:10104000C3F89021C3F8EC21C3F89020704700BF8B
:1010500000800041844641EA000313F0030359D1A4
:10106000403A33D3F0B4F0C9F0C0F0C9F0C0F0C9D1
:10107000F0C0F0C9F0C0403AF5D2F0BC26E0403AEA
:1010800024D300BF0B6803604B6843608B688360A8
:10109000CB68C3600B6903614B6943618B698361F2
:1010A000CB69C3610B6A03624B6A43628B6A8362DA
:1010B000CB6AC3620B6B03634B6B43638B6B8363C2
:1010C000CB6BC36340304031403ADBD230320BD37C
:1010D0000B6803604B6843608B688360CB68C360B8
:1010E00010301031103AF3D20C3205D351F8043BD2
:1010F00040F8043B043AF9D2043208D0D2071CBFAE
:1011000011F8013B00F8013B01D30B8803806046D6
:10111000704700BF082A13D38B07B0D010F0030329
:10112000ADD0C3F10403D21ADB071CBF11F8013B99
:1011300000F8013BA3D331F8023B20F8023B9EE7C5
:10114000043AD9D3013A11F8013B00F8013BF9D236
:101150000B7803704B7843708B78837060467047D0
:10116000014B1B681B68184710010021014B1B68CD
:101170005B68184710010021014B1B689B681847EA
:1011800010010021014B1B681B6918471001002149
:10119000034B1868034BC01A18BF0120704700BFEB
:1011A00010010021A811020199990201A5990201DB
:1011B000A9990201B1990201B599020108B5DFF7B9
:1011C00071FCEEF731FDDFF7F3F9002008BD03F005
:1011D000B8B803F0B9B803F0BAB803F0BAB802F07F
:1011E00056B902F05CB903F0A0B803460222002011
:1011F00027211A70032258709A709A717D22D87034
:10120000DA71532218711A72042259715A726FF0EE
:1012100072029A726FF00102DA72704701F0A7BB96
:1012200070B50446FAF730FB012805461AD1601C58
:10123000FAF732FBB0B1A3790020E61D63F03F035B
:10124000A371EEF743FF38B1102200213046FFF7BB
:1012500055FE0020257070BD3046FAF735FB00289A
:10126000F2D0F6E70025F4E710B50446102200217D
:10127000FFF744FE04F11003102200211846FFF787
:101280003DFEFAF73FFB0020EEF720FF20B120469D
:10129000FAF71AFB002010BDFAF7F6FA0028F6D08C
:1012A000F8E710B50446FFF7D1FBB0F5007F09DA87
:1012B00010F5007F08DD031EB8BF03339B1000202C
:1012C000237010BD7F23FAE76FF07E03F7E7817884
:1012D000008802F0EFB90078003818BF012001F053
:1012E00023BB37B505460C4600880DF1060101F019
:1012F00016FC2B882380BDF80630638003B030BD18
:101300000068F9F7A9BB0068E8F72EB8006808B5CF
:10131000E8F792FA002008BD0078003818BF0120D5
:1013200001F0F8BB38B505460C46DFF7CFFB30B10E
:101330003E2D04D12046BDE83840DFF70BBC38BD58
:1013400037B504462046EFF763FC022805460FD068
:1013500004280DD12378092B0DD0262B21D020462F
:1013600000F03AF8A1782078FFF7DCFF0028E9D0F8
:10137000284603B030BD05213E20FFF7D3FF0028EB
:10138000EDD1E37801A92279684643EA0223ADF85A
:10139000003002F00DF90028D4D053210820DFF7E7
:1013A000CBF81A213E20FFF7BDFF0028D7D1637983
:1013B0006946A27901A843EA0223ADF8043011235B
:1013C0008DF80630EDF750FF0028BBD06621E5E729
:1013D00004F0B3BAFCF7F2BB10B503780446342B23
:1013E00039D8D3B3013B332B37D8DFE813F04800AB
:1013F0004C005000B70036007F0085008B00910044
:1014000097009B009D00AD00B300390036005500E9
:1014100036005900A100A700C100C700BB0036007C
:10142000CD003600DB00F500FB00010136000701AE
:101430001201180136001C012A0152013001440139
:101440004C0136013E01700176017C018201580198
:101450005E016A016401FF2B47D04FF4ED7108E093
:101460000E23B0F80320037042F283039A4203D0A4
:101470003221C720DFF760F80623637035E00C23C4
:1014800003700823F9E71A2303700123F5E73E23CD
:1014900003700223A37028E03E2303700B23F9E7B7
:1014A0002920DFF757FB28B13E23237022236370E6
:1014B0002923EFE70A20DFF74DFB3E23237018B105
:1014C0001F2363700A23E5E70123A3701F236370C2
:1014D000E37903F00103E371D4F81A30C4F80E3055
:1014E000E38B638294F82030237510BD3E23037094
:1014F000042343701423CDE73E2303700C23437071
:101500000423C7E73E2303700A2343700323C1E784
:101510003E2303700D2343700523BBE7052323708F
:101520000423AAE70823FAE7302303700323A4E780
:101530003E2303700B2343700723ABE73E23037066
:10154000062343700C23A5E71323037083789B00C5
:10155000013392E75723037002238EE73E23037083
:101560000D2397E73E23037001234370112391E776
:101570003E2303700623437012238BE73E23037040
:1015800009234370132385E73E2303702420DFF7EC
:10159000E1FA18B12423A37014236EE70E23A3707D
:1015A00010236AE73E2303702520DFF7D3FA227B5E
:1015B00020B125230B32A370627096E70F2304F14C
:1015C0000B0104F10800A37002F1080302326370FA
:1015D000BDE81040FFF752BC3E2303700323437065
:1015E000102357E73E23037005234370202351E760
:1015F0003E2303700923437021234BE73E230370EE
:101600002620DFF7A7FA18230028C4D02622A270CC
:1016100033E73E2303700423437027233AE73E2336
:101620000370282336E73E2303702A20DFF792FA5F
:1016300018B12B2363702A232CE71D236370192311
:1016400028E73E230370072343701A2322E73E2333
:1016500003701423437022231CE73E230370037C92
:101660005B000F3343701D2314E73E2303700323F5
:1016700043701E230EE73E230370037D5B0013338C
:1016800043701B2306E73E230370032343701C2390
:1016900000E73E230370052343701F23FAE6FF2370
:1016A00003700B234370A223F4E6FF23037005238A
:1016B0004370A323EEE6FF2303700D2343708023C2
:1016C000E8E6FF230370292343708123E2E63E23EB
:1016D00003700C2343702323DCE63E2303700E23A8
:1016E00043703723D6E63E2303700A234370352325
:1016F000D0E63E230370FE2343702B23CAE608B5D1
:1017000010B96FF0150008BDFFF762FE0028F8D091
:101710000020F8E708B528B1FFF75CFE12280ED8C4
:10172000102802D96FF0150008BD02280ED00C2831
:101730000CD0002814BF6FF00D000020F4E74628FD
:1017400014BF6FF00D006FF02200EDE74FF0FF3097
:10175000EAE710B50C4648B141B1FFF7F1FD0028AA
:1017600020700CBF6FF02200002010BD6FF015003C
:10177000FBE7F8B5941C0E46054617460C44634338
:10178000B3F5004FA8BF4FF0FF3310F003019CB238
:1017900003D0B0211420DEF7CFFEB4F5004F01D9FD
:1017A000B121F7E714220430FFF7A8FBEF746C8037
:1017B0002E80F8BD0188C27C438810B48C1C144470
:1017C000A4B2B3FBF4F310BCDBB2FFF7D2BF38B561
:1017D0000388C4888B420589C4F30E0203D2D12149
:1017E0001420DEF7A9FE84EA0503C3F30E030BB948
:1017F000AC4206D102F118030122C152827418448E
:1018000038BD1846FCE7023101444A43B2F5004FA7
:10181000A8BF4FF0FF3290B21B3020F00300B0F5AC
:10182000004F34BF00B24FF0FF30704740881B308C
:1018300020F00300B0F5004F34BF00B24FF0FF308E
:1018400080B2704738B503888B4203D2F721142049
:10185000DEF772FE857C65B1C388C3F30E031833CF
:10186000C25A8A4207D3C152811DDFF787F900238C
:101870008374284638BD0025FBE703461830F0B5D1
:101880009E88DD88B4B2C6F30E06A54214D05F89E7
:10189000DD7C845B3D44E41B0235A4B2354428441E
:1018A0000D88A54284BF0C8025465989B1FA81F183
:1018B00049091170DD81F0BD00252846FAE7F8B529
:1018C00082880026C38904460D4692B20E60CBB1D1
:1018D0004189C2F30E020B4418329BB28718825A18
:1018E0004381934204D94FF4A2711420DEF724FE01
:1018F00004D1011DDFF742F946812F60002301204A
:10190000E381F8BD1846FCE78388014602899BB253
:101910009A4202D00831DFF731B970478388C08816
:101920009BB2C31A5842584170470189C288C1F31B
:101930000E0310B5C2F30E044A4001881204A3EB53
:10194000040301F102015CBF42889B18C27C0A4477
:1019500092B293FBF2F080B210BD828873B595B25B
:10196000C488C2F30E02AC4202F1180212D04189BF
:10197000C689835A314499420EDB0DF10601ADF858
:101980000650DFF7FBF8BDF80600001B18BF01206A
:1019900002B070BD0020FBE70120F9E770B5C488F4
:1019A000034606891830C4F30E0584EA0602C2F322
:1019B0000E020AB9B4420FD19C891A880CB1465B59
:1019C000921B914207DCDA7C2C4402322244104400
:1019D0000A461A8270BD00221046FAE7F8B5038A5B
:1019E000002B38D08B4236D3C48800F11803858988
:1019F000C4F30E041E1995B91D55757085891E5BBB
:101A00000D443144ADB285811953D2B1811DDFF748
:101A1000B5F800238381002303820120F8BD1E5BFB
:101A2000AE4204D04FF4F6711420DEF785FDC57C7C
:101A30002644878A023535445E195F53857DB5702B
:101A4000DCE7C27C254402322A4499189B5A8382DF
:101A50008B788375DFE70020E0E78388C2889BB23C
:101A60009A4206D0428922B9C3F30E0318331844B0
:101A7000704700207047C37C0233C8187047C37C8E
:101A80000233C81A70470230704738B58388C2885D
:101A90009BB29A4207D045892DB9011DDFF76EF838
:101AA000C581012038BD0020FCE703881380C3886E
:101AB000C3F30E031833034480890B607047036837
:101AC000002223B9C0E90132031D03607047596841
:101AD0001B680A44F5E70729034670B504D84FF49C
:101AE000EC711520DEF728FD0068C0B14468064699
:101AF0001A688C4210D0106860B901F10805AC4238
:101B00000DD3546850501868651A54180068656001
:101B1000505002E01346E9E7146830461C6070BD7F
:101B20000023C1E9003203680B600160704730B5E3
:101B300090B18478B1FBF4F304FB131300EB430280
:101B400052898A4201D1D8B230BDC27822B900F19F
:101B50000803D0B2844201D8FF20F5E733F8025FD2
:101B600001328D42F5D1EFE78278038805324B438D
:101B700003EB420318447047002307B5CDE9003357
:101B80008DF806006846DFF7E3F9B0FA80F0400907
:101B900003B05DF804FB37B500240546CDE90044E9
:101BA0008DF806006846DFF7D3F922460134002895
:101BB000F8D02846DFF714F9801AC0B203B030BD60
:101BC00037B500240546CDE900448DF80600684687
:101BD000ADF80440DFF7BCF9BDF8044008B103B02C
:101BE00030BD29462046DFF78FF90028EFD040F2BC
:101BF00035211720DEF7A0FC70B51E460D460921E1
:101C0000FFF701FE0446324609212846FFF7FBFD97
:101C100040EA04031B0454BF00194FF0FF3070BDAD
:101C2000D31D23F0070370B5083390B110F00704FB
:101C300003D058212220DEF77FFC04604FF6FF75A9
:101C4000C28000F108040A468180013A92B2AA4299
:101C500003D103FB01F0083070BD06682660046004
:101C60001C44F2E718B1C2888188FFF7D9BF7047DA
:101C70000346EFF3108272B6006830B10168196054
:101C80000023037043708370C37002B962B670475B
:101C9000EFF3108372B602680A60016003B962B69E
:101CA0007047EFF3108372B6006818B1006800380F
:101CB00018BF012003B962B6704701230370704753
:101CC000F8B50C46054611461E4684F00104640032
:101CD000E4B2FF23837003191B7D012B05D001346F
:101CE000E4B203191B7D012B0AD105EB44073B8BA2
:101CF0003A8C9819904205DD00232C443B832375D0
:101D00000020F8BD05EB8404324660681844FFF7F4
:101D1000A1F93B8B1E443E830023AB700120F0E70A
:101D200081F00101490010B5C9B2FF238370431847
:101D30001C7D012C07D10C3120F8112002221A75CC
:101D40000023837010BD0131C9B243181C7D012CE2
:101D5000F1D04FF499710920DEF7EEFB024630B561
:101D6000837803F0FF00F3B9137D022B19D0537D64
:101D7000022B15D10346012089B10024D5180C335C
:101D80002C7522F81340131803241C7502EB8003F2
:101D90005B680B6000F10C0332F813308B8001207C
:101DA00030BD0123E8E70020FAE7034630B582782A
:101DB00002F0FF00E2B99A7D022A17D0DC7D022CE6
:101DC00013D1032281B11D1900200C34287523F88A
:101DD000140098180324047503EB82000C32406849
:101DE00033F8123008608B80012030BD0324E9E70E
:101DF0000020FAE7037D012B01D1008B7047437D62
:101E0000012B0CBF408B00207047837D012B01D13B
:101E1000808B7047C37D012B0CBFC08B00207047A7
:101E2000038B23B9408B003818BF01207047012075
:101E30007047838B23B9C08B003818BF01207047CF
:101E400001207047027D022A01D1008B7047437D3B
:101E5000022B01D1408B7047032AF6D0032BF9D017
:101E600000207047827D022A01D1808B7047C37D9C
:101E7000022B01D1C08B7047032AF6D0032BF9D077
:101E80000020704708B5DFF7F5F920B1037823F09B
:101E900001030370012008BD08B5DFF7EBF9003836
:101EA00018BF012008BD10B5044601F11B02002037
:101EB0000121FFF7B5FE083C0838B4FBF0F080B212
:101EC00010BD2DE9F0410646069898460D46430799
:101ED00011469DF81C7002D010F0030003D025219C
:101EE0004C20DEF729FB4FF48B72FFF799FE002F91
:101EF00006AB044600FB08F114BF00201846DEF7CD
:101F00005FFE17B9069B33602C60BDE8F0812DE9B8
:101F1000F041064615460F46C9B111463846FFF74F
:101F2000DAFD044698B1314606F11B082846FFF752
:101F3000BAFF0646014642460020FFF771FE0EB189
:101F4000854208D22A4621463846FFF7E9FD00249B
:101F50002046BDE8F081424631462046FFF760FE4C
:101F6000F6E7DFF783BA00EA400000EA400000EA43
:101F7000400000EA400000EA400000EA4000B0FAF9
:101F800080F04009704708B5034610468B4209D0DF
:101F90003AB183EA010003F062FE01288CBF002001
:101FA000012008BD0120FCE737B5002304460D469B
:101FB000CDE900336846DEF7CBFF30B10023CDE931
:101FC000003302238DF8063012E0009B2A4620469B
:101FD000196AFFF7D8FF0028ECD0012003B030BD0C
:101FE000009B2A462046196AFFF7CDFF0028F4D14E
:101FF0006846DEF7ADFF0028F2D00023CDE90033BC
:1020000004238DF8063007E0009B2A462046196815
:10201000FFF7B9FF0028E0D16846DEF799FF0028F6
:10202000F2D00023CDE9003305238DF8063007E018
:10203000009B2A4620461968FFF7A5FF0028CCD14F
:102040006846DEF785FF0028F2D00023CDE9003393
:1020500009238DF8063008E0009B2A462046D3F875
:10206000BC11FFF790FF0028B7D16846DEF770FF7C
:102070000028F1D00023CDE900330B238DF8063082
:1020800008E0009B2A462046D3F8E410FFF77BFFC8
:102090000028A2D16846DEF75BFF0028F1D00022BD
:1020A0004FF44023CDE900236846DEF751FF58B1D5
:1020B0000023CDE900330A238DF806306846DEF7A9
:1020C00047FF58B1002089E7009B2A462046D3F8F5
:1020D000E410FFF758FF0028E6D07EE7009B2A4671
:1020E0002046D3F83C11FFF74EFF0028E6D075E7F5
:1020F00038B52325EEF79AFF0446EAF7E5FA20B152
:1021000001212046FFF750FF30B1013DF2D140F2EE
:102110003A210F20DEF710FA204638BD70B523268D
:102120000025EEF783FF0446EAF7CEFA20B100213E
:102130002046FFF739FF50B10020013E01D00028B2
:10214000EFD04DB940F215210F20DEF7F5F920460A
:102150002546EAF7EFFAF0E7284670BD01EB81016A
:10216000C1EBC10189B230B501F12A0411F0010FB0
:1021700004F07F020CBF00254FF47C4514F0020FE1
:102180004FEA820304F030044FEA520208BF0021F4
:1021900003F4807318BF4FF4207102F0060213435A
:1021A00023432B430B4380EA034030BD00F0FD0086
:1021B000003818BF012070478207034607D410F08B
:1021C000010005D1C3F380039B00D8B27047022001
:1021D00070474207034607D410F0010005D1C3F34E
:1021E00040035B00D8B27047042070476FF450631F
:1021F000C318062B8EBF40F2E243A0F550604FF4A7
:102200007A735843704770B5B0F801500346AAB2CC
:10221000B2F5FA7F2CD2B0F8034043F6F670A4F181
:102220000A0292B2824223D85A791F2A20D812F089
:1022300008001DD102F01706172E17D01B78032BAC
:1022400016D8002B14BF012600268E730DD042F243
:1022500010768A720D8174434C605C1E18BF012495
:102260000C73DC1E634263414B7370BD0C20FCE7B2
:102270001220FAE710B5044638B1EDF743FD24EA21
:102280000000B0FA80F0400910BD0120FCE713B552
:1022900001210020DEF722FE044688B9012108460C
:1022A000DEF71CFE0446C0B90023CDE9003303234A
:1022B0008DF806306846DEF74BFEC8B100200AE014
:1022C000A830E4F751FC0028E8D02046E3F71CF9D9
:1022D0000028E3D0012002B010BDA830E4F744FC90
:1022E0000028E1D02046E3F70FF90028DCD0F1E721
:1022F000009C204604F0B8FD0028DBD0204604F006
:10230000AEFF0028D6D0E5E7002307B5CDE90033BE
:1023100003238DF806306846DEF71AFE08B1002068
:1023200004E0009804F0A0FD0028F4D003B05DF8AC
:1023300004FB13B501210020DEF7D0FDC0B9012157
:102340000846DEF7CBFDF8B9FFF7DEFFA0B906239C
:102350006C46019000908DF806302046DEF7F8FDBF
:10236000C0B100230093636007238DF806301FE09F
:10237000A830E4F7F9FB10B1012002B010BDE3F77B
:10238000B5F90028DBD0F7E7A830E4F7EDFB00282B
:10239000DAD0F1E70098403004F0CBFA0028DCD026
:1023A000EAE7009B586F503004F0C3FA0028E4D1EC
:1023B0002046DEF7CDFD0028F3D00020DDE71FB575
:1023C000002240F6881303A90092FBF7F3FD05B045
:1023D0005DF804FB38B540F2E2450C46B0F8031056
:1023E000B0F801002A4669436843F0F719F8A4F8E9
:1023F0005C50A06538BD70B505460C4604F034FD50
:10240000F0B9284604F07DFED0B904212046DEF75D
:1024100065FD064678B906212046DEF75FFD0546D4
:1024200080B903212046DEF76FFD88B141F6A42173
:102430003920DEF781F8403004F07BFA0028EAD03A
:102440000C2010E0403004F074FA0028E9D0F7E7DF
:102450003EB104212046DEF757FD10B141F6AB2115
:10246000E6E70DB9002070BD06212046DEF74CFDE1
:102470000028F7D041F6B221DAE730B5044685B03E
:10248000807A0D46FFF7A5FE0146E07AFFF7A1FE30
:1024900022890346E0889624D2B20095C0B2CDE9E5
:1024A0000144E7F7E3F905B030BD1FB5B0F8B63128
:1024B0000293B0F8B431CDE9001390F8B030827FC8
:1024C00090F8901190F8C600E7F7D0F905B05DF8E4
:1024D00004FB38B504460D46EDF70AFC830001D431
:1024E0000C2038BD20460921DEF7F8FC044648B12F
:1024F000E6F7E2FA0028F3D02A462146BDE8384044
:10250000E9F70EBA0220ECE703880B80817898B2D5
:10251000FFF7DFBFF0B585B00C460646154603A9A8
:102520009DF83870E6F732F918B9039BDA7B12B9D7
:10253000112005B0F0BD93F820309BB90398838932
:10254000032B01D8002FF3D10D9B80F84870068033
:102550000C99C0E9055400930194DDE90A2307F0C2
:1025600008F9E6E70C20E4E708B5CB1E012B04D8F8
:10257000800100F5347080B208BD012902D10A3013
:10258000C000F8E7022902D10B308000F3E740F2E7
:1025900045210620DDF7D0FF08B5CB1E012B04D85E
:1025A000800100F5347080B208BD012902D10A30E3
:1025B000C000F8E7022902D10B308000F3E740F2B7
:1025C00045210620DDF7B8FF08B5CB1E012B04D846
:1025D000800100F5347080B208BD012902D10A30B3
:1025E000C000F8E7022902D10B308000F3E740F287
:1025F00045210620DDF7A0FF38B50D460446DEF77D
:10260000B9FDA84212D3204604F07BFE08B11F2D6D
:102610000ED8204604F0CCFD60B12946204604F0D7
:1026200000FE00280CBF4520002038BD0720FCE735
:102630001220FAE74220F8E738B5044604F0B8FD66
:10264000D0B1204604F010FC08B9002038BD204667
:1026500004F023FB0546204604F022FB70B9002D50
:10266000F3D002212888DEF74FFC0028EDD041F698
:10267000B2413920DDF760FF4220E7E70C20E5E7B3
:1026800010B50446FFF740FE58B901210020DEF7DF
:1026900025FCD0B901210846DEF720FCD8B901207D
:1026A00009E0EDF7E7FA68B1EAF7CCFB044604F07D
:1026B0000DFE08B1002010BD204604F003FE0028E6
:1026C000E3D0F7E7002CE0D1F4E7A830E4F74CFAC8
:1026D0000028DFD0EEE7A830E4F746FA80F00100EA
:1026E000C0B2E8E7037843B1406890F8D23123B133
:1026F000002380F8D231F0F7A7BC704710B504462C
:10270000EFF7B2FB2070002010BD10B5FFF7BFFD42
:10271000044630B9EFF7A2FB2046EDF74BFE20460A
:1027200010BD0C20FCE710B503780446012B01D93D
:10273000122010BDFFF7FDFD60B92078FFF736FDD0
:1027400001280DD004F11703E21D611CBDE8104003
:10275000EDF75ABEEDF7EAFE0028EED00C20E8E7D0
:10276000A37903F0C003C02BE2D1EBE710B50378E7
:102770000446012B0AD8FFF7DCFD48B9214611F8C1
:10278000010BFFF713FD02F05FFA38B9122010BDFC
:10279000EDF7CCFE0028F1D00C20F8E70020F6E79A
:1027A00010B50446FFF773FD90B92078012803D9CE
:1027B000FF2809D0122010BD611CFFF7F7FCEFF7CE
:1027C00059FB38B10020F6E70120EDF7F3FDF9E7FA
:1027D0000C20F0E70720EEE710B50446FFF757FDA1
:1027E00098B92378012B03D9FF2B0BD0122008E0D6
:1027F0001846611CFFF7DAFCEFF768FB0028F5D0FC
:10280000002010BDEDF7D6FDFAE70C20F9E708B57A
:102810000088EDF791FE00280CBF3020002008BD95
:1028200038B50546FFF785FD044638B928780038E5
:1028300018BF0120EDF774FE204638BD0C20FCE7E0
:1028400008B5FFF776FD18B9EDF75AFE002008BD70
:10285000EDF76CFE0028F7D00C20F8E70823037092
:1028600000207047102242F2A3030270C270592266
:10287000A0F801308280C38000207047082108B58D
:10288000DEF702F9002008BD73B5064600880C4645
:102890000880694680B202F0B3FA054640B9B378C1
:1028A0004BB9019B93F97C00A070F8F767FEA0700C
:1028B000284602B070BD7F20FFF781FDF4E710B518
:1028C00004466FF07F00FFF77AFDF8F757FE20709F
:1028D0007F20FFF774FDF8F751FE6070002010BDF7
:1028E00010B50446F8F78CFE00EB80035B002380F4
:1028F000F8F78CFE00EB800300205B00638010BDC6
:1029000010B50446EAF79EFA04F0D9FCF8F736FE53
:102910002070002010BD0A4600F1100108B5072301
:10292000FEF78AF8002008BD012138B505460846A3
:10293000DEF7D4FA20B940F6CD113920DDF7FCFDE1
:10294000A830E4F711F9044620B92846E5F766F9FE
:10295000204638BD0C20FCE710B501460446002097
:10296000EDF79AFB08B92060A080002010BD10B5DB
:102970000446EDF753F928B900202146EDF774FB22
:10298000002010BD0020FFF77BFE0028F4D10C20B2
:10299000F7E710B504460120FFF772FE28B10120C9
:1029A0002146EDF761FB002010BD0C20FCE737B598
:1029B00000880C460D46694624F8020B80B202F0EE
:1029C0001FFA70B9019B03F1970283F8CB001168DD
:1029D00021601179217193F8CB100029F5D103B052
:1029E00030BD0023C5F802302371F8E710B5044666
:1029F000FFF79FFC58B92078611CFFF7D7FBE279FD
:102A0000EDF722FF80F001004000C0B210BDEDF7ED
:102A10008DFD0028EFD00C20F8E773B500880D4637
:102A20000880694680B202F0EBF9044680B9019E45
:102A300086F8764096F87400EAF776F8A87096F86B
:102A40007500EAF771F8E87096F87630002BEFD150
:102A5000204602B070BD10B583880446022B10D802
:102A6000C078FFF707FC08B9112010BDA078FFF768
:102A700001FC0028F8D020460121BDE81040EAF70B
:102A8000FBB91220F1E737B58378C17803F0010470
:102A9000027903F0020351EA04051DD052EA03054E
:102AA0001AD0002C18BF0021002B037818BF002279
:102AB0008DF802108DF80320427843EA0223ADF826
:102AC000003043798279684643EA0223ADF8043046
:102AD000FFF7C1FF03B030BD1120FBE710B504467E
:102AE0000020EDF7C1F82046BDE81040EAF7B6BE79
:102AF00007B503788DF80030437868468DF80130CB
:102B00000023ADF80230ADF80430EAF7A7FE03B0B9
:102B10005DF804FB08B5F5F7A5FF002008BD13B567
:102B20000C46694602F06CF930B9019B9DF8002013
:102B3000B3F8863012B9238002B010BD0133FAE732
:102B40002DE9FF41044602A9008802F07EF90646FD
:102B500018B99DF8083023B11126304604B0BDE8FD
:102B6000F081039DA28865B1E9691046FFF73EFB3D
:102B7000884206D16B8E6089A189884203D91226CA
:102B8000EBE70123F7E70193284623890093E388C5
:102B90006188E9F74BFE804600283CD095F84A3220
:102BA00003F0FF06002B38D1A088FFF71FFB074674
:102BB00005F13C0002F082FF76308742CCD3A38837
:102BC0006FF450621344062B8ABF40F2E243642341
:102BD000B046BB42D3D2B8F1000F05D0B5F874109F
:102BE00040F2022291421AD1A5F83632C5F83C7261
:102BF000E279A37943EA0223A5F84032237A627A84
:102C000043EA0223A5F84232002385F84832FF2325
:102C100085F84A32A1E730269FE73A269DE70C2641
:102C20009BE713B5044602F034F800284DD0204647
:102C3000FF24EDF77FFE0023CDE900336846DEF781
:102C400087F948B300244FF44033CDE90043FF2413
:102C50006846DEF77DF918B300204FF48023FF2487
:102C6000CDE900036846DEF773F9E8B100214FF4BF
:102C7000C023FF24CDE900136846DEF769F9B8B137
:102C800000224FF42023CDE900236846DEF760F9E7
:102C900090B1002002B010BD009B83F82D42CDE71B
:102CA000009B83F88A40D3E7009B83F83440D9E740
:102CB000009B83F83440DFE7009B93F83820032A19
:102CC000E3D1FF2283F82220DFE71220E2E707B5F5
:102CD0000088694602F0B9F830B9019B93F83321B6
:102CE00012B9FF2283F8332103B05DF804FB10B55D
:102CF0000446ECF7FDFF20600020616010BD73B555
:102D000004466946008802F0A0F8064618B99DF806
:102D100000301BB10C26304602B070BD019D95F805
:102D20007A3203F0FF0633BB95F8E030DB0724D599
:102D3000D5F81C31002BEDD1D4F8023005F518720E
:102D4000C5F87032D4F80630C5F874326389A5F836
:102D5000783204F10C031C3453F8041BA34242F8EC
:102D6000041BF9D10C2105F51370DDF78DFEFF234F
:102D700085F87A32CFE73A26CDE71A26CBE730B589
:102D800089B0034600F118056A461868083353F8FD
:102D9000041C1446AB4203C42246F6D11868022331
:102DA00020606846ADF81C30FFF7A9FF04461E22DC
:102DB00000216846FEF7E2F8204609B030BDF0B5C4
:102DC000044689B000200E4604F11807ECF74CFFCA
:102DD00023466A461868083353F8041C1546BB425C
:102DE00003C52A46F6D119889B782980AB70002349
:102DF0008DF81B308DF81C30637E042B10D8A37E19
:102E0000042B0DD8237D022B0AD0637803F018031E
:102E1000082B05D031466846EBF7E4F809B0F0BD61
:102E20001220FBE7F0B5044689B000200E4604F1FD
:102E30001807ECF719FF23466A461868083353F859
:102E4000041C1546BB4203C52A46F6D11B782B70DD
:102E500000238DF81930ADF81A308DF81C30237D21
:102E6000022B0AD0637803F01803082B05D03146F3
:102E70006846EBF7B7F809B0F0BD1220FBE710B5D4
:102E8000032104460078DEF729F820B12178BDE857
:102E90001040FFF7B0BA422010BD13B50020002447
:102EA000ECF7E2FE0323CDE900448DF806306846D6
:102EB000DEF74EF810B1204602B010BDBDF8041088
:102EC0000098FFF798FA002818BF0C24EFE72DE9C7
:102ED000F7430646477803210078DDF7FFFF0446F5
:102EE000002852D004F00DFA042F054696F80390FE
:102EF00004D1B9F1000F4ED0122013E0E06CFEF7C0
:102F000079FFF37800EB09081FFA88F86BB92046BF
:102F100004F0B2F980450ED9204604F0F2F90028F9
:102F2000EAD1072003B0BDE8F083204604F0B6F9EB
:102F30000028ECD1E0E741462046FFF75DFB002882
:102F4000F0D1FB1E012B22D9B9F1000FD4D0002DF6
:102F5000D2D1012F04D10222E16C6846DEF722F9BA
:102F60004B4672680121E06CFEF7AAFE0028D8D01B
:102F7000023F012F07D8E06CFEF73CFF012102461B
:102F8000E06CFEF7CDFE0020CCE74220CAE785F0DA
:102F90000102D2B2E0E70028AED1204603F064FF80
:102FA0000028A9D0E06CFEF73BFF0028A4D0204603
:102FB00004F0D7F9E7E737B50446E9F743FF0546DC
:102FC00023781F2B18D8C16C04226846DEF7EAF874
:102FD00022460021E86C12F8013BFEF771FE68B151
:102FE000EC6C2046FEF711FF002102462046FEF75A
:102FF00097FE002003B030BD1220FBE70720F9E761
:103000002DE9F7430746467890F8039003210078AE
:10301000DDF764FF044600284FD0ECF72BFE30B1FB
:10302000204604F053F9002808BF4FF00009E06C77
:10303000FEF7EBFEFB7800EB09081FFA88F84BB9A6
:1030400041462046FFF7D8FA054650B1284603B05E
:10305000BDE8F083204604F039F90028F0D11225AC
:10306000F4E7042EFBD0032E0CD1204604F049F9DE
:1030700008BB012E14BF05220622E16C6846DEF76C
:1030800091F808E0B9F1000FE9D0204603F0ECFE1A
:10309000A8B9012EE9D04B467A680021E06CFEF712
:1030A0000FFE70B1023E012ED0D842460021E06CE6
:1030B000FEF736FECAE70422DFE74225C6E70C2505
:1030C000C4E70725C2E713B504460020ECF7CCFDA2
:1030D000E378FB2B13D82278043468468DF803304C
:1030E0008DF8002014F8022C8DF8022014F8032C1F
:1030F00001948DF80120FFF783FF02B010BD12206C
:10310000FBE710B504460020ECF7AEFDDEF732F821
:103110002080002010BD10B504460020ECF7A4FD6F
:103120000320DDF75DFE2070002010BD73B504465E
:103130000020ECF799FD63787BBB23783BBB0193C0
:103140006C46009303238DF806302046DDF700FF20
:10315000D0B90098FFF770FA0028F6D018E09E006A
:10316000032104EB83039878DDF7B8FEB8B1237828
:10317000012B0BD1B11C2144E9F7F6FF013538B919
:103180006278EBB29A42EAD8002001E013B1122033
:1031900002B070BDFFF750FAF0E70025F0E74220DB
:1031A000F6E72DE9FF41064603210078DDF796FE9C
:1031B0000746002800F0898004213078DDF78EFE74
:1031C000044668B906213078DDF788FE044618B950
:1031D0000C2004B0BDE8F08190F8E530002BF7D169
:1031E0007378042B17D104F1400003F0A2FB08B957
:1031F0001220EEE7A068FEF713FE0028F8D0B3789F
:10320000002BF5D17378033B012BF1D87378012B98
:103210000ED102220FE0B278002AF3D0033B012B3B
:10322000F4D904F1400003F084FB0028EED0CFE78E
:10323000032B04D10122A16802A8DDF7B3FF737844
:10324000042B3ED0B378F21C0121A068FEF738FDB4
:1032500000283CD0A068FEF7CDFDE28D804694F8B2
:10326000300094F834104FF6FF7301F0FF0581BB76
:103270009A4213D000280CBF23253B257B79414679
:1032800000952046D4F8982004F04AFD024658B92B
:10329000A0680121FEF744FD45209AE794F83530F7
:1032A000002B18BF0925E9E77B7923747378023B6B
:1032B000012B04D842460121A068FEF731FD002011
:1032C00087E7204604F03AFDF9E7422081E707202E
:1032D0007FE79A42CED10925D0E708B5E2F7DCF9BD
:1032E000002818BF0C2008BD38B505210546008808
:1032F000DDF7F4FD88B1503003F0FAFB044620B14D
:1033000042F2C4113920DDF717F905212888DDF7CD
:10331000FBFD18B142F2C511F4E74224204638BD46
:1033200010B50446E2F7E2F938B92146E27911F81E
:10333000010BBDE81040DDF7EDBF0C2010BD10B54E
:103340000446E2F7D3F950B92146E27911F8010BAE
:10335000FEF798FD00280CBF4220002010BD0C2075
:10336000FCE710B5E2F7C2F9044618B9DDF7B4FF7F
:10337000204610BD0C20FCE710B50446DDF7A6FF83
:103380002070002010BD10B5052104460088DDF72F
:10339000A5FD48B1A378C3F30003C374A378C3F3B6
:1033A00040030375002010BD4220FCE7038810B5E0
:1033B0000B80044605218088DDF790FD88B1072148
:1033C000A088DDF78BFD034620B190F83530003B37
:1033D00018BF0123A28861882088BDE81040E9F762
:1033E0001FBB422010BD038870B50B80044604212A
:1033F0000079DDF773FDA0B906212079DDF76EFDB8
:1034000088B190F8E5500235EDB2403003F091FA02
:1034100058B12B46227961882088BDE87040E9F7D1
:10342000FFBA0225F1E7422070BD0C20FCE710B581
:103430000446008808800F2180B2DDF74FFD014669
:1034400020B1A01CBDE81040FEF7DDBE022010BD7B
:1034500038B5032105460078DDF740FD0446A0B1EC
:1034600003F002FD28B92046691C03F0FDFE002090
:1034700038BD204603F02AFF08B10C20F8E72046AB
:1034800003F020FF0028EED0F7E74220F0E708B570
:103490001A20ECF7F5FBBDE80840F5F72FB808B5A2
:1034A0001A20ECF7EDFBBDE80840F3F737B807B595
:1034B0000088694601F0A4FC10B9684605F030F9AF
:1034C00003B05DF804FB37B50446E9F7BBFC0546DD
:1034D00023781F2B18D8C16C00226846DDF762FEE6
:1034E00022460121E86C12F8013BFEF7E9FB68B1C6
:1034F000EC6C2046FEF77EFC012102462046FEF7DA
:103500000FFC002003B030BD1220FBE70720F9E7D5
:1035100013B504460020ECF7A7FBE378FB2B13D888
:103520002278043468468DF803308DF8002014F8B2
:10353000022C8DF8022014F8032C01948DF8012040
:10354000FFF7C5FC02B010BD1220FBE773B50546BE
:103550000026E9F777FC04468DF8046003F0BEFE10
:103560002B78C0018DF80760012BADF8050005D15F
:1035700001A92046E9F7F8FD02B070BD2BB920463D
:1035800002B0BDE87040FFF757B81220F4E710B55D
:10359000044634F8020B0880022180B2DDF79EFC5D
:1035A00020B12146BDE8104004F00DB9022010BD45
:1035B000008808B50880022180B2DDF78FFC20B1B9
:1035C0000021BDE8084004F0FEB8022008BD37B570
:1035D000044600880D460880092180B2DDF77EFC94
:1035E00010B10C2003B030BD0B212088DDF776FC34
:1035F0000028F6D10C212088DDF770FC0028F0D1DE
:103600006946208801F0FCFB0028EBD1019BB3F850
:10361000BC306B80E6E737B5044600880880092196
:1036200080B2DDF75BFC10B10C2003B030BD0B2184
:103630002088DDF753FC0028F6D10C212088DDF727
:103640004DFC0028F0D163880BB91220EDE76946E4
:10365000208801F0D5FB0028E7D1658842F210727E
:10366000019BA9B2DC6951435A8E62439C8C04FBD6
:1036700002229142E9D3DA69DC699442FBD100224B
:10368000A3F8BC50C3F8B420621E0A44B2FBF4F2A3
:10369000C3F8B820C9E713B500880C46088069460E
:1036A00080B201F0ADFB18B9019B93F88B30A37089
:1036B00002B010BD10B50C460221DDF70FFC90B131
:1036C000022C12D804F00102C4F3400480F8D52182
:1036D00080F8D44112B190F8D2310BB9002010BD5E
:1036E000EFF7B2FCFAE70220F9E71220F7E710B58E
:1036F00004460078FF280AD00321DDF7EFFB58B11C
:103700006378A27843EA0223C384002010BDB4F892
:103710000100EFF7BBFDF8E74220F7E710B50446DC
:103720000078003818BF0120F3F756FD20780038E4
:1037300018BF0120EFF774FC002010BD10B504463F
:10374000ECF798FA50B1E9F77DFB6178C1F34002DC
:1037500001F0010103F009FE002010BD03212078D3
:10376000DDF7BCFB0028F0D14220F6E72DE9F74F4A
:1037700003780646013B1E2B03D9122003B0BDE897
:10378000F08FECF7B5FAC80701D40C20F6E73078D3
:103790000022D1B288420ED800273378FDB2AB4266
:1037A0001DD84FF00008C14633785FFA88FA5345B8
:1037B00044D80020E2E706EB8203B3F8015000236F
:1037C000DCB28C4205D006EB8304B4F80140AC4275
:1037D000D3D00133DCB2A042F2D80132D9E706EBF4
:1037E00085050021B5F80300DDF778FB044608B92C
:1037F0000220C3E724220021EDF7BEFB002840F0A1
:10380000DD800921B5F8010094F87A32DDF766FB16
:103810000028EDD0D4F87C32002BB6D1B0F8AC2122
:103820004FF6FF739A4240F0CB8094F8E3301907CB
:1038300002D4FF2384F833310137AEE706EB8A0A5E
:103840000921BAF80100DDF749FB08210446B0F868
:10385000AE01DDF743FB05460021BAF80300DDF7B2
:103860003DFB074625B942F6A2313920DCF764FE5C
:1038700010B942F6A331F8E70123204685F89030CD
:10388000E5F7E8F8EFF3108372B6D7F81C21C4F817
:10389000152204F21522C7F81C2103B962B6FF23D2
:1038A00087F88032388805F02EF800B394F890211C
:1038B000022A33D004D8012A08D0DC21B420D5E76D
:1038C000033A012AF9D800F11E0101E000F10A01D2
:1038D00094F8B020022A2AD023D8012AEDD100F191
:1038E0000A030A89DB88A4F8B621A4F8B43105F1EB
:1038F000200B584603F01DF800284AD1D5F89C301B
:10390000002B5FD06FF404721344D3F8112283F8B4
:10391000C8917AB16FF40473D318F6E700F114017B
:10392000D6E7033A012AC8D800F11E03D9E700F10F
:103930001403D6E701222846019384F8C82183F8AE
:10394000C421E7F703FC2846E7F7BEFDE8B1019B79
:103950006968D3F89C21B1FBF2F002FB1011A1B908
:1039600093F8C700DB7FD5F89410834201F23A2127
:1039700038BF0346013B02FB131101225846EEF704
:10398000F1FA48B142F62F416FE7296901F23A2175
:10399000F3E7012384F8C831FEF7AAFBBAF8033035
:1039A000C4F8BC0104F2192424F86D3C08F10108A4
:1039B000D7F87C322360C7F87C42F5E64520DDE687
:1039C0000B20DBE642F6E2314FE738B500784FF6E0
:1039D000FF750870E5F7D8FCA84204461DD0082101
:1039E000DDF77CFA20B942F654413920DCF7A4FD1A
:1039F000D0F89C304BB16FF404721344B3F8AC218F
:103A0000AA420CD1D3F81132F4E708212046DDF7A1
:103A10007BFA18B142F66241E7E7022038BD0C207C
:103A2000FCE700210088FEF754BD38B583780446D2
:103A3000012B07D80388292B34D005D8202B0BD095
:103A4000262B14D011202CE02F2B30D0492BF9D16C
:103A5000ECF754F9417807E0ECF74AF90546ECF742
:103A600047F9010F41EA557101F0010103E0ECF75C
:103A70003FF9C1F34011A378012B01D10029E1D016
:103A80000020FEF779F805460220FEF775F89DB98B
:103A900090B9A3782088012BC0B20AD1ECF7F0F8D6
:103AA000002038BDECF724F9C1F30021E3E7002141
:103AB000E1E7ECF7F9F8F3E70C20F2E707B5037854
:103AC000ADF80430437801A88DF80630FFF7ADFF5C
:103AD00003B05DF804FB038873B5064698B20C4644
:103AE0000B80B0F5706F2ED201A9E4F735FE694660
:103AF00005463088E4F74AFE80B9009BD3F8B82029
:103B0000C4F80220D3F8BC20C4F80620D3F8C020A3
:103B1000D3F8C430C4F80A20C4F80E3065B9019B4C
:103B2000DA6EC4F812201A6F5B6FC4F81620C4F85E
:103B30001A30002002B070BD022DFAD1831E584207
:103B400058414000F6E71220F4E7038813B5044615
:103B500098B20B80B0F5706F19D2A378022B16D8EB
:103B600001A9E4F7F9FD18B9019BDA7F12B9112018
:103B700002B010BD93F830305BB90198A178838B07
:103B8000032B01D80029F2D104F039FFF0E712200D
:103B9000EEE70C20ECE7038813B598B20C460B80D7
:103BA000B0F5706F13D201A9E4F7D6FD68B9019B97
:103BB00093F855306BB1019B9A6CC4F80220DA6C13
:103BC0001B6DC4F80620C4F80A3002B010BD1220E4
:103BD000FBE71120F9E710B50446F2F793FC40F239
:103BE0007123B0FBF3F02080002010BD02884BF25F
:103BF0003F5108B5531E9BB28B4206D840F271204C
:103C00005043F2F785FC002008BD1220FCE7038832
:103C100073B5054698B20B800023B0F5706F0C4663
:103C20008B70CB700B714B718B71CB710B724B72B4
:103C30008B72CB720B734B733AD26946E4F7A6FDD5
:103C400001A906462888E4F787FD054610B146B16C
:103C5000022027E02EB10023019A92B942F6A0512A
:103C600003E0009B23B942F696513920DCF764FC4F
:103C700093F85030F3B10098FAF756F98DB9012353
:103C8000EAE792F855207AB1019804F0B6FE019B5C
:103C90009A6CC4F80220DA6C1B6DC4F80620C4F8D4
:103CA0000A30002002B070BD002BFAD11120F9E7D4
:103CB0001220F7E7002DCED0F8E737B504460D46C1
:103CC000B0F8AE010821DDF709F920B942F6B55187
:103CD0003920DCF731FC65B194F8D83004F1BC012F
:103CE0000278003B18BF0123C97A59B90C2003B0F0
:103CF00030BD94F8303004F114010278003B18BF55
:103D00000123F1E7002BF1D132B15DB9204603B0B8
:103D1000BDE83040F9F7C6BC203002F00AFE0028AA
:103D2000F3D1E3E7D4E93323002104F1B800019390
:103D3000B3FBF2F3DBB2013B53430093D4E97A23A4
:103D4000FAF7B0F8D3E773B504460E4690F8F400DE
:103D50000A21DDF7C3F8054620B942F6EA513920B9
:103D6000DCF7EAFB90F83830032B03D186B90C203E
:103D700002B070BD022B09D1002EF8D194F830307A
:103D800004F11402003B18BF012307E0002EF5D018
:103D900094F82030221D003B18BF0123D27A002A5C
:103DA000E5D0002BE3D105F1C80002F0C2FD0028E8
:103DB000DDD09EB1B5F86C102046D4E905230193FF
:103DC000B3FBF2F3DBB201FB0333013B9BB2534382
:103DD0000093D5E90C23FAF765F8C9E7204602B04D
:103DE000BDE87040F9F75EBC38B504460D460AB927
:103DF00051B925E090F830300BB90C2038BD90F85F
:103E00005530002BF9D145B194F8D830002BF4D0BF
:103E100094F80831002BF0D1A2B10821B4F8AE011A
:103E2000DDF75CF820B942F65D613920DCF784FBF0
:103E3000203002F07EFD0146204604F036FE0DB92A
:103E40000020DBE704F1B800FAF76EF8F8E770B588
:103E500004460D4690F8F4000A211646DDF73EF8B8
:103E600020B942F66D613920DCF766FB0EB975B9F1
:103E70001FE094F830300BB90C2070BD94F8553029
:103E8000002BF9D190F83830022BF5D165B194F8B8
:103E90002030002BF0D094F85030002BECD190F86B
:103EA0003830032BE8D136B10121204604F0FDFD66
:103EB0000DB90020E1E72046FAF736F8F9E7038864
:103EC00070B5054698B20B80B0F5706F24D2AC780F
:103ED000631E022B20D8092104F00106C4F340041C
:103EE000DCF7FCFF28B122463146BDE87040FFF701
:103EF0007BBF0B212888DCF7F1FF28B12246314631
:103F0000BDE87040FFF7A3BF0C212888DCF7E6FF6F
:103F10000028F3D1022000E0122070BD0388F0B524
:103F2000044698B287B00B80B0F5706F5AD2A37870
:103F3000022B57D80C21DCF7D1FF002854D10921DE
:103F40002088DCF7CBFF06460B212088DCF7C6FF74
:103F500005463EB320B142F6E8613920DCF7ECFAC1
:103F60000821B6F8AE01DCF7B9FF10B942F6ED61F1
:103F7000F3E7D0E902230178002908BF1A46416817
:103F8000A3780493B1FBF2F3DBB2013B5343CDE9D9
:103F90000253D6E97A67CDE900672088FEF7BAFABE
:103FA00007B0F0BD10B30A2190F8F400DCF796FFDB
:103FB00010B942F60171D0E7D0F82011426EA37813
:103FC000B0F86C6004936D69B1FBF2F3DBB206FBF1
:103FD0000333013B9BB2A3FB0535CDE90263D0E976
:103FE0000C67D8E71220DBE70C20D9E70220D7E7DF
:103FF00013B500880C46088001A980B2E4F7C6FB1F
:1040000098B9019B93F820209989D2B279B172B105
:10401000D3E920210A430AD0B3F89020D3F888309E
:10402000628020726072A072636002B010BD0C20CA
:10403000FBE713B500880C46088001A980B2E4F7BD
:10404000A5FB60B9019B93F820209989D2B241B1B8
:104050003AB1B3F89020D3F888306280636002B040
:1040600010BD0C20FBE72DE9F043C37885B0044672
:10407000012B00F2F680037D1F2B00F2F280B0F8D6
:10408000153043F6F6720A3B9BB2934200F2E98088
:104090000378EF2B00F2E580B0F80130B3F5706FD4
:1040A00080F0DF80C07D431E1E2B00F2DA8004F119
:1040B000170100220B46154611F8012F561E1E2E21
:1040C00000F2CF80AA4240F2CC80163B1B1B9842E4
:1040D000F0DCF6F747FBFF2834D10521B4F80100E6
:1040E000DCF7FCFE0746002800F0BD80437E002B75
:1040F00040F0B980039302AD029300F10C060A234D
:104100008DF80E302846DCF723FF38B10C20FDF780
:1041100042FDE37D834219D90D2014E0029890F806
:104120003830022BEED190F8A020BB7A9A42E9D128
:1041300000F1A2013346FA7A90F8A10000F059FD8F
:104140000028DFD00C2005B0BDE8F0830A212078DC
:10415000DCF7C4FE0028F5D10A212078DCF782FEC6
:1041600005460028D8D004F033F8022342F210723A
:1041700085F83830B4F815305343C5F82C3123781E
:1041800085F83930E37D2344DB7D85F83B30237EA1
:1041900085F83C30237D85F83D30E378002B14BF53
:1041A0000123002385F85730BB7A85F8A030FB7ACD
:1041B00085F8A13097F8BA3085F83231FB68C5F838
:1041C000A2303B8AA5F8A6300AD0231D05F1400293
:1041D00004F1140153F8040B8B4242F8040BF9D19B
:1041E00005F1C80004F11909EDF7ACFE94F8178049
:1041F00008F1FF384FFA88F818F0800F07D02078C0
:10420000F6F7A6FAFF2387F8393000209BE70C2148
:104210000DF10600DCF7EEFD08F1FF38064620B987
:1042200043F20A013920DCF787F904F0E9F8304657
:1042300004F0F7FBBDF80630A6F8F23019F80820B4
:1042400086F8F02095F8572086F8EC202278338203
:1042500086F8F420D5F8983046F8F83FC5F898600D
:10426000CAE712206FE742206DE737B505460078B0
:1042700008700A21DCF732FE0446A8B390F8383003
:10428000022B33D1F6F76EFAFF2824D00023CDE9B4
:10429000003305238DF806306846DCF759FE30B947
:1042A000009B93F83920002AF6D083F83900FF20CC
:1042B000F6F74EFA04F1C80002F01AFC20B143F2FE
:1042C00043013920DCF738F944212046F6F750FA4B
:1042D000002003B030BD0A212878DCF715FE002845
:1042E000F6D043F24B01ECE74220F2E70C20F0E776
:1042F00010B50A2104460078DCF7F0FD034690B1C2
:1043000090F83820032A01D00C2010BD827E022AAA
:10431000FAD0827F02F0FF00002AF5D16278DA77C6
:10432000FF229A77F1E74220EFE70620EBF7A8BCDF
:1043300008B524210120ECF7F7FDBDE80840F4F7AB
:10434000EFB80820EBF79CBC0B20EBF799BC03F00F
:1043500031BC03F063BA08B5C3780246013BD8B25A
:10436000042801D9FE2806D11378042B03D1E2F7E3
:10437000BBFB002008BD1220FCE710B5044604B9C1
:1043800010BD236898476468F9E703680BB90160BA
:1043900070471A465B6813B18A42FAD170478A4265
:1043A00018BF5160704708B5F0F7B0FAEEF72CFE71
:1043B000BDE80840F0F792BA08B503F0D7FAE8F77D
:1043C000CFFFE0F751FEBDE80840EDF753BF08B559
:1043D000EDF748FFF2F7F8FEE8F7C2FFBDE8084046
:1043E000E0F79CBE08B5FE20E2F77EFBBDE8084082
:1043F000FFF7E2BF08B5F4F76FFABDE80840E8F749
:1044000009BD002307B5CDE9003305238DF806303B
:104410006846DCF79DFD28B103F070FD68B14FF4EC
:10442000F87107E00098503002F062FB0028EFD0EE
:1044300040F2ED119320DCF77FF80520FDF7C0FB7B
:10444000DCF74AFF03B05DF804FB08B5F4F792FD12
:10445000E0F7ACFEBDE80840E8F7ECBCF9F78EBB2E
:10446000002313B5CDE9003308238DF806306846E4
:10447000DCF76EFD58B10920FDF7A2FB0820FDF71F
:104480009FFBE4F737FF80B140F23B2107E0009C3F
:1044900004F1200002F02CFB20B140F22E219320E9
:1044A000DCF74AF8C4F89C00E1E702B010BD08B59B
:1044B000E4F718FFBDE80840EDF7D8B908B5E4F710
:1044C00011FFEDF7D3F9BDE80840EBF76DBA08B579
:1044D00003F075FEBDE80840F4F716BA08B503F01E
:1044E0006EFEF5F785FABDE80840F4F72DBD08B576
:1044F000EEF756FDF0F7E2F920B140F241119320BA
:10450000DCF71AF80320BDE80840FDF759BB08B5F1
:104510000220FDF755FB0020FDF752FBDCF7B4FD50
:10452000EBF75CFDDDF7F4FD20B140F221119320A3
:10453000DCF702F808BDFFF7EABF08B5FFF7D7FFC1
:10454000F1F78EF920B14FF4AB719320DBF7F4FF54
:1045500008BD08B5FFF746FF03F028FB20B140F285
:10456000A3119320DBF7E8FF08BD002307B5CDE9D1
:10457000003304238DF806306846DCF7E9FC38B1D7
:1045800003F06CFB48B140F2D9119320DBF7D4FF64
:104590000098403002F0ACFAEEE70420FDF710FB83
:1045A00003B05DF804FB08B50A20FDF709FB0B20FA
:1045B000FDF706FB0C20FDF703FB03F007FE20B11F
:1045C00040F246219320DBF7B7FF08BDFFF79FBFFE
:1045D00008B500F00BFBDDF77BFD0220FDF7F0FADC
:1045E0000020BDE80840FDF7EBBA08B5E0F7D6FDBE
:1045F000FFF7EDFEFFF7ECFF03F0DAFABDE8084045
:10460000ECF7F6BA10B5C378044691B163B90388E4
:10461000012B01D95B082380ECF7F0FC2388B0FB69
:10462000F3F202FB1300A070E37883F00103E37060
:1046300010BD002BF8D10388FE2BEDD85B009BB298
:10464000FF2B88BFFF23E6E7837813B1013BDBB282
:104650008370B3FA83F0400970470123038040F26E
:10466000011343807047FAF73BB80B46152203F855
:10467000032BD0F80920C1F80320427B1A71704740
:10468000012804D1012914BF00200120704702280D
:1046900001D10229F7E7042908BF04280CBF012033
:1046A0000020704737B504460D46E8F777FC18B38D
:1046B0006FF4B3730221E01803886846ADF8003048
:1046C00034F8F73CADF8023034F8F53CADF804307E
:1046D000E8F7D2FB18B14221AE20DBF72DFFADF891
:1046E00000009DF80030002063F307009DF80130C2
:1046F00063F30F2003B030BD32232B70D4F80930A0
:10470000C5F803300423ADF80030EAE738B5436854
:1047100004460D4693F82C21012A12D11E21EBF7F5
:104720001FFB63688DB1182283F811210A2283F8D8
:104730008D2093F8CA30E3B940F2DA21AE20DBF7DE
:10474000FBFE002283F82C21EBE793F88E20A2F1E8
:104750002501062901D9332A05D10022204683F8F4
:104760008E2001F04CFB20461821BDE8384001F0B6
:1047700072BB002038BD08B5436893F88D201AB18C
:104780008521AE20DBF7D8FE252283F88D2008BDD9
:10479000034610F0010007D19A0704D4C3F3800345
:1047A0009B00D8B27047022070472DE9F34B1646A4
:1047B000054610461F4646EA0104FFF7E9FF834617
:1047C0000846FFF7E5FF89464BEA0404DDF8288038
:1047D00001900443E4B2003C18BF0124EBF792FAC5
:1047E000064018BF5E46EBF78DFA95F8742010EA84
:1047F0000901019B18BF1946B24214BF334600237A
:1048000088F8003095F875208A4208BF00210B43D4
:1048100088F801100BD1B5F88630013FFF1A47F632
:10482000FD73BFB29F428CBF002404F00104C6B9DF
:1048300095F87400E8F788F903280ED195F82C3123
:10484000012B0AD1B5F8302195F87430012A0AD12C
:10485000032B0AD0032388F80030204602B0BDE8BD
:10486000F08B042EE9E7042BF7D00423F3E70429A7
:1048700006D101280AD103210120518013807047FD
:10488000032903D1012801D00421F5E70020704756
:10489000012807D0022805D0033801288CBF00204A
:1048A0000120800070477FB50B464468CDE90021A8
:1048B00018461146EBF772FA94F8746094F8755044
:1048C000C3B2C0F30720B34208BF0023854208BF2C
:1048D000002084F8323284F8330204B070BD2DE930
:1048E000F0414C6805460F4694F83222D31E012B46
:1048F0002ED894F87430D91E012929D8D31A18BF9C
:10490000012394F83302FFF7C3FF064613BB10469A
:10491000FFF7BEFF804694F8173173B948EA0603E3
:1049200013F0FF0307D0204601F0C4FA7B68B3F808
:10493000863003449BB2A4F83032B4F830320520FC
:10494000AE70EB701B0A85F801802B71BDE8F08119
:104950000023D6E74FF00008DDE72DE9F743446870
:1049600005468846914694F88E70002F72D194F8CF
:104970008D30293B022B67D9394601A8EBF750FB54
:10498000E0B1019B0DF10301DB788DF803301622B5
:1049900094F88D00ECF77CFB064688B102461621A0
:1049A000284601F03FFA3623284684F88E3001F07D
:1049B00015FA3E46304603B0BDE8F0833946E6E7D7
:1049C00098F8013013F0070236D098F8023013F04F
:1049D000070331D084F86C2084F86D3094F82D31C1
:1049E0001BBB94F82C31012B1FD094F8753094F830
:1049F0006C20D91E012998BF04239A4226D194F82D
:104A00007430DA1E012A94F86D2098BF04239A426C
:104A10001CD16B68022283F82C21B4F87230B4F8F0
:104A20007020A4F83031A4F82E212723284684F8DA
:104A30008E3001F0D3F9BDE74A464146284603B01F
:104A4000BDE8F04301F01ABA2027B2E72846EBF799
:104A5000E9F9EAE70126ADE770B54468064694F83F
:104A60008E50A5F12503062B4DD9332D4BD0002DAB
:104A700047D194F88D302A2B45D04B7813F007039B
:104A800035D08A7812F0070231D084F86D2084F88E
:104A90006C3094F82D3113BB94F82C31012B1ED0BF
:104AA00094F8753094F86C20D91E012998BF04231E
:104AB0009A4222D194F87430DA1E012A94F86D20BB
:104AC00098BF04239A4218D10223B4F8702084F8C6
:104AD0002C31B4F87230A4F82E21A4F830312723F9
:104AE000304684F88E3001F079F9284670BD3046A2
:104AF0000978BDE8704001F0AEB93046EBF792F9A5
:104B0000EDE70125F1E72025EFE713B5446894F8B8
:104B10008D30252B22D14B7813F007021AD08B78D9
:104B200013F0070316D000218DF804208DF805300E
:104B3000ADF80610019AD4F82E11FFF7B4FE012348
:104B4000002084F8CA302923A4F8C60084F88D30E8
:104B500002B010BD0023A4F83232F0E70120F7E7DD
:104B6000436810B593F88E200446B3F83212272A12
:104B700015D181B983F88E1093F82C31012B01D116
:104B8000EBF7EEF86368002283F82C212046BDE89D
:104B9000104001F034B92A2283F88E20F6E793F80A
:104BA0008D20292A0DD141B983F88D10EBF7D8F863
:104BB0006368002283F8CA2010BD2A2283F88D2062
:104BC000F6E740F23E41AE20DBF7B6FC08B543689D
:104BD00093F88E20272A05D022B140F24541AE201D
:104BE000DBF7AAFC282283F88E2008BDEBF7F6B984
:104BF000704730B542401C7808785D7860404C784A
:104C00006C409D7820448C786C40DD782044CC78D2
:104C10006C401D795B7920440C7949796C404B409C
:104C2000204418441044B0FA80F0400930BD0246D8
:104C300000200139C9B2FF2900D17047535C83F0CD
:104C400001030344D8B2F4E708B5EBF74BFA0828A0
:104C500007D0EBF769FA082803D0EBF779FA0120BF
:104C600008BD0020FCE708B5EBF73CFA082803D0A4
:104C7000BDE80840EBF758BA08BD08B5F6F764FD83
:104C800018B1BDE80840F6F791BD082008BDF6F759
:104C90005BBD70B503791F2B0FD8461E051D002480
:104CA00016F8010F01F010F80444AE42E4B2F7D157
:104CB000012C94BF0020012070BD0020FCE70144BE
:104CC0000023884203D1B3FA83F04009704710F8FB
:104CD000012B1343F5E7F8B505460C46D0E90476F9
:104CE000FAF7A0FF18B954212920DBF725FCE4B11D
:104CF000D5E90423D21B63EB0603012A73F10001FB
:104D00004FF0000113DB6FF001009042994101DA8E
:104D10005E21E9E7631E1344B3FBF4F35C43E4193B
:104D200046F10006C5E904461C462046F8BD0C467F
:104D3000FBE7022905D13C281AD980100F3880B230
:104D40007047CB1E012B0ED803290BBF96234FF4BF
:104D500016731022402203F5BC73984208D9C01A7A
:104D600090FBF2F0EBE7702802D9C0100E38E6E7AE
:104D70000020704738B50D460446EAF7C3FF2B788C
:104D8000002B08BF034684F870306B78002B08BFF7
:104D9000034684F871306B88A4F8723038BD02295C
:104DA00008B5034614D005D8012909D0D8212920F7
:104DB000DBF7C2FB03390129F8D840F6A66008BD2D
:104DC00040F6C41040F2E242002B08BF1046F6E75E
:104DD00040F6C410F3E7801AF43810B58842029CFC
:104DE00094BF091A491A2268012902EB510294BFA3
:104DF0000020012022601A68A2EB51021A6010BD47
:104E000038B50C4600210546DCF768F8606018B13B
:104E100000230020237038BD02212846DCF75EF80D
:104E2000606008B10123F4E70220F4E7436893F8D7
:104E30008C00C0B293F8B0302BB900F0FB00003802
:104E400018BF012070470020704710B50C46FFF7CF
:104E5000D7FF38B92046FFF7E9FF80F00100400096
:104E6000C0B210BD0220FCE770B504460D4641BB40
:104E70004FF43E72FCF742F8012384F8E65084F8C0
:104E800096306FF0360384F8E130042384F8E23082
:104E90006FF03B0384F8E3306F2384F8E4306FF065
:104EA0003C0384F8E5306FF07F0384F8E7302B2370
:104EB00084F8E030FE2384F816317F2384F88B30A9
:104EC00070BD012911D10023A0F8DC3180F8D33165
:104ED00040F6B833C269A0F8BC301146C38C04F167
:104EE0008000BDE87040EBF7EDBC0229E8D1B0F8D6
:104EF000CE32D0F8C822C169F1E770B504460D463C
:104F000041BB4FF42272FBF7F9FF012384F8E6500E
:104F100084F896306FF0360384F8E130042384F887
:104F2000E2306FF03B0384F8E3306F2384F8E43021
:104F30006FF03C0384F8E5306FF07F0384F8E730CE
:104F40002B2384F8E030FE2384F816317F2384F885
:104F50008B3070BD01290CD140F6B833C269A0F87E
:104F6000BC301146C38C04F18000BDE87040EBF703
:104F7000A9BC0229EDD1B0F84232D0F83C22C16977
:104F8000F1E7C2B292FAA2F2030A93FAA3F31B0E5C
:104F9000100E40EA03207047013105300022C9B2EB
:104FA00070B510F8013F8B4216D310F8054C002362
:104FB000012505FA03F626421CBF01F1FF31C9B2F3
:104FC00069B10133082BF4D10132D2B2052AE8D1FC
:104FD0009B214620DBF7B0FAC91AC9B2F4E703EB0C
:104FE000C200C0B270BD0B6870B5C0F80130044695
:104FF0000B790546461D03F01F0343710023C3725E
:1050000015F8010F00F060FE6871B542E37A1844AC
:10501000E072F5D170BD81EA114170B58CB20546E0
:10502000C17A032682EA0400FFF7ABFF013E00EBE2
:10503000001016F0FF0604EB000290B2F4D14440D9
:105040002522B4FBF2F302FB1343C3F3C402D8B22C
:1050500003F007032A445678012202FA03F31E42A2
:1050600007D161432846C1F30741BDE87040FFF70F
:1050700093BF70BDF8B590F8215004466B1E242BE9
:1050800003D9E1214620DBF757FADAB1807D002809
:1050900043D194F8233094F8221002FB01322523E7
:1050A000B2FBF3F103FB1123DBB204EBD30203F0F9
:1050B000070684F82330D17D0122B240114202D08C
:1050C00084F82430F8BDB3FBF5F205FB123304F18C
:1050D0001B01013303F0FF0311F8012F9A4219D38A
:1050E00011F8055C0022012606FA02F72F4208D0CB
:1050F000013B13F0FF0304D102EBC00284F824202B
:10510000E0E70132082AEFD10130C0B20528E3D12F
:10511000D721B7E79B1ADBB2F6E7E28804F1160065
:10512000096AFFF778FF84F82400CBE72DE9F04FF8
:1051300085B082EA124281460C469DF838B096B29C
:10514000C77ABBF1010F02D0CA78002A52D10122DE
:1051500083EA06000321E270FFF713FF013900EB39
:10516000001011F0FF01304480B2F5D186EA000C46
:1051700025232080BCFBF3F203FB12C2C2F3C4035D
:105180001FFA82FED5B202F007024B445878012381
:1051900003FA02F2104229D0BEF11F0FD9F8012004
:1051A00099F805A089BFAEF1200E03FA0EF34FF077
:1051B000FF3003FA0EF394BF03F1FF3003F1FF3326
:1051C00000EA020088BFD9B20AEA010A00F047FDEE
:1051D0008046504600F078FDBBF1010F804484F812
:1051E000028007D1284605B0BDE8F08F0CFB07F31D
:1051F0001B14A37094F803A0DA4522D8A7F10A087B
:10520000082FA7F1050108EBD87888BF03214FEAE2
:10521000680888454346B8BF0B46082F00935FFADD
:1052200088F301933B4628BF0823053BDBB2D345F7
:10523000A2780BD11146484605B0BDE8F04FFFF704
:10524000ABBE40F249114620DBF776F9212F28D872
:105250000098012827DD88450198D4BF1D460546E2
:1052600020880AF1010ACDE90223FFF78AFE029A9B
:1052700000EB0010039BA7EB450C154430445FFA8C
:105280008AFA80B284F803A0208070400CFB0000F2
:1052900005EB2045EDB2B5FBF7F207FB1255A57003
:1052A000C5E70B25DCE70125DAE7034612EA010032
:1052B00003D013F03F0018BF0120704740787047BB
:1052C000D0F803300B60B0F807308B80704703785C
:1052D000890123F0400301F040010B430370704744
:1052E0000078C0F380107047037803F07F0343EA2F
:1052F000C113037070470078C00970471F2A38B582
:105300000546144603D9C2212A20DBF715F90634D5
:105310000930FBF79FFE6C7038BD1F2A38B5054673
:10532000144603D9E4212A20DBF706F906340930B4
:10533000FBF790FE6C7038BD0378024603F00F0354
:10534000032B3ED0052B42D1C37F90F820000343AE
:1053500092F82100034392F82200034392F82300BD
:1053600000F01F00184333D05378222B2FD1B2F80E
:105370001930B1B1B3F5506F13D940F607518B42D4
:1053800025D8B2F81B30B3F5FA7F20D2B2F81D0051
:1053900040F676430A3880B298428CBF0020012044
:1053A0007047991F40F67A4089B281420FD8917DAB
:1053B000481E07280BD8994209D2B2F81710994213
:1053C000DEE74078A0F10C035842584170470020B6
:1053D0007047F8B5C7780D4617F03F0600F0878094
:1053E000072900F28480DFE801F0040E172029323B
:1053F0003B44017901223846FFF757FF00280CBFD4
:1054000000200520F8BD017902223846FFF74DFF44
:105410000028F7D005245AE0017904223846FFF726
:1054200044FF0028EED0052448E0017908223846E0
:10543000FFF73BFF0028E5D0052439E00179102271
:105440003846FFF732FF0028DCD0052429E0017937
:1054500020223846FFF729FF0028D3D02C4618E039
:10546000017940223846FFF720FF0028CAD00524E2
:1054700006E0017940223846FFF717FF441DE4B2E9
:1054800020223846FFF711FF00EBC00004EB400478
:10549000E4B210223846FFF708FF00EB4000044456
:1054A000E4B208223846FFF700FF04EB4004E4B200
:1054B00004223846FFF7F9FE0444E4B202223846DB
:1054C000FFF7F3FE00EB400004EB4004E4B20122DE
:1054D0003846FFF7EAFE072D00EB400004EB4000E2
:1054E000C0B28FD1031FB342C8BF00208AE700209B
:1054F00088E770B50C46064611461D4624B94FF4A0
:105500003B712A20DBF718F8FFF763FF10B940F270
:10551000ED21F6E7031F2B443F2B02DD40F2EE2185
:10552000EFE72A4621463044BDE87040FBF792BDC4
:1055300010B50446FFF74DFF00B1204410BDC07800
:1055400000F03F007047C37803F03F0343EA811344
:10555000C370704730B5C1F38003C1F38014C1F349
:1055600040052344C1F3001404EB44042344C1F375
:10557000401404EBC40403EB4403C1F300042C44C3
:10558000C1F3C005134404EB44042C4403EB44036F
:1055900013F0FF031CBF01330171C17818BFDBB2E8
:1055A00021F03F0103F03F042143C170591C4170B9
:1055B0001AB104339B1A013AC25430BD70B5C47895
:1055C0000646154604F03F041319FE2B04DD40F295
:1055D0004A312A20DAF7B0FF0135201D2C4430442F
:1055E000FBF738FD747070BD4378C278013B02F060
:1055F0003F02981AC0B27047F8B50D4619461746D3
:105600000646FFF7F1FF441AE4B2BC4228BF3C460D
:105610004DB1F278284602F03F020432114422468E
:105620003144FBF717FD2046F8BD2DE9F047C67859
:10563000012201793046FFF738FE02220546304646
:10564000FFF733FE202282463046FFF72EFE082267
:1056500007463046FFF729FE102281463046FFF705
:1056600024FE042204463046FFF71FFE40228046F7
:105670003046FFF71AFE05EB0A0307EBC707804425
:1056800004EB4404B94403EB430304EB08004B442C
:1056900000EB430010F0FF001CBF0130C0B2BDE8BA
:1056A000F08738B5C5780446AB09032B1ED005F04A
:1056B0003F054378AB4219D9FFF7B7FFA84215D889
:1056C00095B12379DB060FD504212046FFF730FF83
:1056D00048B1037803F03F03242B07D880785F2874
:1056E0008CBF0020012038BD0120FCE70020FAE734
:1056F0000278437802F00F02072A12D8DFE802F09E
:10570000080408111111080E0C3B5842584170470B
:10571000063B1F2B8CBF0020012070470BB1FFF709
:10572000C0BF00207047027802F00F02072A0AD09B
:10573000082A0AD0042A0ED1407806381F288CBFC8
:10574000002001207047FFF7ACBF4078A0F10E03A6
:10575000584258417047002070471B2A08B504D9A9
:1057600040F221412A20DAF7E7FEBDE80840FBF7C6
:1057700071BC8388A1B1B3F5506F11D940F60752BF
:1057800093421CD8C388B3F5FA7F18D2008940F63B
:1057900076430A3880B298428CBF002001207047BF
:1057A0009A1F40F67A4192B28A4208D84278511E36
:1057B000072904D89A4202D242889A42E1E700209F
:1057C00070470130704723307047013001F12003EA
:1057D00051F8042B994240F8042BF9D10B8803802F
:1057E000704738B515460446FFF7EFFF2B68C4F83D
:1057F00023306B68C4F8273038BDC378024603F005
:105800006003402B10B524D08488052C21D9937ACD
:10581000D0F80600C3F3040318431AD0938ACB1AB6
:105820001BB2002BB8BF5B429BB2B3F5804F10D2C6
:10583000508AD38AC01A00B20028B8BF404280B252
:10584000012808D96043B0F57A6FCCBF0020012051
:1058500010BD0020FCE70120FAE70B7843704B787D
:1058600083708B78C370CB7803710B7943714B795C
:105870008371CB88C371CB881B0A0372704782780F
:10588000C37810B544784A700C708B708379427974
:1058900004790A71CC704B71B0F80730CB8010BD21
:1058A0000B6843700B681B0A83700B681B0CC3707A
:1058B0000B681B0E03710B7943714B7983718B79E4
:1058C000C371CB7903720B7A43724B7A83728B7AF2
:1058D000C372CB7A03730B7B4373B1F80D308373C0
:1058E000B1F80D301B0AC3737047D0F8013010B502
:1058F0000B608279C37944794A710C718B71427A59
:10590000837A047A0A72CC714B72437B027BC47A2D
:10591000CA728C720B73C389A1F80D3010BD0B785D
:1059200043704B7883708B78C370704743780B70EB
:1059300083784B70C3788B707047437837B5C3F367
:1059400001120446032A03D8DFE802F0050E1D0504
:10595000002003B030BD057803F00F000023009352
:105960000221231D628807E0057803F00F00002361
:1059700001210093231D628845EA0020EBF710F80F
:1059800060B10120E5E7EAF7B9F903685B05DFD507
:1059900060780123257800F00F00E0E7EBF720FAAC
:1059A000EFE702230B7001238B707047EBF7D0B841
:1059B00010B521B94FF42A711020DAF7BDFD4A6005
:1059C0000B72EFF3108472B6031D0B6042681AB1BC
:1059D000127A012A08BF036003681960016004B9E4
:1059E00062B6BDE81040EBF7FDB80222EBF7E6B96E
:1059F0000322EBF7E3B90422EBF7E0B90222EBF75D
:105A000021BA0322EBF71EBA0422EBF71BBA1423C8
:105A10000B706FF4A57318440388A1F80330B0F835
:105A20004830A1F80530B0F84C30A1F80730B0F894
:105A30004A30A1F80930B0F84E30A1F80B30704769
:105A400008B5CB1E012B04D8800100F5747080B21C
:105A500008BD012902D10E30C000F8E7022902D1A9
:105A60000F308000F3E740F245210620DAF764FDAD
:105A7000022908B50DD005D8012908D0DC21B420B1
:105A8000DAF75AFD03390129F8D81E3000E00A3050
:105A900008BD1430FCE7022908B50DD005D801294E
:105AA00008D0DC21B420DAF747FD03390129F8D802
:105AB0001E3000E00A3008BD1430FCE74068704733
:105AC000033901298CBFC08A4FF42960704770B533
:105AD00090F874608D88033E0C89012E04D943B17F
:105AE0001678033E012E04D8B5F5296F38BF4FF460
:105AF000296590F87560033E012E04D943B15378AF
:105B0000033B012B04D8B4F5296F38BF4FF4296447
:105B1000CB884A88A0F86030A0F85C20A0F85E50DE
:105B2000A0F8624070BD1B2200294FF01B110CBF72
:105B30004FF4A4734FF4296382840284028502F136
:105B4000A472C160C3844384C3838383438203827A
:105B5000C0E90521704738B5CB1E0446012B10D98A
:105B6000C58B438C9D4228BF1D46207AFFF768FFF6
:105B70006389AB4228BF2B46984238BF184680B293
:105B800038BD4FF42965F0E72DE9F84399460746FB
:105B90000D46808919461446FFF752FF06469DF8C8
:105BA000208049463846FFF7D6FF86424146A8F195
:105BB000030828BF0646B88AFFF742FFB8F1010F75
:105BC0000346B6B28CBFFA8A4FF42962904204F1C0
:105BD000060028BF134628449BB233441844BDE84E
:105BE000F8830346028F13B53C3049B9D98E93F838
:105BF0007540009493F87430FFF7C6FF02B010BDF3
:105C0000998EF4E770B50C46154619464BB9868E49
:105C1000FFF7E7FF28443044A04294BF201A002039
:105C200070BDC68EF4E738B50D4611460446FFF741
:105C3000D8FF2844206438BD01F19C0383423DBF56
:105C40009C38401A400800207047002803DB884237
:105C500004DB08B202E049428142FADC704700F0FE
:105C60005533400800F05530034403F033329B08AD
:105C700003F033331A4402F00F33120902F00F32EB
:105C8000134403F0FF101B0A03F0FF13184400EB4A
:105C90001040C0B2704745F2555200EA020302EAD2
:105CA0005002981843F2333300EA030203EA9003E8
:105CB0001A4440F60F7302EA030003EA1213184471
:105CC00000EB1020C0B2704700F05503400800F010
:105CD0005500034403F033009B0803F033030344EF
:105CE00003F00F0000EB1310704780EA6000FFF72D
:105CF000B6BF40F34E039BB25840FFF7CCBF0346FC
:105D000008465BB97047834204D9B3FBF0F200FB4D
:105D10001233F6E7B0FBF3F203FB12000028F2D1D6
:105D20001846EFE710B5044600B119B96F21AB2052
:105D3000DAF702FC4C43FFF7E2FFB4FBF0F010BDD2
:105D400032280CD006D8162818BF012894BF01208D
:105D500000207047A0F13E0358425841704701208F
:105D6000704708B50246FFF7EBFF40B10846FFF762
:105D7000E7FF20B18A420CBF23202A2008BD8A42B7
:105D80000CD1A2F13003DBB20B2B07D840F6210077
:105D900020FA03F3DB070CD52320EFE73E2901D1DE
:105DA000262A0ED03E2A04D126290CBF2A20002004
:105DB000E4E73B2901D11F2AF7E73B2A03D11F293A
:105DC000F3E72A20DAE70020D8E74368002283F8C7
:105DD0008D2083F8CA20A3F8C62070470378426854
:105DE0002BB9A2F8CC30012382F8CE3070470023C3
:105DF000A2F8CC3092F8CE3001335BB2F4E708B5AC
:105E00000378426813B982F8CE3008BD92F8CE30DC
:105E1000013B5BB2002B82F8CE30F6DA52214A20E9
:105E2000DAF78AFB436883F8131183F8122170476D
:105E3000A0F10B03042B0CD9A0F14803012B08D9C6
:105E4000A0F12503332818BF062B94BF01200020A2
:105E50007047012070474268D2F8803010B513F0C7
:105E6000080409D143F0080382F81011C2F8803009
:105E7000FFF7B4FF204610BD0120FCE7436810B5D2
:105E800093F88E404CB90A7883F81021032283F8E6
:105E90008E20FFF7A3FF204610BD0124FBE708B5C5
:105EA000436893F88D3023B140F283114A20DAF72A
:105EB00043FB08BDC26941F64B539A4296BF4AF66E
:105EC000C8730623B3FBF2F3828C408E134458430D
:105ED00080B270474368002093F88F20073A012A68
:105EE00081BF4A7883F89020072283F88F2070477B
:105EF000426892F88F30073B012B84BF082382F859
:105F00008F307047426870B592F88E50F5B9CB88E3
:105F1000B2F88660A2F8C032013B9B1B47F6FD76C3
:105F20009BB2B34206D9282382F8B130EBF7AEFC1E
:105F3000284670BDD1F80130C2F8C2324B7982F8E0
:105F4000C6320B22436883F88E20F1E70125EFE784
:105F500008B5436893F88D201AB12B215520DAF744
:105F6000EBFA0C2283F88D2008BD2DE9F74F064689
:105F7000894690460193FFF79DFFD6F8E4710446E9
:105F80005FB90023C8F80030B6F8863023449CB2CD
:105F9000019B1C8003B0BDE8F08FECF777F9002877
:105FA000EFD1D6F81CC0D6E972320CFB04FE1EEB12
:105FB000030ED7E9021342F100020B44D7E90015A2
:105FC0005B1845F10005734575EB020114D2BEEB79
:105FD00003016FF0010B62EB050A8B4570EB0A0AB7
:105FE00003D239215620DAF7A7FA3869471E394417
:105FF000B1FBF0F1E0FB0135B3EB0E0365EB0205FD
:106000006FF001029A424FF00002AA4101D24421EE
:10601000E8E7B3FBF9F209FB1233B3FBFCF291B2F0
:106020000CFB1133C8F80030B6F886301C44144419
:10603000A4B2ADE70B46082203F8032BD0F80920E1
:10604000C1F80320D0F80D205A60427C1A72002358
:10605000CB707047436870B593F88E5006460C4677
:10606000002D5BD193F87D102046FFF782FB01469F
:1060700028B921783046BDE87040FFF7ECBE726861
:106080006389B2F88600A2F8C032013B1B1A47F6BA
:10609000FD709BB2834207D92823304682F8B13085
:1060A000EBF7F4FB284670BDA3886FF45060181816
:1060B000062895BFA3F5506340F2E2414FF47A7091
:1060C0004B438CBF29464343C2F8C8326378C9B1F9
:1060D00003EB830303EB83039B00A2F8C2326388C4
:1060E000C9B164214B43C2F8C432E388A2F8CC3270
:1060F0002389A2F8CE32002382F8D4320E2382F80C
:106100008E30CFE7C3EB431003EB800303EB830335
:106110005B009BB2E1E740F2E241E3E70125C1E722
:1061200008B5436893F88D201AB198215620DAF704
:1061300003FA0E2283F88D2008BD0B230B70D0F8D4
:106140000930C1F8023070470B460C2203F8022BCD
:10615000B0F809204A80C27A9A70704710B5044698
:10616000406890F88D301B2B14D100F1F80200F537
:106170001471052300F51870FAF75EFC63680122BC
:106180000020002183F892201E22C3E93A0183F8FF
:106190008D2010BD0220FCE7436893F88D20152A5E
:1061A00011D1D1F80120C3F85822D1F80520C3F845
:1061B0005C2243680020D1F80920C3F80C211B227F
:1061C00083F88D20704702207047436893F88D2034
:1061D000112A05BF00201422022083F8920008BF74
:1061E00083F88D20704708B5436893F88D20142AF2
:1061F00004D040F245111F20DAF79EF9012283F8FE
:10620000D020132283F88D2008BD38B54368054699
:1062100093F88E4034B1123C0F2C8CBF012408241B
:10622000204638BD93F89320002AF9D0D3F81C31CA
:1062300033B9FFF7D3FD6B68122283F88E20EFE7A6
:106240000C220A21FFF7EEFD6B683622284683F800
:106250008E20FFF7C3FDE3E708B5436893F88E206F
:10626000172A04D04FF4FE711F20DAF765F90122D6
:1062700083F8CF20192283F88E2008BD436893F855
:106280008E20132A05BF14220020022083F88E20BE
:106290007047436810B593F88E3004461D2B07D124
:1062A000FFF7ADFD63682122002083F88E2010BD2A
:1062B0000220FCE708B5436893F88E20122A04D028
:1062C00040F227211F20DAF737F9012283F8CF2087
:1062D000132283F88E2008BD08B5436893F88E20FA
:1062E000192A04D040F22F211F20DAF725F91D22A8
:1062F00083F88E2008BD08B5436893F88D201E2AC8
:1063000004D04FF421711F20DAF716F9202283F808
:106310008D2008BD08B5436893F88D2022B140F266
:106320008A211F20DAF708F9012283F8CF201122F1
:1063300083F88D2008BD08B5436893F88D203AB1E5
:1063400093F8D02022B940F291211F20DAF7F4F817
:10635000012283F8CF20152283F88D2008BD0B463B
:10636000072203F8032BD0F80920C1F80320D0F846
:106370000D205A60B0F811201A81C27C9A727047C1
:1063800008B5436893F88D201AB1CD211C20DAF7A7
:10639000D3F8042283F88D2008BD08B5027843683D
:1063A0003AB983F88E20A3F8CC20BDE80840FFF767
:1063B00026BDD3F88020D10703D4DB211C20DAF7D7
:1063C000BBF822F00102C3F88020EEE70E23A0F50F
:1063D000A1700B7003884B8070474368017893F875
:1063E0008D2061B9052A08BF00224FF0000002BFCE
:1063F00083F8BE2083F8CA2083F88D207047102AC6
:10640000F1E738B50578446855B994F88E305BB932
:10641000FFF7E4FC55B9022384F88E30002038BD24
:10642000D4F880305B07F3D50120F8E7D4F880304A
:1064300043F00403C4F88030F0E7037833B14268D6
:10644000D2F8803023F00403C2F88030FFF7D7BCC5
:1064500008B5436893F88D201AB172214B20DAF702
:106460006BF80278002A14BF1022052283F88D20D1
:1064700008BD10B5D0E90D42A24206D38B8C121B89
:10648000498E05334B43934202D3012380F83E30BB
:1064900010BD01230B7000238B7030F8D23CA1F8A3
:1064A0000330437A4B714389CB8083890B817047DA
:1064B00010B5446894F8D12092070ED494F88D302A
:1064C0001BB177214020DAF737F80122A4F8C63053
:1064D00084F88D2084F8CA2010BD037843B994F85D
:1064E0008E300BB9FFF78BFC002384F83231F3E7D1
:1064F000D4F880309B07F7D5FFF781FCD4F88030C3
:1065000023F00203C4F88030EEE710B50B790128C0
:106510004C790A6843EA0421104608BF41F48031EF
:1065200010BD07B5FFF7F1FF0DF10702EBF742FCD5
:1065300003B05DF804FB38B50546FFF700F80446E4
:1065400008B9002038BD07212846FEF742FF002881
:10655000F7D00434201AC0B2F4E770B506460D46F1
:106560000721FEF7E5FF04463046FFF7E4FF024649
:1065700074B1A0B100214B1C6018615CDBB2E65C19
:10658000AE4211D12C2D05D0322D0BD0282D07D0A5
:10659000002004E0222902D03A2918BF002070BD53
:1065A0000829FAE70929F8E70B44D9B28A42E2D868
:1065B000EEE708B5036B00681B68984700F5D570D7
:1065C00008BD036B70B59B69044600680E4698478A
:1065D000054658B97368314604F108002364F9F799
:1065E00095FA70B9AB210B20D9F7A6FF94F8383093
:1065F000022B0AD104F14800EBF76EFE012384F868
:10660000383085F00100C0B270BD94F83830032BEB
:10661000F4D1EFE72DE9F84390F86B7006460C468D
:106620004FB10268B2F88A30B2F8C810D2F8A04070
:106630005B1A03FB0444FEF716F8054696F86A0059
:10664000EAF732F92918204689B2F8F70DF804461E
:1066500007B3336893F8C09093F8BA80D3F8C47046
:10666000FEF701F805464846EAF71EF9814640461E
:106670004D44EAF719F980463846ADB22946F7F796
:10668000F3FF08EB05010746201889B2F7F7ECFF86
:1066900007443C44306D11344008A04228BF2046D6
:1066A000BDE8F88338B504460D46FFF78AFF18B1F8
:1066B000D5E90423C4E9122338BD70B5044686B079
:1066C000FFF777FF0025236B01905B6820688DF84A
:1066D0000050984704238DF8080068468DF809306B
:1066E000A16DD4E91223CDE90423FEF7F4FA638FF8
:1066F00086B233446387EBF78DFEB8B97100B4F905
:106700006C0089B2FFF7A1FAB4F86C301B1AA4F838
:106710006C30049B6946059A1B1842EBE0722046D8
:10672000CDE90432FFF7BEFF06B070BD2846F0E7A2
:10673000F0B5044687B0FFF73CFF0746A56DD4E9E6
:106740001236ED1846F10006EBF764FE08BB022195
:10675000B4F96C00FFF779FAB4F86C301B1AA4F89E
:106760006C300023451901978DF8003046EBE07638
:10677000236B20685B68984704238DF808006946FE
:1067800020468DF80930CDE90456FFF78BFF07B09E
:10679000F0BD0020E5E7F0B5036B87B000260446A6
:1067A00000680F468DF800601B689847236B00F562
:1067B000DD705B6801902068984704238DF808001D
:1067C0008DF80930D4E9121577B36846CDE9041580
:1067D000F9F728FA18B9E7210B20D9F7ADFED4E96B
:1067E0001205049A0599121A61EB0501002901DAD4
:1067F000EA21F1E76FF00103934276EB010101DA40
:10680000EB21E9E7216D4E1E1644B6FBF1F2B142D1
:1068100088BF013251430B18618F45F10005CDE966
:1068200004350A4462872FE0236DD4F864C0B4F8BD
:106830006020BCFBF3F0013202388242A8BF02465E
:10684000012AB8BF01225343D4E916065B1845F16B
:106850000005181A65EB0606012876F1000101DA39
:106860008B21B9E76FF00101814277EB060601DA6F
:106870008C21B1E784452ED2216DD4E912258B18E5
:1068800045F10005CDE90435D4E91620991A65EBE8
:106890000003012973F10002E2DB6FF001028A427A
:1068A0004FF000029A41E3DB94F838302046042B85
:1068B00004BFB4F86830C918FFF7ACFE0546DDE93F
:1068C0000431D4E91202181A61EB0202002A0BDA31
:1068D0004FF4957180E794F838100429CCD0618F7B
:1068E000CDE9043501399CE76FF00046B04272F102
:1068F000000202DB40F22B116EE705F1C9022046CF
:106900009B1A61F10001CDE90431019B694603EB5B
:1069100045030193FFF755FE48B1049B059AC9331F
:1069200042F100025B1942F10002C4E9123207B0E1
:10693000F0BD90F838300BB90020704790F838302F
:10694000012BF9D090F83800073818BF01207047A4
:106950000229024608B507D1FFF7EBFF40B1104608
:10696000BDE80840FFF7A9BEBDE80840EBF7D8BB7B
:1069700008BD70B504460D461646FFF7DAFF40B96C
:1069800094F83830072B04D040F267210B20D9F758
:10699000D3FDF8F785F82D1841F10001AE1B61F128
:1069A0000003C4E91263638FA4F856300023C4E9DE
:1069B000165184F86B3094F83830042B02D105233B
:1069C00084F8383070BD90F83830012BDAB201D03D
:1069D000FFF7AFBF104670470229024608B508D13D
:1069E000FFF7A7FF48B101211046BDE80840FFF7B7
:1069F000D2BEBDE80840EBF793BB08BD90F8380065
:106A0000031F58425841704790F83830032B05D087
:106A100090F83800831F5842584170470120704752
:106A2000D0E9123210B5D0E91614581A62EB0403FB
:106A3000002B04DA4FF426710B20D9F77DFD6FF09F
:106A4000010282424FF000029A4102DA40F299219B
:106A5000F2E710BD006CA0F58070F7F7C3BE08B573
:106A60000246FFF766FF30B11046FFF7CDFF10B9C1
:106A70001046FFF75DFEBDE80840EBF747BA08B5E2
:106A80000246FFF756FF38B11046FFF7BDFF01463B
:106A900010B91046FFF77FFEBDE80840EBF736BAA5
:106AA00070B50446FFF78FFF08B394F83830022B17
:106AB0001BD094F83850EB1E5D425D4101290AD18C
:106AC000072384F8383004F108063046F9F790F8C7
:106AD0003046F9F7C7F8012384F838303DB104F1A6
:106AE0004800BDE87040EBF7F7BB0125E6E770BD55
:106AF00010B50446FFF767FF30B101212046FFF7CC
:106B0000CFFF002384F83830002010BD08B590F87E
:106B10003830022B04D1032380F83830816208BD5D
:106B200090F83830052B01D10623F5E790F838307E
:106B3000032BF3D090F83830062BEFD090F8383094
:106B4000072BEBD040F2F6210B20D9F7F5FC002300
:106B500007B501A80193F7F7FDF9019810F00300BC
:106B600018BF012003B05DF804FB10B5FFF7EFFF7D
:106B7000002814BF14240024FAF70AFB404200F056
:106B80001400204410BD30B585B01546089BC01ACE
:106B9000099B61EB0304002C214602DA404264EBBE
:106BA000440103AB2A46009302ABFAF73BF8002CF2
:106BB000039801DA00B1281A05B030BD38B5054692
:106BC000F6F7A0FA00F55F434FF47A72033D4133C4
:106BD000B3FBF2F4FFF7C9FF012D00F1FB038CBFFB
:106BE000002028202344184438BD10B5044690F8EE
:106BF0007500FFF7E3FF012201462046BDE8104083
:106C0000FFF711B8002313B51A4680F88C30A0F8AE
:106C10007832194600930446EBF7D0FC20B140F2DD
:106C2000E9113020D9F788FC0123C4F80002C4F828
:106C3000F80184F88C30A4F81602A4F8140284F841
:106C40001902B4F88630A4F87A02013BA4F8863021
:106C500002B010BDF8B50D460023D0F83811044637
:106C600080F83C31D0E95A6781F8D62180F8783134
:106C70000121D0F83801FEF7F7F8D4F83801C0E95F
:106C80009867C0F87C52C0E99C67FFF7BBFFF5F737
:106C900063FDBDE8F840F8F71BBFD0F83801704736
:106CA00038B5044690F878319BB1FF2380F88031E5
:106CB000012100F053FB94F8783153B104F5887545
:106CC0002846F8F795FF2846F8F7CCFF002384F80C
:106CD0007831002038BD08B590F8802142B990F88D
:106CE0003C2142B1D0E95031994202D9EEF71CFA69
:106CF0000022104608BD0122FBE710B50446FFF74D
:106D000034FF00F21321E269E36B9A4228BF1A466E
:106D10001046FEF791FFB0F5296F28BF4FF42960A8
:106D200080B210BD012A70B506460D4614460BD040
:106D3000022A0ED08AB9F5F79FF822460146284666
:106D4000BDE87040FFF786BFF5F796F8C6F87C02FD
:106D500070BD0122D0F87C12F1E740F2CB713020F7
:106D6000D9F7EAFB70B5044621B1012978D040F289
:106D7000DB7172E000F070FA94F8793105460E4646
:106D8000DBB150EA010318D0D4E95232D4E95A01F8
:106D9000C01A334661EB02012A46F9F77DFF05FB75
:106DA00001F300FB0633A5FB00021344D4E9522192
:106DB000121843EB0103C4E95223E08C30B1EAF727
:106DC0001DF9E38CB0FBF3F202FB1300D4E952325D
:106DD000ED184FF0000346EB02062D1840F2024278
:106DE00084F8583146F1000684F87931A4F860211E
:106DF000C4E95256C4E95A5694F8803103F0FF01B1
:106E0000DBB96FF00043D4E95C029A4208BFB0F1ED
:106E1000FF3F18D02046D4E95A5600F0CEF9F6309C
:106E2000D4E95C325B1B62EB06021B1A62F10002C2
:106E3000002A08DA2046EEF777F9F5F78DFCBDE871
:106E40007040F8F745BE04F5AC7104F58870F8F7AA
:106E50005DFE0028F1D14FF4E1613020D9F76CFBE1
:106E6000002380F83C31E8E790F87801003818BF3B
:106E7000012070470B46062203F8032BB0F80920C7
:106E8000A1F80320C27A9A7070470B46172203F8C4
:106E9000032BD0F80920C1F80320D0F80D205A6048
:106EA0007047352301F8033B00F10903293053F8FB
:106EB000042B834241F8042BF9D11B880B807047C7
:106EC0008B88F7B513F0180506460C461FD10868E5
:106ED00020B940F2EA312D20D9F72EFB00F0CEFA8E
:106EE000217CECF7E5F9677CA38801463A463046F9
:106EF00000932B46ECF7FAF9CC30D4E90223824216
:106F000073F100032CBF0120002003B0F0BD01206D
:106F1000FBE738B513220B460C4603F8032B00F1B0
:106F20000902293052F8041B824243F8041BF9D1AC
:106F3000127802211A700123A588A3712846D9F777
:106F4000CDFF58B1E3784BB102212846D9F7DCFFD9
:106F500020B140F233212D20D9F7EEFA38BD10B51B
:106F60000446EAF74BF882B204F1690104F13600F5
:106F7000FEF751F884F8440010BD37B504460D46BD
:106F8000FFF7EDFF01222B466179204603B0BDE8F3
:106F90003040ECF71BBB70B504460D4696301946E1
:106FA0001646FEF720F884F8745084F87550FF23D5
:106FB00084F87630E91E04F13C0001298CBF0021E1
:106FC0000121FEF7B0FD31462046E9F763FC94F855
:106FD0007E30002B14BF4D239623E386A386002327
:106FE000238770BD38B5CB690446104641F27072F4
:106FF000A3F57A75954295BF4FF47A7240F2E2425A
:10700000B3FBF2F3B3FBF2F398BF03F5506304F163
:10701000A0029BB2A4F8AC308B8CA4F8AE30CB8C21
:10702000A4F8B03091F87F3084F8B230637F63B356
:1070300094F86830012B28D194F86E3003F0C00327
:10704000402B22D1D4F86930C4F8A030B4F86D30A8
:1070500093800828236A04F1A6019A7803F10305B6
:1070600084F8992004F19A02D3F8033018D0C4F8B8
:10707000A630AB888B8004F19901E9F771FA40B929
:107080004FF43E612D20D9F757FA0023C4F8A03001
:10709000DEE794F8993043F0020384F8993038BD64
:1070A000C4F89A30AB8893800023C4F8A6308B8054
:1070B000F5E70B46162210B503F8032BD0F809208C
:1070C000C1F80320427B1A71CB78A3B130F8B43CED
:1070D0001B0710D4B1F8054002212046D9F7FEFE67
:1070E00048B102212046D9F70FFF20B140F27621A6
:1070F0002D20D9F721FA10BD0121ECF711BEFFF7C1
:10710000FBBF08B590F894300BB1012008BD90F892
:10711000CC30002BF9D190F8BE3003F0FF00002BEB
:10712000F4D0E8F7A7FD80F00100C0B2EEE730B57B
:107130004FF4C47285B00D4600210446F9F7DEFE17
:10714000FF2323701323638042F21073E384D9F783
:10715000E3FF00220146E0646846DAF723F80022E4
:107160000121E06CFAF7DCFD0422E16C6846DAF7F5
:1071700019F80022E06C1146FAF7D2FD04F1300054
:10718000E57400F02BF902A8E9F7C4FB20B94FF42D
:1071900049712D20D9F7D0F902A904F13600FDF785
:1071A00022FF05B030BDFF23C86C0B70FAF785BD18
:1071B0000078FF3818BF01207047F7B5044630301B
:1071C0000E4600F05BF961880746CA0605D52822FD
:1071D000EDF7F2FF8C3003B0F0BD8B07E06C0FD5FC
:1071E000FAF740FE217905463846ECF761F86388E6
:1071F00001462846009333466279ECF777F8E9E7D1
:10720000FAF720FEEEE74388092B10B5044607D1B4
:10721000EDF754FC20460121BDE81040EDF794BB8A
:1072200010BD034608465A8812F0180F30B587B0D3
:1072300010D103F13001ADF80420D3E902459B8859
:1072400000916946ADF81030CDE90245FFF738FEF0
:1072500007B030BD0120FBE7D0E902017047007D97
:10726000003818BF012070470B68C0F816308B88B3
:107270004383012303777047438813F0100005D040
:1072800013F0040F14BF00201F2070479A0704D486
:10729000DB0701D4D9F76EBFEE20704708B5FFF7C2
:1072A000EBFF003818BF012008BD4FF40043A0F8E1
:1072B000483043881D2B08BF00214174704790F966
:1072C00013007047408800F0010070478078C0F3D9
:1072D000400070478078C0F3401070478078C0F35A
:1072E000C000704710B54488C06CE30654BFC4F3B7
:1072F00040040024FAF79DFD84F001042043C0B24D
:1073000010BD8078C0F3001070474088A0F10903D9
:107310005842584170474079C31E012B05D8B1F837
:107320007230012B14BF04200320704710B50446AF
:10733000E9F764FEC0F30B00A042F9D010BD90F84D
:10734000683001624B72D0F86930C1F80A30B0F889
:107350006D30CB8170477047ECF7FEBB80F888102A
:107360007047FF2380F88B30704780F8241080F836
:10737000252070478278034612F0010002D0D978A8
:10738000C90710D5900702D5D97889070AD512F018
:10739000040008D0D878C0F3800080F0010080009D
:1073A000C0B2704702207047C0F34002C0F38003B0
:1073B00000F00100134418447047022808B507D0B4
:1073C000042807D0012807D039212E20D9F7B4F896
:1073D000262008BD2720FCE72520FAE70023C0F877
:1073E000023001234370037070478170704710B5FD
:1073F0004270144601708078FFF7D6FF484304FBC3
:1074000000F2FE2A03DD5C212E20D9F795F810BD8D
:107410000023C37043710371704710B50446FFF732
:10742000A9FF637962780133DBB29A4263710CD1B0
:10743000E3780022A17803436271DBB29942E370E2
:1074400001BF2379E27001332371BDE81040FFF7DB
:10745000B4BF38B504468078FFF7A6FF0146E07850
:10746000FFF7A2FF2378227965789B1A6B43594373
:107470006379C91A00FB1510C0B238BD014608B5C2
:107480008078FFF791FF4A780B7853435843C0B296
:1074900008BD08B5427903462AB1FFF76BFFBDE886
:1074A0000840FFF78ABFC07881070BD410F00100B5
:1074B000F5D19B785A0707D413F0020F14BF0220AE
:1074C0000120ECE70220EAE70420E8E7042806D1DF
:1074D000920102F53472803201FB02F070470328FA
:1074E00003D1120102F5E772F5E702280BBF0B3258
:1074F0000A329200D200EEE740F2EF20704740F2ED
:107500005A335843704710B50446FEF75EFC2046D8
:10751000BDE8104001F099B910B5044601F0A9F991
:1075200010B92046FEF751FC002010BD08B590F8B8
:107530001631FE2B04D040F624113120D8F7FCFF81
:10754000002380F8161180F8173112B9A0F8CC206A
:1075500008BDA0F8C630012380F8CA30F8E708B5A6
:10756000436893F88E20192A04D040F27A513120D2
:10757000D8F7E2FF1F2283F88E2008BD08B54368C4
:1075800093F88E20362A06D1002283F88E20BDE89B
:107590000840FEF734BC192A03D11F2283F88E203D
:1075A00008BD40F28F513120D8F7C6FFC37C63B9C4
:1075B000837BA3F11102032A07D990F8500028B168
:1075C000212B8CBF00200120704701207047C37C15
:1075D00063B9437BA3F11102032A07D990F8500045
:1075E00028B1212B8CBF002001207047012070475B
:1075F000436810B593F88D2093F818110A2A09D121
:1076000093F811218A4205D1002283F88D2083F856
:10761000CA2010BDD3F8802012F0080407D022F051
:107620000802BDE81040C3F88020FEF7E8BBFF2940
:1076300005D1382283F8B44283F88D20E9E740F27F
:1076400074513120D8F778FF38B50E385368144696
:107650000D4693F88D20092840D8DFE800F0053F5B
:107660003F3F0F3F183F3F27042A05D12046FEF732
:10767000ACFB2046EAF7C4FA002038BD102AFBD143
:10768000002220461146BDE83840FEF7A6BE222A59
:10769000F2D12046FEF799FB002DEDD0626892F8FA
:1076A000E03023F0200382F8E030E5E793F88E2005
:1076B000282AE1D10025204683F88E50FEF79FFB53
:1076C000636893F82C31012B03D129462046E8F753
:1076D00047FB6368002283F82C21CDE740F26E213E
:1076E0003120D8F729FF02464068497890F88D305C
:1076F000222B16D00DD8042B15D0102B15D090F8B6
:107700008E00282815D0342B0CBF2620FE20EDF744
:10771000E9BE2D2B0BD0332B01D0262BEFD1162019
:10772000F5E71420F3E70E20F1E71220EFE723201E
:10773000EDE71720EBE7024640680B4690F8E010B3
:1077400041F0040180F8E01099785878EDF7CABE4E
:1077500038B50C460546D1E90501D9F781FC94F806
:107760008C303BB104F508742046F8F741FA204606
:10777000F8F778FA0D212846D9F7C6FB0E212846DE
:10778000D9F7C2FB10212846D9F7BEFB0F212846A6
:10779000D9F7BAFB11212846D9F7B6FB28461221A2
:1077A000BDE83840D9F7B0BB002280F88D2080F8C2
:1077B0008E2080F8912090F8D33113B10221EBF79D
:1077C000BBBC0321FBE738B50446084694F8B03249
:1077D00013B10C25284638BD94F88E30172B01D0F4
:1077E000192BF6D194F8E03203F0FF05002BF0D10D
:1077F00090B194F8EE3123B940F604313120D8F736
:107800009BFE052304F1F80204F5EF71F9F714F972
:10781000012384F8B032DDE70223FAE7E9F792BDED
:10782000E9F7CABD022910B5044603D003290BD0DD
:107830007F210EE00421D9F751FB68B920460621CB
:10784000BDE81040D9F74ABB0621D9F747FB18B964
:107850007621AA20D8F770FE10BD10B50F21D9F7F8
:107860003DFB0446C37A9BB10521C08BD9F736FB9B
:1078700070B15030FFF73CF918B1BF21AA20D8F7FA
:107880005BFE0521E08BD9F73FFB08B1C021F5E78E
:1078900010BD08B5032803D8DFE800F00709070981
:1078A00040F21621AA20D8F747FE012008BD00208B
:1078B000FCE770B5466805460F213088D9F70EFB06
:1078C000044601462846EFF7B9F918B102280AD054
:1078D000FE2070BD94F85A00FFF7DBFF002814BFAC
:1078E0001C202A20F5E7002386F83531F0E738B56B
:1078F0000D460F21D9F7B6FA044620B940F27F3180
:10790000AA20D8F719FE88220021F9F7F7FA95E89E
:107910000F0084E80F0038BD10B5044690F87510CC
:1079200090F87400EFF79EFA002201462046BDE869
:107930001040FEF778B910B586B0044613460A46E3
:1079400001466846EFF7ACFA694604F5F870F8F7B7
:10795000DDF820B94FF434713520D8F7EDFDB4F8D7
:1079600086300133A4F8863006B010BDEFF754BA64
:10797000C0F8D011704710B50446FFF7F6F800F5CF
:10798000E671E269E36B9A4228BF1A461046FEF799
:1079900053F9B0F5296F28BF4FF4296080B210BDAC
:1079A00010B5044686B020B94FF4C3713520D8F71E
:1079B000C3FD90F88C2002F0FF0312B140F2871152
:1079C000F4E7014601226846EFF76AFA694604F5D2
:1079D000F870F8F79BF810B940F28B11E6E706B0A3
:1079E00010BD436893F818212AB1002283F88D2036
:1079F00083F8CA20704783F88E20FEF700BA4368E8
:107A000093F88D20032A05D1002283F8CA2083F839
:107A10008D207047FEF7F3B910B50446FEF7D5F98F
:107A20002046BDE8104000F010BF10B5044600F03D
:107A300020FF10B92046FEF7C8F9002010BDE4F77A
:107A400079BCA1F11303012B0AD910B91A2902D864
:107A50007047132906D920298CBF002001207047C8
:107A6000012070470020704738B5142853680D4630
:107A7000144693F88D300CD016281AD0122831D124
:107A8000052B14D1002220461146BDE83840FEF7F0
:107A9000A4BC223B022B0AD81046FEF796F935B15A
:107AA000626892F8E03023F0200382F8E030002092
:107AB00038BD252BFBD11046FEF787F96DB1626802
:107AC00092F8E13023F0010382F8E130626892F825
:107AD000E13023F0080382F8E1301A212046E8F76C
:107AE0003FF9E4E740F265413620D8F725FD4368C9
:107AF0000246497893F88D30A3F1110010280BD974
:107B00002D2B0BD0222B0BD0052B0BD0252B0CBFF4
:107B10001620FE20EFF7B8BD0320FBE72320F9E78E
:107B20001420F7E71220F5E7024640680B4690F86C
:107B3000E01041F0040180F8E01099785878EFF7F0
:107B4000A3BD70B50C460546D1E90501D9F788FA01
:107B500094F88C303BB104F5F8763046F8F748F8E5
:107B60003046F8F77FF804F5E4742046EAF7A6FB00
:107B700010B12046EAF7B0FB0D212846D9F7C4F929
:107B80000E212846D9F7C0F910212846D9F7BCF9AB
:107B90000F212846D9F7B8F911212846D9F7B4F9A9
:107BA00028461221BDE87040D9F7AEB900207047D1
:107BB000E9F78EBAE9F7AEBBE9F7FEBB70B5468EC2
:107BC000014690F89120B600B0F8C03012BBC3F166
:107BD00006039D1B91F8BE301BB191F88D30052B2B
:107BE0001DD101F18000FFF7F2FCD0B1D1E92D34B5
:107BF000E41AA41BAC420888A8BF2C4600F059FE2A
:107C000020B1C389043B9C42B8BF1C4624EAE470FF
:107C100080B270BDB0F8C250ED1AAD1BDAE7002497
:107C2000E8E72C46E6E7002070478C210A2008B5DB
:107C3000D8F782FC84210A2008B5D8F77DFC90F89B
:107C400035304BB9B0F87A30828A9B1A9BB2032B3D
:107C50008CBF012002207047012070470020704730
:107C600010B50C460A21E08DD9F738F910B1FF2381
:107C700080F8A630A06820B94FF4FA710A20D8F72E
:107C80005BFCBDE81040FAF718B870B50D4604214A
:107C90000646D9F723F9044648B906213046D9F7F4
:107CA0001DF920B115B190F8E53003B9044620461E
:107CB00070BD90F82D3053B90131C9B2837B01EB0F
:107CC0004300C0B2012884BF0130C0B27047023106
:107CD000F3E7C28D70B5044690F8300094F8341084
:107CE0004FF6FF7301F0FF05B1B99A420ED000289C
:107CF0000CBF23253B25A068FAF7A4F82B460146C4
:107D0000227C2046BDE87040F0F738BE94F835304C
:107D1000002B18BF0925EEE79A42E8D10925EAE7CA
:107D200010B514461A469DF80830F0F727FE00F506
:107D3000D570A0428CBF0020012010BDFF2380F829
:107D40002C307047C1737047FFF78ABF70B5044687
:107D50000668FEF738FE05462046FEF7C9FE0446D3
:107D600035B196F8CA301BB106F1F800EAF7B4FA5B
:107D7000204670BD90F83C00A0F1FF0358425841E6
:107D8000704738B590F8375000230446052D80F829
:107D9000373002D10089F1F707FE50342046FEF754
:107DA00033FE08B1042D04D12046BDE83840FEF76B
:107DB00066BE20460121BDE83840EAF7FDB94FF420
:107DC000D6710D2008B5D8F7B7FB38B50546C07D8C
:107DD0000C46F5F797F900F523434FF47A72A13377
:107DE000B3FBF2F3EA7D042A14D064B1032A07D06E
:107DF000022A40F6480208BF4FF48562981838BD41
:107E000041F2BE12FAE7032A06D0022A14BF50221A
:107E10002C22F3E7002CF3D14FF4E772EEE710B514
:107E2000044690F88830042B01D1012010BD90F851
:107E30008830062BF9D05030FEF7F2FDD4F8A03090
:107E4000834206D203EB4303D4F8B42003449342A5
:107E5000EBD20220EAE71D2313B50B70044630F87D
:107E60003E3C0A30A1F80330FEF742FE20B140F25A
:107E7000C1110D20D8F760FB052134F83E0CD9F76D
:107E800043F810B140F2C311F3E74FF4017303F06C
:107E900004021B0A62F3070063F30F2002B010BD57
:107EA00010B504465030FEF7A9FD88B994F8373074
:107EB00013F0FD0F0AD12046FFF7B1FF431E5942D0
:107EC00059412046BDE81040FFF77FBF0121F8E788
:107ED00001212046FFF779FFB4F8B830184410BDEF
:107EE00031B10B789B091841C04300F00100704785
:107EF000C0F3001080F00100C0B27047002070474E
:107F000073B5054608462821FEF727FB044630B323
:107F100083788DF80030C3788DF8013003798DF8BF
:107F2000023043798DF803308379684603F01F03EC
:107F30008DF80430FCF7ADFE88B1B4F80720B5F831
:107F40008A30D31A1BB2002B09DD01230098EA8581
:107F500085F82C309DF80430286385F8343002B061
:107F600070BD90F82C3010B5044673B1C38DB0F8D5
:107F70008A209B1A1BB2002B07DC00F130011E3057
:107F8000FDF731F8002384F82C3010BDF8B500F16E
:107F900050050446D1E904672846FEF72FFD324616
:107FA0003B4658B12846EAF725F908B90020F8BD44
:107FB0003E212046F0F780FF0120F8E72846EAF747
:107FC00033F90028F2D02046F1F7FAF9F4E790F8F7
:107FD0003730042B04BF002380F837300089F1F7D5
:107FE000E3BC70B50446056805292AD8DFE801F02E
:107FF000032D1320292405F15000FEF79AFC28B91F
:10800000236B2846DB68BDE8704018472846BDE86A
:108010007040F1F78DB92846FFF7D9FF2046FEF7EB
:1080200088FC90B120460021BDE87040EAF7C4B852
:10803000BDE87040F4F7DABD036BBDE870401B6922
:1080400018475B210C20D8F777FA70BD01207047E4
:108050002DE9F843B0F802510F46C38904460135B3
:10806000ED1AD0E90423ADB2AD18A9B243F100086E
:1080700000F044FA0646002846D1B4F86C3094F873
:108080005420013394F838105B1940EB0808A3FB27
:108090000235013B02FB085545F1FF35032920D18C
:1080A000D4F8981051B1C2EBC202D2439A424FF0B9
:1080B0007F03AB4107D33046BDE8F88340F2F2417D
:1080C0004D20D8F739FAA37E022B05D0A37F1BB928
:1080D0000823E377FF23A3777F2D94BF0026012693
:1080E000E9E7D7E9048904F1C8073846FEF786FCBA
:1080F00042464B4650B13846EAF77CF80028DAD0C1
:108100003E212046F2F734FB0126D4E73846EAF751
:108110008BF820B108212046F2F762FBF4E7D4F88F
:10812000983013B94FF4A461CAE77F2DC3D9F1E7A2
:10813000E0F73EBA70B515461E46D0F8984044B1F7
:10814000F83C2A4633462046F5F73EFBD4F8F84083
:10815000F5E770BD37B55C1C058AE4B22B46009488
:10816000FCF7E4FF03B030BDF1F78ABC0AB104307C
:1081700080B2FAF729BA08B52C230B70437A0B7139
:1081800010F87F0CC8700A21D8F7BEFE20B140F26B
:108190009F114920D8F7D0F908BD08B52A230B70E4
:1081A000437A0B7110F87F0CC8700A21D8F7ACFE27
:1081B00020B140F2FB114920D8F7BEF908BD08B53F
:1081C000F2F7E8F9BDE80840E0F732B9002070475F
:1081D00010B54FF4A47200210446F8F78FFEF2F7B1
:1081E000E1F90023C4F8F800C4F8C840C4F8983096
:1081F00010BD38B591F838300C46032B08D100215A
:1082000094F8A600FFF741FD10B14FF6FF73C38548
:1082100094F8383004F1C800022B07D1FEF768FC4F
:1082200050B140F201114920D8F786F9FEF760FC01
:1082300010B140F20911F6E7D4F8985025B32B6835
:10824000C4F8983094F83830032B0DD1A5F1F8001C
:1082500001F0C4FA0B2135F8060CD8F755FE0028BA
:10826000EAD04FF48B71DEE7022BE5D1A5F1F800DF
:1082700000F009FC0C2135F8060CD8F745FE002863
:10828000DAD040F21B11CEE738BD10B50139029C9F
:10829000013803FB014402FB004010BD10B903FB91
:1082A00001F07047009B03FB02F0704710B550B916
:1082B00003FB01F49DF8102008209DF80C10FFF737
:1082C00055FF204410BD029B03FB02F4F2E770B59A
:1082D00090F83C30044690F83B500E4690F85720FA
:1082E000ED1A036E90F86F10013E90F858005D4350
:1082F000FFF73CFFE36D03FB0655284470BD30B526
:108300009DF80C509DF81840B3FBF5F39DF8105004
:108310005B1B9DF814506B4303FB022210440CB10D
:10832000084430BD401AFCE741EA0020704770B5B0
:1083300015461E460C46D9F76FF806FB05F3DBB26F
:10834000A34234BFE41A00249DF8103038BFE4B2D1
:10835000012E98BF012503FB0455854208DCF5F783
:1083600023FCBDF81430984234BF0020012070BDBA
:108370000020FCE790F8541090F8562090F83E301A
:108380004A4390F85500D2B2934289BF9B1A00230A
:1083900093FBF1F3DBB25843704702292DE9F04714
:1083A00080460D469146DDE909761ED940F6C41295
:1083B00002FB03FAFCF757F901465046F6F754F969
:1083C00004464FF4FA715046F6F74EF9231820335D
:1083D000089A9632B8F1000F09D1934238BF13467C
:1083E0005D4333603D60BDE8F0870023F0E702FBAA
:1083F00009F93A6099452CBFC6F800903360F2E75E
:108400004FF480720021F8F779BD70B50C4605462F
:10841000A8B1A1B1837E93B90B784A78C3F38203E4
:108420000376CB78012B0BD1032A08D9022383765C
:108430000B79C3774B798A7943EA0223038470BDB1
:10844000002BFCD1072AFAD90E1D3046FCF721FC7F
:108450000028F4D00123AB76637AA27A43EA0223A0
:108460002B856368C5F82330237A85F82730E6E743
:1084700037B50346027E807E012812D0022824D11F
:10848000D87F01241B8CCC70A1F80530042308711F
:1084900092004B7002F01C0242F003020A7003B01B
:1084A00030BD1D8DD3F8230093F82730ADF805506B
:1084B0008DF8043000234860CB70BDF804009DF8AF
:1084C000063008818B720823E2E762215020D8F73A
:1084D00033F8837E012B10B504460ED1038D028A3A
:1084E000013B9B1A47F6FD729BB2934205D900F1FE
:1084F0002301FCF778FD0023A37610BD08B5837E29
:10850000022B14D1038C5B1A47F6FD71013B9BB221
:108510008B420CD990F83830022B04D1C17FF2F78E
:108520005FF9012008BD1621F2F76EF9F9E7002086
:10853000F8E770B5827E04460AB1002070BD837FE3
:1085400003F0FF063BB1038A0733038402238376DB
:1085500082770120F2E790F82230002BEDD000F175
:1085600023052846E8F7D6F90028E6D084F82260EB
:108570000522611C2846F8F763FC0028DDD0238A19
:10858000073323850123A376E3E770B590F90F3015
:10859000041F0D1F0C30DB1100225BB254F8046F76
:1085A00042EA4602844245F8042F22684FEAD2721A
:1085B000F4D10A7823F0780353400B7070BD2DE995
:1085C000F04111F0030498B006460D4690461F4650
:1085D00003D0B7215220D7F7AFFF5022214604A87D
:1085E000F8F78CFC1E9B1022214608A816938DF8E4
:1085F0005C808DF85D70CDE914650CADF8F77EFCFC
:1086000007236A4608A93046F8F716FA294668464D
:10861000FFF7BBFF10A92846FFF7B7FF102221463E
:108620006846F8F7ABFC102221460DEB0200F8F784
:1086300065FC9DF85C30A3F11006159A102B3244AE
:1086400013D9131F04A90C3253F8040F51F8047BFB
:108650009A4280EA0700C860F6D1072304AA08A955
:108660001498F8F7E9F9F3B2E5E7C3F1100310A99C
:1086700004A813F0FF0314BF8C46AC4603F1FF3E81
:10868000E1B28B4232D9AEEB040671427141C901AD
:108690001CF80470013410F8016B102C86EA0706F0
:1086A00081EA0601C173EBD19DF85D3008A9169AE5
:1086B000002B14980CBF05230723F8F7BDF92246B9
:1086C000002108A8F8F75AFC2246002104A8F8F770
:1086D00055FC224600212846F8F750FC224600218E
:1086E00010A8F8F74BFC18B0BDE8F081115DCFE79A
:1086F00008B5F3F721FEBDE80840F2F73FBF08B523
:1087000020B940F209112420D7F716FF27230B7058
:10871000B0F809308B80037BCB70C37A8B7108BDB6
:10872000436893F8E320520708D593F83E2102F0FE
:10873000FF002AB9FF2283F83E2170471A207047B4
:108740003A2070471D2310B504460370E7F700FB7D
:108750006070022010BD1E2310B504460370E7F7B9
:10876000F7FA6070022010BD08B5436893F88D20B9
:108770001AB16E212420D7F7DFFE372283F88D202F
:1087800008BD08B50378426833B992F88E306BB1F2
:1087900079212420D7F7D0FED2F88030D90501D432
:1087A0007D21F6E723F48073C2F88030BDE80840ED
:1087B000FDF725BB08B5027843684AB993F88E20C7
:1087C000DAB9372283F88E20FDF708FB002008BDB8
:1087D000D3F8802012F4807F11D14978072905D978
:1087E0004FF4E952A3F812213622EBE742F48072EB
:1087F00083F87F10C3F88020E6E70120E7E7202018
:10880000E5E710B5446894F88D30372B1BD14978D3
:10881000072903D803780BB184F87F1094F83E3110
:108820004BB1072940688CBF1E220022F2F7F4FEEC
:10883000002384F83E31002084F88D00A4F8C6009F
:1088400084F8CA0010BD0120FCE710B5446894F814
:10885000E33023F0040384F8E33094F83E313BB175
:108860001122FF214068F2F7D7FE002384F83E3141
:1088700010BD1D2910B510D1446894F88D30372BE8
:108880000BD194F83E3133B1FF214068F2F7C4FEBA
:10889000002384F83E31002010BD0220FCE70123B4
:1088A0004380038000238380C3804FF448630381A7
:1088B00070470E21D8F712BB73B569460546FCF721
:1088C0009FFA044618B121215420D7F735FE2846D7
:1088D000019EFFF7EEFF28B1012373868481448156
:1088E0000482C48102B070BD3C2303804FF4FA437C
:1088F00043800123C38083800023038143814FF49D
:108900004863838170471121D8F7E8BA03460068AD
:1089100060B1EFF3108272B618680168196002B98D
:1089200062B60023037043708370C3707047F8B55C
:1089300090F82C301BB9B0F89A402046F8BD90F85A
:108940009650B0F8904090F89530BDB113B901340D
:10895000A4B2F2E7D0E91E31426AD0E92056581B92
:108960004FEA520361EB0601C0184FF0000341F1DA
:108970000001F8F791F9204484B2DEE7002BDCD047
:10898000D0E922C6D0E90031D0E90927B3EB0C03C6
:108990003A4461EB06016FF001069E428D4104D21C
:1089A00040F299312620D7F7C7FDC17FB3FBF1F321
:1089B0007B439A42C1D2CAE770B504460025E66BF4
:1089C000206E1EB9D8F74AFD266670BDE16B0B68B4
:1089D000E3630D704D708D70CD70F9F759F9EEE7C6
:1089E000036E10B5044623B9807FD8F725FD2066B5
:1089F00008B1002010BD0720FCE7F4F735BE38B5FC
:108A000004460D46182200214830F8F777FA204630
:108A100084F85450F4F746FE10B9FF2384F855301B
:108A200038BD002100220023783040F83C1C40F87B
:108A3000381C00F8581C40F80C1C40F8081C40F882
:108A4000041C40E91E232822F8F758BA034690F880
:108A5000302002F0FF0012B1186EF9F709B9FF22B9
:108A600083F8682070470B460146186EF9F710B975
:108A700010B50446606C28B1036821466364FFF7B3
:108A8000F2FFF7E710BD10B5044690F830300BB197
:108A9000F4F7EAFD236E3BB12046FFF7E9FF2046DD
:108AA000BDE81040FFF788BF10BD38B50D4604463D
:108AB000F4F7DAFD3DB92046FFF7DAFF2046BDE8BE
:108AC0003840FFF779BF38BD2DE9F041054686B043
:108AD00019464FF00008EC7F04AB1046D5E9097643
:108AE000019302AB7C4300934346B4FBF6F4A4B27B
:108AF0002246F8F723F9BDF81030BDF80820E41A33
:108B000085F89880A5F89A20A5F89C40B6FBF7F365
:108B10009BB2B2FBF3F103FB1122A5F89E2006B035
:108B2000BDE8F0812DE9F04F0F4687B0044620B92B
:108B300040F241512620D7F7FFFCD4F80B50A0F1AA
:108B4000310850F8310CD8F80410002D00F0CB801B
:108B5000D5E90269494508BFB04208D104F10B00CC
:108B6000FFF7D4FE854267D040F25241E2E78642E9
:108B700079EB010357D395F818B0BBF1000F49D139
:108B800014F8113C012B33D8D4F83F300133C4F82A
:108B90003F3014F8013CDBB2039354F8313C0193AD
:108BA000D8F804300293DDE90132134307D114F8F9
:108BB000053C23B9002200234046FFF785FFD4F887
:108BC000136046B1D6E90223DDE90110984208BFDF
:108BD000914218BF0026039B002B00F01383D4F8AA
:108BE00033A0BAF1000F40F08B8040F2DE31A1E7F4
:108BF00014F8122C5B460192F8F74EF88246019A5F
:108C00005B46304649461FFA8AFAF8F745F880B2C3
:108C10008245B9D104F10B00FFF778FE85422BD0D5
:108C200040F25D4186E704F10B00FFF76FFE8542DD
:108C300034D040F274417DE7D4F81300002203469B
:108C400023B982B113682B601560A2E7D3E902C192
:108C5000894508BF66450AD0664579EB0101F0D326
:108C60001A461B68ECE72860C4F8135091E74146A8
:108C70002846FFF7F8FE8CE7D4F8130000220346DD
:108C800073B9D2B113682B601560D4F82F00F9F7CF
:108C900008F8D0B904F1130000F068FE414612E074
:108CA000D3E90271894508BFBE420AD0BE4279EBC2
:108CB0000101E6D31A461B68E2E72860C4F81350A6
:108CC000E3E741462846FFF7CEFED4F80B300027F5
:108CD000003B18BF0123002067F3070063F30F2058
:108CE00007B0BDE8F08FD4F81330002B3FF44CAF41
:108CF000D3E90223994208BF90427FF445AF48E789
:108D0000002E00F06A8114F8051C06F1200996F87F
:108D1000205096F8212041B115F0020F0CBF032519
:108D20000025012A1DD8032571E005F00300022863
:108D300000F0278115F0020540F0D38294F86730E7
:108D400020B95B00DDB2B4F8613023E013B1002A32
:108D500040F0C982B4F86B000128F4D183F001051A
:108D6000F1E794F863C006F1230E0EEB0C035B7879
:108D70000CEB03001EF80CC01CF0010F00F1020008
:108D800040F0F880022BCED99042CCD8033BB4F807
:108D90006120DBB2134434F8152C9342D4BF002376
:108DA00001239D4238BF1D46012D30D8002900F017
:108DB000EA8006F1230C94F863001CF80030DB070E
:108DC00025D454F8191C6044D6E9043290F803C045
:108DD000CB1842EBE17102798078120442EA0C224E
:108DE00002430020934271EB000C10D39A1AD4F87E
:108DF000533061EB0001D4F84F0090428B4106D212
:108E00000123C4F8472084F86530C4F84B1040466D
:108E1000FFF78DFDB4F85F108646401A82B200B2AB
:108E2000012840F07981002D40F02D819DF814201B
:108E300006F1230B96F8201096F8219061F30102B9
:108E40008DF8142014F8052C002A00F0C88094F83E
:108E500063101BF801000BEB010CC0F340029CF8FF
:108E60000190C00757BFA9F10309023105315FFA2C
:108E700089F94CBF84F8631084F8631094F8631088
:108E80000AF1080CB4F861008B44002A00F0EB8072
:108E9000D4F84B2000EB090AA4F13101D4F84700C3
:108EA000C4F853201FFA8AFAC4F84F00D6E9022307
:108EB000C1E9222334F8211C0122A4F85FE04FEA23
:108EC0001E2384F864200AF108023970C1F30321DB
:108ED00092B27B7241F060017860BA7007F10C00C9
:108EE0007970C2F30521C2F30D0287F808E0F9702A
:108EF0006146083A92B2BA72C2F30322FA72B4F827
:108F00006120F8F7A7F8B4F861004A46594638449A
:108F10000C30F8F79FF8B4F861304B44A4F8613096
:108F200094F863304B4484F8633094F82430002B79
:108F300000F0978094F82330012B66D0022B60D08C
:108F4000002B76D1BAF1000F73D0D4F81F30013363
:108F5000C4F81F300023A4F8613084F865302F4630
:108F600096F8212094F863309A4280F0298140F2EB
:108F70000D51DFE594F865C0BCF1000F7FF404AF3C
:108F8000D1E60325DFE6B4F86130002B7FF43FAF74
:108F900054F80D0C14F8123C54F809CC4343B4F8BF
:108FA0006B20B3FBFCF39BB29A427FF430AF54F8D2
:108FB000191CD6E90432CB1842EBE171604506D2A8
:108FC000B4F86D204243D218134641F1000101224A
:108FD000C4F8473084F8652017E7B146A3E69DF84A
:108FE0001420930707D184F86700B4F86B20511E52
:108FF0004A424A4142E794F86720002A3FF43EAFD4
:10900000F3E734F8153C9A459FD1BAF1030F9CD988
:1090100014F8053CFF68A3B194F82B307BB1D4F869
:1090200027300133C4F82770FF2284F82B209F4299
:109030008BD1D4F817300133C4F817308AE73B4698
:10904000F0E754F80D1C14F8122C4A4354F8091C8C
:10905000B2FBF1F2D6E9020192B2F7F71DFE8742A8
:10906000E6E7082576E74A4659466044F7F7F2FFF7
:10907000B4F861304B44A4F8613094F863309944FB
:1090800084F863906BE7022D0CBF4FF0010A4FF09C
:10909000020A0131002394F865C0A4F131001FFADF
:1090A00081FBA4F8613084F86530A4F85FB0BCF1AE
:1090B000000F4AD194F864C0BCF1000F59D054F8A5
:1090C0000D3CD0E920219B1841F10001C0E920317D
:1090D00094F82420002A4ED094F82B3023B1D4F8F1
:1090E00027300133C4F82730D4F81B300027013370
:1090F000C4F81B30A4F13101D1E90023C1E92223D6
:1091000035B1B9F1000F03D099F8013084F863301C
:10911000002E7FF425AF54E014DCB9F1000F0CD021
:1091200014F8053C5BB155B994F8633099440233A7
:1091300099F80420134484F863300027E8E799F88D
:109140000130F8E74FF0020AA3E7D2B254F80D1C41
:10915000013AD317A2FB012E01FB03EE836F9B1A8A
:10916000C26F62EB0E010122C0E9203184F8642055
:10917000AEE76346ACE7BCF1000F1ED0082134F81F
:10918000212C0020B9703A70C2F30322F87042F02B
:10919000200242EA8C127A70520607EB010248BFA5
:1091A0007B604FEA1B2307F801B0082753700023A8
:1091B00093704FEA8A13D3709CE763460421DEE77D
:1091C00069D1019B5A1C029B43F1000344F8312CE6
:1091D00044F82D3C14F8053C63BB54F80D0C14F80E
:1091E000122C54F8091C4243B4F86B30B2FBF1F274
:1091F000013B92B29BB29342A4F86B3004D340F28D
:10920000195197E4039FDCE7A3B9A4F86B20B4F8E5
:10921000692084F867300132B1FBF0F1A4F86920CD
:1092200089B2B4F86D20013292B2914218BF134650
:10923000A4F86D30002384F86330B6B1D4F813304D
:1092400013B94FF4AF6175E4D3E90212DDE901050A
:10925000954208BF8842F4D11A689E42C4F8132090
:10926000EFD141463046FFF7FEFB039B9BB994F8D4
:1092700037305BB1D4F82F302BB14046FFF7F8FB05
:109280004046FFF799FB002384F837300023A4F809
:10929000613084F86530D4F81330A4F1310254F809
:1092A000316C506833B1D3E90251884208BFAE42F5
:1092B00018BF0023D4F80B1089B983B9A4F129038E
:1092C000D3E9000154F8313C5268013342F1000205
:1092D000984271EB02022CBF01230023FBE401231F
:1092E000F9E40D462FE502252DE500238365D0E93D
:1092F0002032013342F10002C0E9203290F863309D
:1093000013B1013B80F8633070472DE9F04F0446FC
:1093100085B04FF00008A56D65B9606D50B1F8F7E4
:10932000A7FCA06530B118222946083084F86250A5
:10933000F7F7E4FDA56D4DB3B4F860C0277FBCF12D
:10934000000F21D194F86330F3B1EFB9D4E92023B1
:1093500085F821702F706F70AF70EF70C5E9022330
:109360004FF0010385F82030EFF3108372B6626A84
:109370007AB96562A56203B962B64FF001036B74F6
:109380002046FFF7B2FFC6E7E66A2EB905B0BDE892
:10939000F08FA26A1560EDE796F8213003F03002F5
:1093A000202A04D04FF4F6719520D7F7C5F81B0991
:1093B00003F00403243306EB030A0AF104030193C8
:1093C000BCF1000F6BD1D6E9020E002F53D0D6E9C5
:1093D0000432D6E90619C31A6EEB020E012B7EF198
:1093E00000022DDBB3F1004F7EF1000E01DBD02136
:1093F000DAE7A269501E0344B3FBF2F35918E27B8B
:1094000049EBE373A1FB0210D4E9209E02FB0300A9
:10941000494570EB0E0338BF704694F862E038BFE0
:109420004946BEF1000F1BD0D5E90223834208BF95
:109430008A4215D06B7C002BA2D14FF4FF71B3E7A9
:1094400053EA0E020AD0B3F1004F5EF1000E01DACA
:10945000D521A9E7A26993FBF2F3CFE70123CDE77A
:10946000C5E90210A37BA3EB0E03DBB2042B14D8D7
:1094700040F2072198E7D4E90512E37BB2FBF1F251
:10948000B3FBF2F9D2B2A9FB0010B3FBF2F309FB74
:109490000E00C5E9021084F86330C4E9201005F11C
:1094A0002303002F00F0DC80E17BB26994F86200B6
:1094B000A2FB01E2D4F88020A2EB0E02B2FBF1FE87
:1094C000A269D6E90471EEFB0271894610B1BCF1C4
:1094D000000F31D11A18D6E9021E626600221A5214
:1094E000821CD2B284F86220BCF1000F40F0B3803D
:1094F0008F4279EB0E0E02D24FF4CD7154E7791AF8
:10950000B1F1807F02D340F29F114DE7039199188A
:10951000BDF80CE09DF80E0023F802E0887094F886
:109520006220033284F86220626E517803315170F8
:1095300011786CF30001117096F8232096F822B090
:1095400002F03F02D4E920015BEA022BC5E90201E7
:1095500009D096F82120510654BFABF1040BABF1B2
:10956000080B1FFA8BFBB4F8601094F86200A27B22
:10957000ABEB010C121A1FFA8CFC1844D2B29445C2
:1095800038BF5FFA8CF20AF1040C8C4401926146F8
:10959000F7F760FD94F86210019AB4F86030114456
:1095A00094F81CE01344C9B29BB284F862109AF894
:1095B00003C09AF802000CF00F0CA4F8603040EAE7
:1095C0000C20BEF1000F11D0D4F864C09CF801A0AB
:1095D00052448CF801201A1AD2F1000A4AEB020A0E
:1095E0009CF800206AF341028CF80020A27B8A429A
:1095F00001D0834228D16A7CA2B3EFF3108372B604
:109600002A7C0AB985F8211003B962B6237F0BB909
:109610006A7CB2B994F862C0A07B844511D02A7CE0
:109620007AB98BB16369D6E902125B1842F1000284
:109630009F4279EB020204D3A0EB0C00C0B20828D1
:1096400002D82046FFF751FEB4F860305B452ED9B2
:1096500040F26321A8E61A5C42F001021A546BE75B
:10966000B94669E7BEF1000F1CD11B1A18BF0123D0
:1096700085F8203085F82110A36D83F8008083F8E9
:10968000018083F8028083F80380EFF3108272B6C2
:10969000616A49B96362A36202B962B64FF001031D
:1096A0006B74B3E70223E3E7A16A0B60F3E77FF48F
:1096B00032AE31462046F4F7CDFB0023A4F86030EB
:1096C00029E63E38FFF721BE70B504460025666ADC
:1096D00016B9A16D59B970BD616A606D0B6863629E
:1096E0000D704D708D70CD70F8F7D2FAEFE7606DA8
:1096F000F8F7CEFAA665EEE7436D10B5044633B130
:10970000FFF7E2FF606DD7F7A1FE0023636510BD90
:10971000C0E92C237047C0E91A23009BD3E9022338
:10972000C0E91C23FF2380F87830704702230B70B8
:109730008B70704790F8773007B513B943720020EB
:1097400010E0037F03F0FF027BB90D230B700123B0
:109750008B7030F8343CA1F80330437AA1F805301F
:109760004272042003B05DF804FB3438F4F77AF950
:10977000E5E737B50446FF2580F850500025C5645D
:10978000079D0195069D0095F4F78CFB054610B9E1
:109790002046F4F767F9284603B030BD38B50446D3
:1097A000406DF8F75FFA0025582229466562A01837
:1097B000A562E5622563F7F7A1FB294604F1B8002D
:1097C0001022BDE83840F7F799BB10B50446F4F70E
:1097D00035F92046BDE81040FFF776BF10B50446C6
:1097E00090F820300BB1F4F79FFB2046BDE8104005
:1097F000FFF782BF00F038B8801A00F3070038B5D1
:109800000D46144659B240B2F4F758FC00232870B4
:1098100020446B7040B238BD00230360704770472E
:10982000002070474FF0FF3070474FF0FF30704717
:1098300070474FF0FF30704700207047002070479E
:109840000023037070479DF800300022FFF7D4BF5B
:109850004FF0FF307047002070474FF0FF307047E7
:109860004FF0FF307047704770470020F4F75CBC42
:109870000020F4F7D9BC0020F4F704BD0020F4F771
:1098800053BC7047F6F7F0B970B50024F6F712FF35
:1098900005462646E0B2854200D870BDF6F710FFB7
:1098A0000134068580F82A60F4E7F8B503790446A8
:1098B0001BB11B219D20F6F789FF4679017126B95E
:1098C00001234371217909B96171F8BD27682046E8
:1098D0002671B84702280546F4D103212046B8472F
:1098E00008B12F21E6E7236829462046984700283B
:1098F000E8D03021DEE703460068884204D109B190
:109900000A681A600846704728B97047884202D131
:109910000A681A60F6E7034600680028F6D1704727
:1099200003460068884209D1EFF3108272B61868C6
:1099300008B10168196082B962B6704748B97047CA
:10994000884206D1EFF3108272B618680168196078
:10995000F1E7034600680028F2D17047006820B1A3
:10996000034600680028FBD118467047024600688D
:1099700060B103684BB11A461B6823B903681A68C3
:109980000260184670471046F5E713607047F7F716
:10999000DFB8704720BF704700280CBF6FF015007C
:1099A0000020704700207047072303700020704795
:1099B000002070470020704710F8012B11F8013B80
:1099C000012A28BF9A42F7D0D01A7047014805F003
:1099D00061B900BFB802002107B5CDE90001014619
:1099E000054806F026FF002200236946034808F0D8
:1099F00018FF03B05DF804FBC08500218802002138
:109A000038B5094D4FF0FF324FF0FF33284605F0CF
:109A10000FF9044601F0DAFD10B1204601F0D6FB43
:109A200005F0A0FDEEE700BFE80200212DE9FF47A9
:109A3000DFF8E090384FDFF8E4804FF0FF3302A901
:109A40004FF0FF32484604F0C9FF029C039E2346B4
:109A500013F8010B711E0228039125D0052836D07A
:109A6000012804D02146384606F0FDFEE5E702292C
:109A7000F8D9E278043E9642F4D10322CDE90032CF
:109A80004FF0FF324FF0FF3301F062FD0546043422
:109A900005F10C0A504607F09CF9864229D9284660
:109AA00001F094FB0299DEE70329DBD9B4F8032027
:109AB000053E9642D6D104204FF0FF32CDE900306A
:109AC0004FF0FF3301F044FD05340546E0E703297C
:109AD000C8D9B4F80320053EC2F30D029642C1D1A5
:109AE00004221020CDE900324FF0FF324FF0FF3357
:109AF000E8E721463246504607F04AF938460299CF
:109B000006F0B1FE002D98D02946404608F029FF06
:109B100093E700BF88020021C0850021E8020021F0
:109B200008B50A4801F05EFD70B9094806F046FE26
:109B3000002802DA10F1780F06D1BDE80840054A86
:109B40000549034806F048BE08BD00BFD002002109
:109B5000E030030118010021C085002170B54FF0ED
:109B6000FF324FF0FF330D4805F0CEF80C4E0D4D8F
:109B70004FF0FF324FF0FF33304605F059F80446FE
:109B80002846228AE16806F03BFE002803DB2046D7
:109B900001F01CFBECE705F0E5FCF1E7B802002161
:109BA000D0020021C0850021014B1B68184700BF6F
:109BB00034010021014B1860704700BF34010021BF
:109BC00030B585B004460D4610220021684609F0E4
:109BD00047F902238DF80230044B2A462146684695
:109BE000019306F041F805B030BD00BFA99B02010A
:109BF00080B505460E461746984605F057FD0346C4
:109C000009F0BAF90446DFF81890424649F80030E6
:109C100039463046A84754F8090000F0C5FE00BF99
:109C2000080000002DE9F047058B04462807904600
:109C300011D4022905F0070540F0CC80204606F03B
:109C4000D6FC78B10138218B042811D8DFE800F068
:109C5000C2106D85950001290CBF45F0100545F037
:109C60002005258388F31188BFF36F8FBDE8F08747
:109C700001F0070AAA4500F0A5800027B9463E4634
:109C8000A368002B00F0BC8041F00801218388F319
:109C90001188BFF36F8FA168002900F0BA800D68AA
:109CA000002900F0B680334652462046D1F80480A1
:109CB000C047002D76D02B6829461D46F0E701F0FD
:109CC00007035A1F012A1BD8002221F00701062B87
:109CD000276889B2C4E9002209D13B4603E0628BC0
:109CE000013262831B68002BF9D141F0020120464A
:109CF000218306F07CFC00287AD041F0200176E038
:109D0000042B0AD121F0070189B22046218306F0F5
:109D10006EFC10B141F020012183218B01F0070A74
:109D2000AA454FD00027B946AAE7236921F00701C9
:109D300041F00601062DD3F8009021832DD1B9F111
:109D4000000F3FD041F00801218388F31188BFF351
:109D50006F8F20463949C84729E021F00701236960
:109D600041F0040189B2042DD3F804902183E6D098
:109D700000274FF0040A3E4682E721F007012369DD
:109D800041F0050189B2052DD3F808902183D6D082
:109D900000274FF0050A3E4672E700274FF0060AFB
:109DA0003E466DE72B4687E7B9F1000FD1D1EFF3BF
:109DB0001188402383F31288BFF36F8F238B23F026
:109DC00008032383258BEA062ED525F01003238371
:109DD00005F007056669218B002EBFF670AF0023E2
:109DE0002768C4E9003321F0070141F00101218314
:109DF000218B4FF0000901F0070AAA457FF440AF1C
:109E0000002F9CD041F00801218388F31188BFF313
:109E10006F8F002FC8D03D683946334652462046E2
:109E200006F011FC2F46F4E7AB067FF51BAF25F0DB
:109E30002003238305F0070500E700BF7306030135
:109E400030B50C460E4985B00291D0F8D4110546C4
:109E5000CDE9003100F1F0014FF0FF33204604F06E
:109E60007FF950B9012384F86C30D5F8D03123B193
:109E7000204605B0BDE83040184705B030BD00BFF2
:109E80008B09030138B50C461146054606F07FFDE7
:109E9000034638B92846044906F079FD03460020F8
:109EA000236038BD0120FBE73D3C03012DE9F04F65
:109EB000012381460569466889B005F55D77D7E8D5
:109EC000EF2F002A03D1C7E8E13F0029F7D10CBFEB
:109ED0001A46002240F0B180B368B16A05F5F878FF
:109EE0001C1F104606F0DAFD84426FD8013A00F0DC
:109EF0009E80B2FA82F24FF00044D440726820464D
:109F0000073222F00302C5F83C22B16A06F0C6FD12
:109F1000C5F84002B36A40466343033323F00303AA
:109F200002EB4302230103EB4403093323F0030351
:109F300003EBC403C5F834221A440832C5F83022B2
:109F40007368C5F83842C5F82C323D4BC5E9AD639E
:109F5000316800F0E5F90446002835D1D9F810B091
:109F6000D9F804A0D9F800300BF53479CDE9060012
:109F700005934846DAE90734012B08BF103C08F086
:109F80006FFDDAF824002F4905AB01EB80214FF477
:109F9000806248460093234605F01AF82A490BF5DB
:109FA000307008F016FDDAE9050183685C684CB191
:109FB0005B46264AA047044630B9DAE905018368C2
:109FC0001B692BB96FF05704002129E0013288E7A3
:109FD0000122984704460028F6D11D4B2846C5F8B3
:109FE000D0311C4BC5F8D4311B4B0393D5F840320C
:109FF0000293D5F83C32CDE9008305F51173B26ABE
:10A00000D5F8701300F054F904460028DCD105F1AE
:10A01000F00004F04BF90028C5F878030ADB0221B0
:10A02000384606F0E8FC204609B0BDE8F08F6FF036
:10A030000B04C9E76FF01504C6E76FF07704F2E789
:10A04000E109030160920021C7090301BB09030173
:10A050005DA00201730B0301270A030113B5044637
:10A0600040B100230122CDE90032074BD0E90912AB
:10A0700004F04AF8236F1B6823B1606F02B0BDE89B
:10A080001040184702B010BD3D3C030113B5044613
:10A090000846216901F55D71D1E8AF1F022910D191
:10A0A00093B1A0B10121CDE900311346D0E90912E5
:10A0B00004F02AF8074B984208BF6FF00B0002B07B
:10A0C00010BD6FF00F00FAE76FF04C00F7E76FF08C
:10A0D0000100F4E72EF8FFFF2DE9F3478946154606
:10A0E000066906F55D73D3E8AF3F022B64D11368B0
:10A0F00023B96FF0150002B0BDE8F0871B78002B84
:10A10000F7D0D6F870A3BAF1000F36D106F5EC7788
:10A110004FF0FF324FF0FF33384604F0C1FC3046B9
:10A120002A6801A9FFF7AEFE019C80461CB938469B
:10A1300006F05FFCDDE705F108032367AB6984F8EF
:10A140006CA06367646460B1384606F052FC214637
:10A150003046A36E2A68FFF773FE0020C9F800405E
:10A16000C9E71F22296804F1480008F093FE384629
:10A1700084F8678006F03DFCEFE73046104906F0B2
:10A1800006FC04460028B4D0002705F10803036745
:10A19000AB6980F86C70436740641F2229684830BF
:10A1A00008F078FE22460121304684F8677000F0FE
:10A1B00061F80028D1D09CE76FF00F009BE700BF4B
:10A1C0003D3C030110B50C46006900F55D73D3E812
:10A1D000AF3F022B0FD189B10A4900F5307008F06A
:10A1E00024FC204607F0DDFF78220021204608F0FD
:10A1F00037FE002010BD6FF00F00FBE76FF001008D
:10A20000F8E700BFC88500212DE9F04F05460E464E
:10A2100090460027D0F8C4A085B0AAF5BE742146A8
:10A220003046FFF7C9FBE0B9114BA4F1480B02938C
:10A23000DAF810303246CDE9008329464FF0FF337B
:10A240005846AAF5E27903F08BFF60B97823012222
:10A2500003FB079383F86C20DAF80C300BB15846F7
:10A260009847783417B105B0BDE8F08F0127D6E7DD
:10A27000A10B03011FB5144690B18AB1012912D177
:10A280000A4B00F1F0010293D0F8D4314832019327
:10A290004FF0FF332046009303F062FF04B010BD7F
:10A2A0006FF01500FAE70020F8E700BFA10B0301EB
:10A2B0002DE9F04387B00E46DDE90E811446DDE955
:10A2C00010251F4630B329B3DFF850C000F1F00964
:10A2D000002D08BF65469EB9CDE9034400F5E27440
:10A2E0002046059608F0F5F903ABCDE900432A4670
:10A2F0003B464146484604F053F807B0BDE8F083BA
:10A30000002241460E9248462A4607B0BDE8F04377
:10A3100004F09CB96FF01500EFE700BF09A202013D
:10A32000F0B504462B4A87B004AB0E4692E8030012
:10A3300083E80300002C49D0184603F0EBFD0546E6
:10A34000B0B94FF0FF33E16C04F15407A163CDE9DC
:10A35000010000933846236D04F1380207F0D1FB69
:10A36000A06C06F04CFCC4F8BC0020B96FF00B05E3
:10A37000284607B0F0BDA06C06F041FCC4F8C00050
:10A380000028F3D0236CD4F8BC10C4F89030042318
:10A39000C4F89430C4F8AC300223E3620E4BB4F836
:10A3A0004820C4F88C10616C236204F18C03C4F85B
:10A3B000A070A4F89820C4F8B870C4F8A810A4F845
:10A3C000B020C4F8A400A6612363D1E76FF015059F
:10A3D000CEE700BFC032030118360301014B036012
:10A3E000002070474436030108B5044806F0F2F82F
:10A3F000034806F0EFF8002008BD00BF0C38030149
:10A400004138030108B50348034A0021121A06F037
:10A410002EFC08BDB00300215C8A0021074808B566
:10A42000074A0849121A06F024FCBDE8084006480D
:10A43000064A0749121A06F01CBC00BF00000021A2
:10A44000B00300218C3E0301000000210000002128
:10A450008C3E030138B505460C4699B1D1E901237C
:10A460000F48096806F0B6F8D4E90423E1680D48FE
:10A4700006F0B0F8E1690C4806F0ACF8A1690B48A9
:10A4800006F0A8F8012D05D1EFF305810848103931
:10A4900006F0A0F821462846BDE8384004F0ECB8A4
:10A4A0006F3803019F380301CF380301DF38030100
:10A4B0000E39030130BFFFF7FDBF00BF2DE9F041AA
:10A4C00005460B4EDFF82C80324606EB0807CC1B06
:10A4D0002046094908F0B7FCA01942460021083C73
:10A4E00008F0BEFC6C6707F10800BDE8F08100BF12
:10A4F0000000000004000000B8320301054B5A6957
:10A500009B689A421FBF044A536843F080535360CC
:10A51000704700BF1088002100ED00E010B5204C0E
:10A52000204806F057F8A36A990137D51E4806F06F
:10A5300051F81E20A36ADA0103D51C4806F04AF838
:10A540001F20174CA36ADB0203D5194806F042F816
:10A550000220A36A1C0303D5164806F03BF821200D
:10A560000F4CA36A590303D5134806F033F8222091
:10A57000A36A9A0303D5114806F02CF82320084C4F
:10A58000A36ADB0303D50E4806F024F82420A36A4F
:10A590006FEA03436FEA1343A36210BD1D20C9E7AE
:10A5A00000ED00E0223903013B3903014F3903017B
:10A5B0006A39030195390301B4390301DA3903011A
:10A5C000F539030170B5204C064620480D4606F0CB
:10A5D00001F8A36AD90435D51D4805F0FBFF172003
:10A5E000A36A1A0503D51B4805F0F4FF1820164C82
:10A5F000A36A9B050FD5184805F0ECFFA16BA36A71
:10A60000180407D5154805F0E5FF1EB1A36A23F429
:10A610000043A36219200C4CA36A5A0503D51048C5
:10A6200005F0D8FF1A20A36ADB0503D50D4805F015
:10A63000D1FF1B20044A936A43F47F4393620023B3
:10A640002B7070BD1620CBE700ED00E0213A03012E
:10A65000383A03014A3A03015E3A0301783A0301AA
:10A660008E3A0301AA3A030170B51F4C06461F48F3
:10A670000D4605F0AFFFA36AD90632D51C4805F098
:10A68000A9FF1120A36A1A0703D51A4805F0A2FFF3
:10A690001220154CA36A9B070FD5174805F09AFFA7
:10A6A000616BA36A180607D5144805F093FF1EB125
:10A6B000A36A23F08003A36213200B4CA36ADA077A
:10A6C00003D50F4805F086FF1420A36A064ADB066F
:10A6D00058BFA36A936A43F0FF03936200232B7071
:10A6E00070BD1020CEE700BF00ED00E0C33A0301CB
:10A6F000DA3A03014A3A03010E3B0301273B030107
:10A700003E3B03012DE9F0415B4B04465F680025A9
:10A710008AB0C7F3080685F31188BFF36F8F02F084
:10A720007F43B3F17F4F06D102F00C03082B13D106
:10A73000524805F04FFF00252C464FF00008F31E4D
:10A740008DF80780092B00F28580DFE803F00A7995
:10A750007D7583838383838110074CBF0C4601255D
:10A76000EBE74748444E05F035FF8DF80780F36A64
:10A770009A0704D5434805F02DFF00232FE0F36A24
:10A78000002B01DA4048F6E7F36A5B00F5D53F4855
:10A7900005F020FF7369A26943F480737361BFF30E
:10A7A0004F8FBFF36F8F736932F8022C23F48073DD
:10A7B0007361BFF34F8FBFF36F8F4DF602739A42F1
:10A7C00008D0B36ADBB24BB301200DF10701FFF7EC
:10A7D0004BFF33E021682E4805F0FCFE23689DF80E
:10A7E0000720C2B902AE04F1200732462068616832
:10A7F000083403C2BC421646F7D1099AB5B3C2F376
:10A80000080121B96FEA52226FEA422209921846E2
:10A8100002A9FFF71FFE0AB0BDE8F081B36A13F486
:10A820007F4F05D001200DF10701FFF7CBFE05E0BA
:10A83000B36AB3F5803FA0D3FFF770FE0346CEE7BF
:10A8400000200DF10701C2E700200DF10701ECE740
:10A85000104890E7104B17F4F87F1049104818BFC4
:10A860001946A6F1100205F0B5FE86E722F4FF7244
:10A8700022F00102CAE700BF00ED00E08C3B0301BB
:10A88000B83B0301D03B0301F23B0301013C030150
:10A89000213C03013E3C0301733B03015E3B03018A
:10A8A000633C0301064B5A6942F010025A615A692F
:10A8B00042F480625A615A6922F008025A61704774
:10A8C00000ED00E0EFF30880EFF3098101B5724677
:10A8D000FFF718FF01BD00BF002080F31488BFF30D
:10A8E0006F8F002080F30A8880F30B880F4880F375
:10A8F000088803F025F800200D490860BFF34F8F4A
:10A9000000F02CF8402080F311880A484FF40061D1
:10A91000401880F30988EFF314800221084380F384
:10A920001488BFF36F8F06F0B5F9000060AB00210B
:10A9300094ED00E0609A0021002318460649D1F802
:10A940009020C2F30722934200DB7047C1F8983091
:10A95000C1F8A0000133F6E700ED00E010B572B6D3
:10A96000002484F31388FFF7E7FF23464FF0FF30FE
:10A970000C4A03F120010133102B42F82100F8D1D9
:10A9800000234FF0FF30074A03F160010133102B21
:10A9900042F82100F8D162B6BFF34F8FBFF36F8F3B
:10A9A00010BD00BF00E100E0084B9B6883420BD163
:10A9B000EFF3058343B1064B5A6842F080525A6068
:10A9C0005A6A22F400425A6204F076BE10880021CE
:10A9D00000ED00E014498A684FF030001044EFF3B6
:10A9E000098C80E8F01F402080F31288BFF36F8F3E
:10A9F0000E4F4FF000664A698A603E60506F0C4C03
:10AA00002060906F0023936780F3118802F130007B
:10AA100090E8F01F8CF3098802F1000004B506F0FD
:10AA200044F9BDE8044070471088002104ED00E0BF
:10AA3000F08500211EF0040F0CBFEFF30880EFF348
:10AA40000980816911F8021C0229FFD001B5724604
:10AA500006F011F901BD00BF40B2002807DB012359
:10AA60004109034A00F01F00834042F8213070473B
:10AA700000E100E040B200280CDB01220649430956
:10AA800000F01F008240203341F82320BFF34F8F96
:10AA9000BFF36F8F704700BF00E100E0054B420934
:10AAA00053F82220012300F01F0003FA00F01040A9
:10AAB000704700BF00E100E0D30748BF002140B26B
:10AAC00058BF02310028ACBF00F16040064A4FEA8F
:10AAD0004113DBB2ABBF00F5614000F00F0080F81E
:10AAE00000331354704700BF14ED00E0044B054AD7
:10AAF00023F07F039360BFF34F8FBFF36F8F7047D7
:10AB00000000000100ED00E042F8203C009B0B49F2
:10AB100042F81C3C019B21F0010142F8183C029BC9
:10AB200042F8081C42F8143C4FF0807342F8043C91
:10AB30000023203A02658367704700BFF19B020142
:10AB400000B50D4B15469860426F0C4B0E461A60CF
:10AB5000436E83F30B882C4686F309880020044B50
:10AB600098472046002100220023024C2047000085
:10AB7000B90C0301F19B020110880021F08500212E
:10AB80001022014B1A61704700ED00E000234021C4
:10AB90000348C21801331E2B82F80013F9D1704705
:10ABA00000E100E008B5EFF30583064A103B02EB35
:10ABB000C30152F8330049688847BDE80840FFF7F1
:10ABC0009DBC00BFFC3003011FB5094C094A234658
:10ABD0000121094800F0FAF800230393074B0121F3
:10ABE000E41A01A80193029400F0FAF804B010BD31
:10ABF000000001210000002144360301B0030021C0
:10AC000010B50C7A0B6804F01F0223F01F031A43DF
:10AC1000CB68640923F01F03054943EA440343F06A
:10AC20000103C1F89800C1F89C20C1F8A03010BD04
:10AC300000ED00E010B5074BD3F89030C3F30723C5
:10AC4000013B984202D8FFF7DBFF10BD6FF0150003
:10AC5000FBE700BF00ED00E02DE9F04F0F46144682
:10AC600006464FF000084D4D85B0B84580F2928001
:10AC7000D6F80490B9F1000F36D0B9F11F0F40F2A9
:10AC8000878019F01F0F40F08380D6F800A01AF0DB
:10AC90001F0F7DD1504606F04FF8834609EB0A009E
:10ACA000013806F049F8834572D11BF1160F6FD0B9
:10ACB0005C456DDDC5F898B0D5F89C10C5F898B026
:10ACC000D5F8A03021F01F0143F01F0AD6E9003269
:10ACD0001A44994202F1FF391ED1CA4508D13146C2
:10ACE0005FFA8BF006F031F808F101080C36BCE78A
:10ACF0003146C5F898B0D5F89C3022F01F0203F019
:10AD00001F031343C5F89C30E0B206F01EF810F1A3
:10AD1000160F3DD0441CE7E7C5F898B0D5F8A02041
:10AD2000013B23F01F0302F01F021343CA453146C3
:10AD3000E0B2C5F8A030E8D006F007F810F1160F21
:10AD400026D0C5F898B0D5F89C209DF808300AF1B7
:10AD5000FF3A62F304038DF80830D5F8A0309DF86F
:10AD600008205B0863F347128DF80820D6E900320B
:10AD70001344009323F01F035344A3EB0903013052
:10AD800023F01F036946C0B20393FFF753FFBEE7EA
:10AD90006FF01504204605B0BDE8F08F00ED00E02F
:10ADA0000522044BC3F89420BFF34F8FBFF36F8F7E
:10ADB000704700BF00ED00E0BFF35F8F0022024B41
:10ADC000C3F89420704700BF00ED00E010B5034CBD
:10ADD0002278FFF741FF207010BD00BF448800219A
:10ADE0002DE9F74F294D8A4606464FF00008AB463D
:10ADF000274FD0451BDAD6F80490B9F1000F3FD0A9
:10AE000031680846019105F097FF0199044609EB66
:10AE10000100013805F090FF84424FF014021D4BF1
:10AE200008D002FB08F36FF015024BF8032003B0C3
:10AE3000BDE8F08F14F1160F2C60F8D01978A142FC
:10AE4000F5DD02FB08B0C7F89840C7F89840D7F87E
:10AE50009C4000F10801007B64F304000871D7F8FE
:10AE6000A0000C79400860F347140C71D7F89C10CF
:10AE700021F01F016960D7F8A01021F01F0129619E
:10AE800008F1010814350C36B3E700BFF485002142
:10AE900000ED00E044880021F0B55249524CD1F851
:10AEA00090302568C3F307239D4287B000F2968057
:10AEB0000020FFF781FF4D4BC1F8C030854216D10D
:10AEC0004B4C01A82570FFF789FA00250646494F2B
:10AED000AE4213D1002023784249D1F89020C2F32A
:10AEE0000722934274DBFFF75BFF002043E06168B9
:10AEF00001EB0011FFF784FE0130DFE70199280123
:10AF000001EB0513DA683A40B2F5800F42D007D85A
:10AF1000B2F5801F15D0B2F5001F2ED00135D7E74E
:10AF2000B2F1006F43D0B2F1805FF7D15A689B68ED
:10AF30000958013B22F01F00034423F01F030120A6
:10AF400032E05A689B680958013B22F01F00034415
:10AF50000120844623F01F0340EA4C10CDE9022172
:10AF60008DF8100002A920780593FFF763FE0028F2
:10AF70002ADA6FF0150007B0F0BD5A689B680958CF
:10AF8000013B22F01F0003444FF0020C012023F08C
:10AF90001F03E1E75A689B680958013B22F01F0034
:10AFA0000344062023F01F034FF0000CD4E75A6837
:10AFB0009B680958013B22F01F0003444FF0030C2B
:10AFC000012023F01F03C7E7237801332370A5E78F
:10AFD000C1F89830C1F8A00001337EE74FF0FF3090
:10AFE000C9E700BF00ED00E050360301AAFF4400AE
:10AFF000448800210000F0FF08B5024B1B68984709
:10B00000002008BD08860021034B044A186093788D
:10B0100043F0020393707047088600216401002109
:10B0200008B50649064821F00701C1F1045202F5AE
:10B03000803205F075FA002008BD00BFAFF1002195
:10B040000C86002170B541690446867A0A4D59B1D3
:10B05000437ADB0706D42C2303FB06535B6A1B6889
:10B060009B689847002363612C20214600FB065013
:10B07000BDE8704007F080BC000300212C22024B89
:10B0800002FB0030704700BF000300212C21827AB0
:10B09000054B01FB02339A6A1B7F801A1B3323F096
:10B0A0000303B0FBF3F070470003002138B52C24F4
:10B0B000827A064B04FB02335B6AD3E901240C60FD
:10B0C0001568FFF7E3FF04FB005038BD00030021C3
:10B0D0002DE9F04385B00546684690461C4603912D
:10B0E00007F0E9FDDDE90067EFF31189402383F301
:10B0F0001288BFF36F8F6B8B002B41D02A8B9A4243
:10B1000025D900220023284603F092FD0446F0B121
:10B1100089F31188BFF36F8F039B002B41D0324618
:10B120003B46684607F0ECFD2C21A27A254B2046D1
:10B1300001FB02335B6A03A91B681D68DDE900237C
:10B14000A847606170BB2046FFF77CFF24E0698B55
:10B150004B1E6B8389F31188BFF36F8F2B7F2A8B74
:10B16000AC6A1B3323F00303521A02FB0344154B52
:10B17000154AEB1A9B105343A3722B7FE372CBE764
:10B1800089F31188BFF36F8F23464246284603F0A8
:10B190004FFD04460028BFD10024204605B0BDE87D
:10B1A000F0836361012300252381039B2946638289
:10B1B000E27A656004F1180007F052FE63692582A7
:10B1C000E360EAE700030021A38B2EBA70B52C25BB
:10B1D0000C4C00B970BD037A4668002BFAD0013BD5
:10B1E000DBB20372002BF5D1C3604360837A05FBA9
:10B1F00003431B6A13B198473046EAE7FFF722FF83
:10B20000FAE700BF00030021064AD2F8AC3123F070
:10B210000043C2F8AC310022034BC3F84C21D3F8F1
:10B220004C317047002001410060014173B5354B3E
:10B23000D3E84F3F00233449CDE90033334BD3F8F3
:10B240000445BFF35F8FD1F80465BFF35F8FD3F878
:10B2500004259442F3D16B46224601212B4805F088
:10B26000C0FD324605460F21274801AB05F0B9FD68
:10B27000E0B1019B0DB9009302E0009A9342FAD32A
:10B28000009B22481C44013CD0F84C3524F07F44FC
:10B290009C421F4932D0FFF7B7FFC0F84C451D4B09
:10B2A000009A9A4218D901230B7001E0002DE7D1D2
:10B2B000194AD2F8AC3143F00043C2F8AC31134B19
:10B2C000D3F84C2132B90121144A5160D3F84C31E2
:10B2D00003B1116001230DE0BFF35F8FD0F8043597
:10B2E000E41A24F07F440E4B033C9C42DBD900233C
:10B2F0000B7000230B4A137002B070BD0B78002B4B
:10B30000F7D0D5E7498800210010014100600141D4
:10B3100047880021FEFF7F000020014100B000416E
:10B32000FBFF7F0048880021F8B51E490023C1E8D3
:10B33000423F52BB1C4B1D783DB305231B4E1C4F97
:10B3400034780134B4FBF3F303EB8303E41A05F020
:10B35000AFFF184A137823B157F82430C01A0728D2
:10B3600013D9154BD3F8141141B10021C3F81411AE
:10B37000D3F8143134700CB901231370347805F00C
:10B3800097FF47F824002846F8BD0C4A0025D2F85C
:10B39000AC3123F00043C2F8AC310122084B5A60B3
:10B3A000F1E700BF49880021488800214688002134
:10B3B00018860021458800210050004100200141ED
:10B3C00000B000410122024BC3F84025704700BF86
:10B3D000000008415023142213B51D4C0021C4F86D
:10B3E0000C351C4B0846C3F820214FF400621A4B61
:10B3F000C3F8BC254FF48062C3F838250DF107026D
:10B4000002F00CFB002821DB9DF80710134806F022
:10B41000B4F89DF80710124806F0AFF89DF8071031
:10B42000104806F0AAF89DF80710204606F0A5F887
:10B430009DF8070002F000FB4FF400220A4BC3F80E
:10B4400044230022C3F84C21D3F84C3102B010BD84
:10B4500000B0004100302041002001414C61014119
:10B46000282001412C2101410060014148B1054BD8
:10B47000054A1B68B3FBF2F35843044B43F0010346
:10B48000184770471002002140420F00E0350301C9
:10B4900008B53F230348044AC0E9002302F0B8FA84
:10B4A000002008BD2C86002100E0FFFF70B5044697
:10B4B000807AFFF7E3FD6169054649B1637ADB07EE
:10B4C00004D4436A20461B689B6898470023636145
:10B4D0002146284607F050FA034B1B681BB1BDE814
:10B4E00070402A20184770BD3486002108B5034BF0
:10B4F000186807F036FA002008BD00BF3886002122
:10B50000811EC9B21E2938B5044609D80A4820FA56
:10B5100001F1C90704D5094805F036FC054610B904
:10B520000025284638BD064B013CE4B2195D0C30BD
:10B5300005F037FCF5E700BF41000040840300211F
:10B54000863C0301014B1860704700BF3486002120
:10B55000F8B504280446DDE906760BD010280BD098
:10B56000012804D1154805F00FFC054630B9002527
:10B570002846F8BD1248F6E71248F4E7013CE4B269
:10B580001F2C96BF104B0021195D00F10C042046C2
:10B5900005F007FC002FEBD0002EE9D0204605F087
:10B5A00018FC864203D92846FFF710FEDFE7324633
:10B5B0003946204605F0ECFBDAE700BF2C030021FA
:10B5C0000003002158030021863C0301038A014641
:10B5D00023B1034B186883689B6818471220704793
:10B5E0000402002110B5084B084C1860206807F0D1
:10B5F000C6F830B1206806498368BDE810401B6872
:10B6000018476FF0120010BD388600210402002197
:10B61000EDB40201084B70B5C31A0D4607499B10E3
:10B62000044659434022064805F01AFC2B460146C1
:10B630002046BDE87040184750860021B76DDBB644
:10B640001C300301402373B50B4C0093041B0B46C5
:10B650000D460A49A41061430646094A094805F007
:10B660002BFC011E05DA30462B4602B0BDE87040C7
:10B67000184702B070BD00BF50860021B76DDBB621
:10B68000230F03011C300301F8B5002201210546F8
:10B690000520FFF711FA104802F04CF90446B8B93A
:10B6A00005F011FF2F690D49384604F0EFFF031E26
:10B6B00009DB01263E642D69084905F11C0004F0F0
:10B6C000E5FF031E02DA1C462046F8BDEE64FBE7E8
:10B6D0006FF00404F8E700BF19B80201D436030183
:10B6E0007FB500220123CDE9022304ABCDE9043369
:10B6F000094A6B46CDF800D0CDF804D005F00AFC1D
:10B70000002805DB4FF480420023684603F0FCFA72
:10B7100007B05DF804FB00BF350F030110B5EFF370
:10B720001184402383F31288BFF36F8F074A136895
:10B7300023F00201DB07116002D4012005F0BDFEF9
:10B7400084F31188BFF36F8F10BD00BFA086002166
:10B750000C22104B014602FB0033002030B4D3E929
:10B760000E529863EFF31180402484F31288BFF3E4
:10B770006F8F1C6C04F0C00444F002041C6480F35E
:10B780001188BFF36F8F1DB12B4630BC024818479C
:10B7900030BC7047508600211C30030110B4EFF319
:10B7A0001182402383F31288BFF36F8F174801681B
:10B7B00041F002040460C80707D482F31188BFF384
:10B7C0006F8F012010BC02F0A5B81149D1F80C040C
:10B7D000D1F80C14C907F0D5EFF3118083F3128868
:10B7E000BFF36F8F0B490B6C03F0C00343F00203F0
:10B7F0000B6480F31188BFF36F8F82F31188BFF35E
:10B800006F8F002010BCFFF7A3BF00BFA0860021F0
:10B81000005000415086002110B1012804D070472B
:10B82000034B1B6C5B0701D1FFF792BF704700BF52
:10B83000508600212DE9F041012207463449D1E824
:10B84000EF3FC1E8E02F0028F9D133B93149324840
:10B850004B60CB608A6004F02CFF7B1E012B28D844
:10B86000012F06D12D4BD3F81C3403F00303022B18
:10B870001FD007F0FBF80546E8B9294B1B78D3B178
:10B8800002220646254BC3F80823244CDFF8948097
:10B89000D4F81824D4F81834D20315D503F00303D0
:10B8A000022B01D0012F0FD16DB386F31188BFF3A6
:10B8B0006F8FBDE8F081EFF31186402383F3128888
:10B8C000BFF36F8F0125E0E7C5B1304605F016FAEA
:10B8D000D4F81835DBB2012BDAD1D4F80421002AD0
:10B8E000D6D00022C4F80421D4F804210222C4F8DE
:10B8F00018252022C8F88021A360C9E70021212053
:10B9000007F053F9E4E70222044BC3F80423D0E71D
:10B910004C8600213C8600216C86002100500041AD
:10B92000598A002100E100E008B5074806F027FF2A
:10B9300038B10648FFF768FB0448FEF73BF90020E2
:10B9400008BD6FF01200FBE78C30030151B9020112
:10B950000A2838B50446074D04D1AB680D212846A6
:10B960005B689847AB6803485B68E1B2984720463C
:10B9700038BD00BF8C300301EFF31182402383F305
:10B980001288BFF36F8F0A4BD3F8001161B1002109
:10B99000D3F80805C3F80011D3F80031C0B282F320
:10B9A0001188BFF36F8F70476FF00A00F7E700BF91
:10B9B000009000410346F0B510469C7893F803C010
:10B9C000EFF31182402585F31288BFF36F8F1F7844
:10B9D00093F801E0E41B04EA0C04A04288BFA0B283
:10B9E0003E180CEA06063D461E7082F31188BFF32E
:10B9F0006F8F0A188A4216D177450CD1EFF3118266
:10BA0000402181F31288BFF36F8F1978597082F348
:10BA10001188BFF36F8F1B79241AA34222BF012222
:10BA2000054B1A60F0BD5E197679013501F8016B9E
:10BA300005EA0C05DEE700BF00900041DB432DE97D
:10BA4000F04713F001050E46144604D02248FFF7D4
:10BA5000B1FFBDE8F0879AB3EFF31188402383F379
:10BA60001288BFF36F8F0920FFF718F807460920E7
:10BA7000FFF700F888F31188BFF36F8FDFF85CA041
:10BA80004FF40079CAF80051DAF800310123254655
:10BA9000DFF84C80CAF80030C8F88091DAF800313D
:10BAA00083B1FFF769FF031EC8F88091F6DB013D03
:10BAB000ADB27355002DF1D117B10920FEF7CCFFBF
:10BAC0002046C6E7EFF31180402383F31288BFF3CB
:10BAD0006F8F05F013F9E1E7D48600210090004153
:10BAE00000E100E02DE9F0410D461446114F07F149
:10BAF000450814B92046BDE8F0814FF0FF334FF000
:10BB0000FF32384603F000F9224629464046FFF747
:10BB100051FF0646384603F0BDF83EB94FF0FF32FC
:10BB20004FF0FF33044803F0EFF8E6E7A41BA4B29C
:10BB30003544DEE7A4860021BC86002138B5012209
:10BB4000184C1146204606F021FF0122002104F185
:10BB5000180006F01BFF40F20743A4F848304FF0EE
:10BB6000706323630C230025012184F834300E4BCD
:10BB700084F84550A4F84650D3F80425092022F053
:10BB80000102C3F80425C3F80051D3F80021C3F81B
:10BB900004132A461960FEF78FFF0920FEF75CFFA9
:10BBA000284638BDA48600210090004110B5FFF75B
:10BBB000E3FE002820DB174BC0B293F8322093F845
:10BBC000314093F83310141B31EA04040DD193F87B
:10BBD000472093F8464093F84810141B31EA0404B8
:10BBE0000BD101220C4B5A600EE09C18013211401F
:10BBF00084F8350083F8321010BD9C1801321140D2
:10BC000084F84A0083F847100448BDE8104003F068
:10BC100041B800BFA486002100900041BC860021ED
:10BC2000F0B544681646A068227C01F01F0587B075
:10BC300045EA421500286CD0B6F5001F04D129460C
:10BC400005F05DFF002055E06268607CB6F5800F6E
:10BC500050624FF0000001AA0190506037D1B3F15B
:10BC6000007F14BF052304238DF804300023CDE9A1
:10BC700004230393E3680DF1030723FA01F111F0A4
:10BC8000010139D1B6F1A07F36D105F01F036A0951
:10BC900003F1800326D0012A3ED1214A52F82330F5
:10BCA000DB0729D43A462946A06805F0A1FE1630E4
:10BCB0001AD002972946A06803AA05F06EFD002855
:10BCC00018DB01222946A06805F0C9FEBAE7B3F1E6
:10BCD000C06F05D0B3F1007F14BF01230223C3E777
:10BCE0000323C1E70F4AD9E73946A06801F036FFC0
:10BCF0000028DEDA07B0F0BD3A462946A06805F014
:10BD000077FE0028D6D19DF80310A06801F020FF2F
:10BD1000D0E76FF08500EDE751F82330FFDE00BF7C
:10BD200000088C4100058C414209034670B502D0E1
:10BD3000012A17D070BD0D4E326951680029F9D023
:10BD4000012503F01F030C689D400029F2D08A688A
:10BD50002A4002D030464B6898472CB123682146D0
:10BD60001C46F2E7024EE7E72346F8E754300301AA
:10BD70003830030138B54568A86890B105F067FE12
:10BD8000014670B9A86805F046FE044658B9024657
:10BD90000649A86805F029FE224605210A20FEF77B
:10BDA0008BFE002038BD6FF00400FBE729BD0201C7
:10BDB0002DE9F04340F206364768D00648BF4FF001
:10BDC000030C3B7C02EA060658BFC2F3401C87B056
:10BDD00001F01F05B6F5837F144645EA43158DF83B
:10BDE00003C044D00DD8062E16D005D8A6B1022E19
:10BDF0003FD06FF0150037E0B6F5807FF9D101260E
:10BE00000AE040F20222964235D0B6F5407F34D0A7
:10BE1000B6F5007FEDD102260123220303FA01F1DA
:10BE20002DD57B689960B86880BB05F01F036D094C
:10BE30002AD0012D73D13C4A02EB830284F4803373
:10BE4000D2F80012C3F30043C4F3404444EA43046D
:10BE500021F4706144EA8C0421F00F0144EA0623C6
:10BE60000B43C2F80032002007B0BDE8F08307267C
:10BE7000D2E70426D0E70526CEE70326CCE7630306
:10BE800044BF7B68D960CEE7284AD5E729460DF143
:10BE9000020205F0ADFD14F4403F80460CD1294666
:10BEA000B86805F0DAFDB8F1000FDCD19DF802109A
:10BEB000B86801F04DFED6E74FF0000901ABCDE9BF
:10BEC0000199CDE90439CDF80C902946B86803AA48
:10BED00005F063FC4845C6DB14F4003314D09DF82C
:10BEE000033084F48034C4F300448DF80E308DF8B0
:10BEF0000C608DF80D404B462946B86803AA05F042
:10BF0000FFFC0028CFDAAEE7CDE904330DF10303DF
:10BF100003932946B86803AA05F03FFCF1E7803394
:10BF200050F82330FFDE00BF00088C4100058C4133
:10BF300010B504460269A2B0C2F88000164900207C
:10BF400001F0FAFE002201211220FEF7B5FD842245
:10BF5000002101A8646806F083FF0023012001AAE4
:10BF600061680432D940C90744BF00FA03F142F8BE
:10BF7000041C2168D940C90748BF00FA03F103F146
:10BF8000010348BFD163102BEAD101A801F0E8FEFC
:10BF9000002022B010BD00BFE10F03012DE9F04FDA
:10BFA0008C46002640F2FF1EDFF8E480DFF8E490C4
:10BFB000DFF8E4A0F3B29C4502D80020BDE8F08F82
:10BFC00050F82610C1F3C324082CC1F3080350D83D
:10BFD000090E734508BF4FF0FF3318F804400329DA
:10BFE0004AD8DFE801F002083033C2F80C35591C9A
:10BFF0002FD10136DEE7C2F814355D1CF9D00025DB
:10C0000050F8261001F40047002F0EBFAB464FF04A
:10C01000010B002503F01F075B0928D0012B31D14C
:10C02000534603EB8707C1F341212402D7F80032BE
:10C0300044EA81042C4303EA090344EA4B04234302
:10C04000C7F80032D5E7C2F80835D0E7C2F8103596
:10C05000D3E7590909D0012911D10F4F012503F068
:10C060001F0105FA01F1B960CAE70C4FF6E70B4B67
:10C07000D7E76FF01500A1E76FF085009EE700237A
:10C080009B60FFDE0023803753F82730F9E700BFBD
:10C09000EF3C0301F0F0FCFF00088C4100058C41EF
:10C0A0002DE9F04104460D46476806F0DFFC88B1F3
:10C0B0004FF04008EFF31186314688F31288BFF342
:10C0C0006F8F606805F02CF850BB86F31188BFF3C2
:10C0D0006F8FEFE71F4B1B78002BE9D04FF0400824
:10C0E0006426606805F01CF870B9012005F0F1F9CC
:10C0F000013EF6D10021212006F057FDF0E786F33E
:10C100001188BFF36F8FF5E7EFF31186314688F39F
:10C110001288BFF36F8F606805F002F80028EED038
:10C12000FB6900201D706368FA691B68C3F8442529
:10C130000122C3F84825C3F82001D3F82041C3F8F1
:10C140005801D3F858019A6081F31188BFF36F8FBB
:10C15000BDE8F081598A00210123834070B5DC439A
:10C160000B4AD2E8EF1F01EA0405C2E8E65F002EA1
:10C17000F7D14FF4803282400648C0F80823BFF35D
:10C180005F8FBFF36F8F0B4214BF0120002070BD83
:10C19000A88700210060014170B40E4922F07F465B
:10C1A000D1E90034D01AC31844F10004C1E90034C5
:10C1B000A6F50013B3F5400F09D2074B1B681A0A06
:10C1C0001B069C19054B42F10005C3E9004570BCF4
:10C1D00003F062BC181B0021AC870021201B00214A
:10C1E000D9B101230D4A8340D2E8EFCF4CEA030CCA
:10C1F000C2E8E1CF0029F7D14FF48033084A8340E9
:10C20000C2F80433074BD3E8AF3FC340DB0742BF5C
:10C210004FF48002044BC3F800217047A887002127
:10C2200000600141A487002100E100E00D4B186887
:10C23000010A0006BFF35F8F0B4BD3F804351818C3
:10C2400041F10001B3F5801F0AD2084BD3E9002366
:10C25000904271EB030303D210F1807041F10001B1
:10C26000704700BFAC87002100600141201B002106
:10C270002DE9F04F85B016461F4604469DF840A0B4
:10C28000FFF76AFF0190FFF7D1FFB04271EB0703A0
:10C2900052D23B4B301A67EB0101984271F1000119
:10C2A0004DD2384B03EB0413D3E902239F4208BF5E
:10C2B000964258D04FF48038334908FA04F82046A3
:10C2C00026F07F4BC1F8488304F0E6FF4FF00309E6
:10C2D000584604F15005AD00ADB205F1824504F5B4
:10C2E000A87305F5B0350293029A20F07F4341F818
:10C2F0002230C1F84483D1F80435244AC01A0338E7
:10C3000020F07F4090422ED9286868B1D1F80435DA
:10C31000A3EB0B0020F07F40B0F5000F039322D970
:10C32000204604F0B9FF039BBAF1000F07D109EBD7
:10C33000030009F10109D7E7BAF1000F09D06FF046
:10C34000150520460199FFF74BFF284605B0BDE8CB
:10C35000F08F01230E4AA340D2E8EF0F1843C2E842
:10C36000E10F0029F8D107490E982301C8500F9B0F
:10C3700001EB04120025C2E902675360E1E700BF48
:10C3800001008000081B002100600141FDFF7F00CB
:10C39000A48700217FB500254FF0FF304FF0FF311B
:10C3A000194C1A4B0226C4F80833C4F84833184B0A
:10C3B000C4F80855C3E902014FF480334FF48002FA
:10C3C000C4F80433134B0121C4F804631620C3F8E6
:10C3D00080212A46FEF770FB1620FEF73DFB012365
:10C3E0000D4AA360236013600C4B0D4A009328464E
:10C3F0000023CDE90155FFF73BFF3046FFF71AFA5E
:10C40000284604B070BD00BF0060014103000F006A
:10C41000081B002100E100E0A887002199C102016A
:10C42000FFFF7F002DE9F74304F00CFD2A4BD3F802
:10C43000042390070BD5D3F8042142B10022C3F89E
:10C440000421264AD3F80431136801331360224AC9
:10C45000D2F80433D90320D5214BD3E8EF1F21F0C4
:10C460000100C3E8E40F002CF7D1CB0702D4D2F8C7
:10C47000403193B10025184CC4F84051D4F84031F4
:10C48000FFF7D4FEEFF3108272B6164BD3E90267C2
:10C49000B042B94104D282F3108803B0BDE8F08302
:10C4A0004FF0FF38D3E900104FF0FF391D60C3E9AA
:10C4B00002894FF48033C4F84833C4F84051D4F8AB
:10C4C000403182F310880029E7D0009032463B4685
:10C4D00028468847E1E700BF00600141AC870021A2
:10C4E000A4870021081B002130B5431C124C85B0E5
:10C4F00005D08442A8BF0446012CB8BF0124FFF731
:10C5000095FE0E4B0C4DD3E90013401AB0F5000F09
:10C510000FD22218AA4228BF2A46002052180849E2
:10C52000CDE90100009143F10003FFF7A1FE05B042
:10C5300030BD2A46F1E700BFFFFF7F00181B002136
:10C5400099C1020108B5FFF771FE024B1B68C01AC2
:10C5500008BD00BF181B002102460B46014802F02F
:10C560009FBA00BF74020021014802F011BB00BF56
:10C570007402002170B506468EB00D463548364926
:10C5800006F027FA09A8D4F799F9344806F0F7F825
:10C59000002859D0324B02A80293D4F76DFA002834
:10C5A00055D14FF0FF304FF0FF31FFF7D5FF044674
:10C5B00038B92C492C48D4F73FF9044620B1FFF78D
:10C5C000D3FF20460EB070BD40F6C41303A80393FA
:10C5D000E2F700F920B1FFF7C7FF6FF08504F0E73D
:10C5E0004FF4C86304A80493F4F78AFE0028F2D13C
:10C5F00040F2145305A80593F4F785FE0028EAD10C
:10C6000006A80694F4F782FE0028E4D107A8079450
:10C61000E2F798F80028DED1012301A88DF8043054
:10C62000F7F77CF80028D6D147F2305308A80893D2
:10C63000E2F790F80028CED1FFF796FF33690B4858
:10C640001D60FEF77FFFBCE76FF01204B9E76FF0E3
:10C650001504B6E7B48700217F130301703003018E
:10C66000C1C80201281B0021D9C8020195C80201D6
:10C67000F0B5834885B0D3F7C3FF0446002840F0E7
:10C68000FA800226D4F72CF9D4F758F9D4F734F904
:10C69000D4F760F9D4F73CF9F4F799FDF4F79BFD72
:10C6A000F4F79BFDD4F7B8F9D4F7C2F9D4F7CCF975
:10C6B000D4F7D6F9F4F78DFDF4F78DFDF4F78DFD81
:10C6C000F4F78DFDF4F78DFDD4F75CF9D4F76CF930
:10C6D000D4F77EF9D4F78EF9F4F785FD01212046D1
:10C6E00001AA8DF80460D3F7D3FF0028C0F2C280FE
:10C6F00001253146204601AA8DF80450D3F7C8FF22
:10C700000028C0F2B78008260721204601AAADF80C
:10C710000460D3F7BDFF0028C0F2AC804FF01B13BC
:10C72000019340F203230321204601AAADF808300B
:10C73000D3F7AEFF0028C0F29D800421204601AA55
:10C740008DF80450D3F7A4FF0028C0F29380FB2398
:10C750000621204601AAADF80430D3F799FF00283E
:10C76000C0F288803146204601AA8DF80450D3F7E4
:10C770008FFF00287EDB03230521204601AA8DF8C8
:10C780000430D3F785FF002874DB0921204601AA75
:10C790008DF80450D3F77CFF00286BDB03260A21B9
:10C7A000002001AA8DF80460D3F772FF002861DB36
:10C7B0000B21204601AA8DF80440D3F769FF002819
:10C7C00058DB1021204601AA8DF80450D3F760FFF2
:10C7D00000284FDB0425112120460DEB05028DF8C2
:10C7E0000450D3F755FF002844DB022712212046CE
:10C7F0000DEB05028DF80470D3F74AFF002839DBF2
:10C80000142120460DEB05028DF80470D3F740FF8C
:10C8100000282FDB132120460DEB05028DF8047054
:10C82000D3F736FF002825DBFB23ADF80C30F723C8
:10C83000CDF80540ADF8063040F203430294ADF860
:10C8400008300623152120460DEB05028DF8046003
:10C850008DF80A30D3F71CFF00280BDB46F2B773C4
:10C8600098420BDD84F31188BFF36F8F284602DFF7
:10C870006FF00B000446204605B0F0BD2046F9E7F6
:10C88000B91203010149024806F0BFB8B48700217C
:10C89000E0820021094B93F80831042B02D1810773
:10C8A00009D47047022B02D1020704D47047082B29
:10C8B00003D1830601D5FFF7E5BF70474C880021FF
:10C8C00010B403460A46034881680C68194623469B
:10C8D00010BC18477030030170B53A4C94F8083119
:10C8E00003B394F80831042B3ED120783E282DD193
:10C8F000A378022B28D00D2B28D1E378012B25D14A
:10C90000A588C5F3001500220023294604F09CFAEF
:10C910000646E8B9BDB1002384F80831BDE870408F
:10C92000FFF7B0BF4FF0FF304FF0FF31FFF714FEBD
:10C9300048B9204604F5847100F042FF0546FFF730
:10C9400013FE002DCDD070BD0125DCE70025DAE710
:10C9500062781C4902320C3004F01AFA31461A4B44
:10C960001B681A489847D6E7022B15D100220023EE
:10C970000820FEF7C5FD05460028E4D06288043291
:10C98000B2F5847F14D80F4905F10C0004F000FAC9
:10C990000D4B29461B68E4E7082BBCD1002200237D
:10C9A0002020FEF7ADFD628805460028E7D1CAE7E2
:10C9B000002383F31188BFF36F8F0423184602DF2F
:10C9C000A9E700BF4C880021B0870021C4300301D3
:10C9D00042F26403984240D02FD842F219039842A1
:10C9E0001FD842F20C03984214D840F206439842F2
:10C9F00033D040F21D43C01A18BF01207047A0F584
:10CA000001502838164B80B2C34003F0010383F075
:10CA100001007047A0F500500D3841F2412380B26B
:10CA2000F2E742F23203984217D0A0F501500338E2
:10CA3000012894BF00200120704742F285039842EC
:10CA400006D842F267039842D9D842F26603D2E789
:10CA50004FF6025320F00800CDE70020704700BFDA
:10CA60002F8040202DE9F341A84D07882A780446FD
:10CA70003BB2002A40F09E8642F24A018B424CDCD7
:10CA800042F235018B4230DC42F207018B4263D027
:10CA90003CDC40F603418B4266D042F206029342F0
:10CAA00039D004238DF80730994B2688D3F80080BD
:10CAB000B8F1000F00F084800DF10702204695497F
:10CAC0000DF10603C0470128024679D09DF80630D3
:10CAD000002B40F05D819DF807300E21AB700123E3
:10CAE0006970EB70AE80AA7151E0A7F50053373B37
:10CAF000122B22D8DFE803F03B3B3B26213B3B3B9C
:10CB00003B3B3B3B3B3B3B3B3B3B3B00A7F50053AD
:10CB1000083B052BC5D8042220E042F25C02934278
:10CB200015D042F25B029342BBDD42F25D029342BA
:10CB30001DD042F27F029342B3D100230522EB7154
:10CB400002230CE00023EB712B720622F8E7B0F809
:10CB50000330A5F80730F8E7EA71052201236E4893
:10CB6000017831B903709CE76B4B1A7099E7042286
:10CB7000E6E7994295D03846FFF72AFFA8B10E2381
:10CB80006B700123EB700C23AA70AF80AB71012393
:10CB90002B7040F635439F4203D1AB79002B00F058
:10CBA0000686002002B0BDE8F0810F236B700423DD
:10CBB000AB700C23EB700123A5F805702B71E6E731
:10CBC000B6F5105F4FEA96230DD27BB1013B072BE0
:10CBD0000CD8DFE813F00D000B002C00A5000101BC
:10CBE0000B000B0012013F2B00F0C7840122CFE0A5
:10CBF000204640F2064230F9033B934207D040F210
:10CC00001D429342F2D1E0F7A1FC024602E0E0F7B8
:10CC100001FC02463046FFF7DBFE80F00100C0B2A7
:10CC2000002840F0B580012A7FF455AFDEE72046AA
:10CC300040F6354130F8032B13B28B4228DC40F626
:10CC40002C418B420BDC40F60142934230D040F63F
:10CC500003429342CAD1F4F7B1FA0246DAE7A2F6E8
:10CC60002D43082BC2D801A252F823F0B9CC0201FF
:10CC7000EDCB0201EDCB0201EDCB0201CDCC0201E7
:10CC8000EDCB0201D5CC0201EDCB0201DDCC0201DE
:10CC900040F67B42934225D040F67C4293422BD013
:10CCA00040F663429342A1D1D3F740FF0246B1E779
:10CCB000D3F72AFF0246ADE79DF807301749033343
:10CCC0008DF80730F5F7E0FD0246A3E7E0F710FB2B
:10CCD00002469FE704F0A4FBC2B29BE7E0F738FBF3
:10CCE000024697E79DF807300C4904338DF807306A
:10CCF000F6F76DFC02468DE79DF8073007490233D1
:10CD00008DF80730F6F787FC024683E75689002145
:10CD1000C487002157890021558900215D890021A0
:10CD20002388A3F58053013B082B3FF65FAF01A298
:10CD300052F823F059CD02016DCD0201A5CD0201BB
:10CD4000EDCB0201EDCB0201EDCB0201EDCB0201F7
:10CD5000EDCB0201C5CD02019DF80730EA4808334A
:10CD60008DF80730F5F77EFD024653E79DF8073052
:10CD7000E54840338DF8073004F003FB3046FFF7F9
:10CD800027FE80F00100C0B2002200283FF4A3AECD
:10CD90000F236B700423AB700123EA702B71A5F88D
:10CDA0000560F4E600229DF8073008338DF807305F
:10CDB000D54B1A605A60EB7A23F0600343F06003AE
:10CDC000EB72DBE79DF80730CF4806338DF807306C
:10CDD000F5F7C2FD02461DE741F2054322889A425B
:10CDE0007FF404AF9DF80730C7490333E01C8DF88A
:10CDF0000730F6F750FC02460CE7204642F2970156
:10CE000030F8033B1AB28A423FF7F0AEB2F5005F4A
:10CE10000DDC40F615439A4200F0EA8240F61643D4
:10CE20009A427FF4E3AEF6F7E1FE0246F2E6A3F59E
:10CE30000053013B962B3FF6D9AE01A252F823F0E6
:10CE40009DD00201A5D00201B9D00201EDCB0201B3
:10CE5000CDD00201D5D00201DDD00201F1D0020116
:10CE6000F9D0020101D1020115D102011DD1020147
:10CE700025D102012DD1020135D1020149D1020192
:10CE800051D1020159D1020161D1020169D10201DE
:10CE900071D1020185D102018DD10201A1D102011E
:10CEA000B5D10201BDD10201D1D10201E5D102010A
:10CEB000EDCB0201EDCB0201EDCB0201EDCB020186
:10CEC000EDCB0201EDCB0201EDCB0201EDCB020176
:10CED000EDCB0201EDCB0201F5D10201FDD1020142
:10CEE00005D202010DD20201EDCB0201EDCB020110
:10CEF00021D2020129D20201EDCB020131D202017D
:10CF000045D202014DD20201EDCB0201EDCB02016F
:10CF100055D2020171D2020185D202018DD20201E5
:10CF200095D202019DD20201B1D20201C5D2020105
:10CF3000CDD20201D5D20201DDD20201E5D2020139
:10CF4000EDD20201F5D20201FDD2020105D30201A8
:10CF50000DD3020115D302011DD3020125D3020115
:10CF60002DD3020135D3020149D302016DD3020151
:10CF700081D302015DD30201EDCB0201EDCB0201B1
:10CF8000EDCB0201EDCB0201EDCB0201EDCB0201B5
:10CF9000EDCB0201EDCB0201EDCB0201EDCB0201A5
:10CFA00065D3020189D302019DD30201B1D30201ED
:10CFB000C5D30201EDCB0201EDCB0201A1D40201E8
:10CFC000B7D4020105D4020121D402013DD40201EB
:10CFD00047D40201D5D30201DDD302017DD4020181
:10CFE0008DD4020197D402015DD4020167D40201FD
:10CFF000CDD302010FD5020125D50201CDD4020106
:10D00000E3D40201F9D402013BD5020167D5020144
:10D0100051D50201EDCB0201EDCB0201EDCB0201B6
:10D02000EDCB0201EDCB0201EDCB02010DD10201EE
:10D03000EDCB0201EDCB02015DD20201EDCB02018D
:10D04000EDCB0201EDCB0201EDCB0201EDCB0201F4
:10D05000EDCB0201EDCB0201EDCB0201EDCB0201E4
:10D06000EDCB0201EDCB0201EDCB0201EDCB0201D4
:10D07000EDCB0201EDCB0201EDCB0201EDCB0201C4
:10D08000EDCB0201EDCB0201EDCB0201EDCB0201B4
:10D09000EDCB0201EDCB020171D50201D3F750FDBA
:10D0A0000246B7E59DF80730174803338DF807307F
:10D0B000E0F7A6F90246ADE59DF8073012480833BF
:10D0C0008DF80730F5F713FE0246A3E5F5F761FC8E
:10D0D00002469FE5E1F782F802469BE59DF807309E
:10D0E000094801338DF80730F5F70AFC024691E54F
:10D0F000F6F7E9F902468DE5F5F75DFF024689E5A9
:10D10000F6F724FA024685E55D890021F6F716FB5D
:10D1100002467FE5E0F76CFB02467BE5F5F7E8FCAD
:10D12000024677E5E0F74AFE024673E5E0F7E6FEE1
:10D1300002466FE59DF80730D34801338DF807307C
:10D14000F5F7DCFA024665E5F5F7DFFA024661E538
:10D15000F5F726FB02465DE5F5F73EFB024659E58D
:10D16000F5F7EEFC024655E5F5F75BFD024651E5A5
:10D170009DF80730C44907338DF80730F5F717FCE1
:10D18000024647E5F5F7A3FD024643E59DF8073063
:10D19000BD4910338DF80730F5F7BDFB024639E580
:10D1A0009DF80730B84808338DF80730F5F766FB6F
:10D1B00002462FE5F5F7E3FD02462BE59DF8073023
:10D1C000B14902338DF80730F6F7E1F9024621E55F
:10D1D0009DF80730AC4902338DF80730F6F7E8F9CF
:10D1E000024617E59DF8073008338DF80730FF2316
:10D1F000EB71E5E5F5F797FA02460BE5F5F7B6FAB8
:10D20000024607E5F5F71CFB024603E59DF80730EB
:10D210009D4801338DF80730F5F720FB0246F9E40D
:10D22000F5F7FEFA0246F5E4F5F7F1FA0246F1E405
:10D230009DF80730944904338DF80730F5F7EDFB7E
:10D240000246E7E4E0F756F90246E3E4F5F71BFC93
:10D250000246DFE4F6F7FCF80246DBE49DF807300F
:10D26000894901338DF80730F5F7A9FD0246D1E46D
:10D270009DF80730844901338DF80730F5F7D2FD6A
:10D280000246C7E4F6F744F90246C3E4F5F71BFF8C
:10D290000246BFE4F5F74AFF0246BBE49DF80730BB
:10D2A000794802338DF80730F5F72BFF0246B1E4D9
:10D2B0009DF80730744801338DF80730F5F72BFFE0
:10D2C0000246A7E4F5F7DBFD0246A3E4F5F7E5FD2A
:10D2D00002469FE4E0F7DCFF02469BE4F5F761FFBE
:10D2E000024697E4E1F792F8024693E4E0F714FA75
:10D2F00002468FE4F5F7F2FB02468BE4E0F7C4FD4B
:10D30000024687E4E1F754F9024683E4F5F7E5FFC6
:10D3100002467FE4F5F7E8FF02467BE4F6F700F803
:10D32000024677E4F6F70BF8024673E4F6F719F8CD
:10D3300002466FE49DF80730534801338DF80730FB
:10D34000F6F71AF8024665E49DF807304E480233B6
:10D350008DF80730F5F7B3FA02465BE4F5F746FBC4
:10D36000024657E4F6F70FF8024653E49DF80730FB
:10D37000454804338DF80730F5F7B2FA024649E420
:10D38000DFF7F4FF024645E49DF807303E490233DB
:10D390008DF80730F6F70AF802463BE49DF80730AF
:10D3A000394902338DF80730F6F71DF8024631E4AB
:10D3B0009DF80730344902338DF80730F6F737F817
:10D3C000024627E4E1F7A2F9024623E4F6F76FF8F4
:10D3D00002461FE4F6F725FB02461BE49DF80730E2
:10D3E000294902338DF80730E1F73EFF024611E488
:10D3F0009DF80730244802338DF80730F6F7EBFB31
:10D40000024607E42049E1F7F9FD297A9DF8073043
:10D41000013103EB410302468DF80730FFF7FABBF9
:10D420001949E1F7EBF9297A9DF80730013103EB4F
:10D43000410302468DF80730FFF7ECBBF6F796F98B
:10D440000246FFF7E7BB9DF807300F4901338DF81F
:10D450000730F6F7BAFA0246FFF7DCBBF6F703FE31
:10D460000246FFF7D7BB9DF80730074901338DF817
:10D470000730F6F7FAFE0246FFF7CCBBE2F7E6F913
:10D480000246FFF7C7BB00BF5D890021E1F760FFDF
:10D490000246FFF7BFBBF6F72BFF0246FFF7BABB0A
:10D4A0009DF80730C54806338DF80730E1F732FFA5
:10D4B0000246FFF7AFBB9DF80730C0490B338DF82C
:10D4C0000730F6F795FD0246FFF7A4BB9DF807303D
:10D4D000BA4902338DF80730F6F720FD0246FFF710
:10D4E00099BB9DF80730B54902338DF80730F6F740
:10D4F0002CFB0246FFF78EBB9DF80730AF490E3379
:10D500008DF80730F6F747FB0246FFF783BB9DF81F
:10D510000730AA4902338DF80730E1F7ADFE024625
:10D52000FFF778BB9DF80730A44902338DF8073028
:10D53000F6F7C5FC0246FFF76DBB9DF807309F4923
:10D540000E338DF80730F6F762FB0246FFF762BB39
:10D550009DF8073099491E338DF80730F6F7BBFA6E
:10D560000246FFF757BBF6F7A9FA0246FFF752BB90
:10D57000F6F75BFA0246FFF74DBB20464FF60B422B
:10D5800030F8033B934223D8B3F57C4F7FF62EABA4
:10D59000A3F57C43013B0A2B3FF628AB01A252F8CE
:10D5A00023F000BF69D602017FD60201EDCB020154
:10D5B000EDCB0201EDCB0201D7D60201EDCB02018A
:10D5C000EDCB0201ABD60201C1D60201E1D60201C8
:10D5D00003F2FD2292B21D2A3FF608ABA3F57D436C
:10D5E000033B1D2B3FF602AB01A252F823F000BF14
:10D5F000F7D60201EDCB020101D70201EDCB02010A
:10D60000EDCB0201EDCB02010BD70201EDCB020104
:10D61000EDCB020115D7020129D70201EDCB0201A2
:10D62000EDCB0201EDCB0201EDCB02011FD70201D0
:10D63000EDCB020133D70201EDCB020149D7020144
:10D6400053D7020169D7020173D702017DD70201C6
:10D6500087D7020191D702019BD70201EDCB0201CE
:10D66000EDCB0201A5D702019DF8073053480C33DA
:10D670008DF80730F3F7B9FD0246FFF7CBBA002269
:10D680009DF8073040338DF807304C4B1A80EB790A
:10D6900023F0230343F02303EB712B7A23F00703DA
:10D6A00043F007032B72FFF769BB9DF8073043482F
:10D6B00017338DF80730F3F7B3FD0246FFF7AABA28
:10D6C0009DF807303D4820338DF80730F3F7CCFD47
:10D6D0000246FFF79FBAF3F7A1FD0246FFF79ABA99
:10D6E0009DF80730354801338DF80730F3F7D9FD41
:10D6F0000246FFF78FBAF6F711F80246FFF78ABA2B
:10D70000E1F720F80246FFF785BAF3F7E0FD02469D
:10D71000FFF780BAF5F7EBFF0246FFF77BBAE1F7B8
:10D7200019F80246FFF776BAF3F7D5FD0246FFF780
:10D7300071BA9DF80730214904338DF80730F3F7AB
:10D74000D0FD0246FFF766BAE1F70CF80246FFF794
:10D7500061BA9DF80730194908338DF80730F6F79C
:10D7600068FC0246FFF756BAF3F7CAFD0246FFF718
:10D7700051BAF3F7C8FD0246FFF74CBAF3F7C6FDFE
:10D780000246FFF747BAE0F7F9FF0246FFF742BA51
:10D79000E1F712F80246FFF73DBAF6F7DCFD024664
:10D7A000FFF738BAF3F7B8FD0246FFF733BA2B702C
:10D7B000FFF7F7B94FF0FF30FFF7F4B95D890021AB
:10D7C00038B5094C0D4623781BB9BDE83840F3F74E
:10D7D000C0BFA278611C023205F035FB0020042393
:10D7E00020702B7038BD00BF568900211FB5002462
:10D7F0000A2201940294CDF80B400091014601A841
:10D8000005F048FB009A01A9074802F0E3FE07482B
:10D8100002F0E0FE84F31188BFF36F8F03231846F4
:10D8200002DF04B010BD00BF113D03013C3C030109
:10D8300037B51022164B1748C3F82025F0F706FF1E
:10D8400032230125ADF8043000231A216846124A1C
:10D850008DF80630ADF800508DF80230F2F7E4FF95
:10D86000044690B94FF4AF60F0F794FF2A46214682
:10D870000C20FDF721F92A4621461120FDF71CF95D
:10D880002A4621460820FDF717F9204603B030BD8F
:10D890000020014110200141EDD702010149024859
:10D8A00005F0B3B8C8870021E082002137B5002415
:10D8B0000C4D6FF009034FF4806228460A4900942A
:10D8C00001F086FB0949284605F0D6F808490948C1
:10D8D00005F07FF8224604211A20FDF7EDF82046D6
:10D8E00003B030BDE082002160960021263D030197
:10D8F0004F140301C887002110B9024B1B68184759
:10D90000704700BFD8870021014B01201B681847D2
:10D91000D887002128B1012807D100200349F0F75A
:10D920005FBE034B01201B6818477047F9D80201FE
:10D93000D8870021014B186000207047D88700214C
:10D940000022D30003F1FF7303F58033D3F80013F3
:10D95000013107D0D3F800130132D3F80433202A61
:10D960000B60EED1224BD3E94C32072B26D1023A81
:10D97000032A204B28D9D3F80024D10732D41C4BDA
:10D98000D3F83021072A19D1D3F83431023B032BC5
:10D9900002D8194AD35C8BB17F23184A1849C2F8C0
:10D9A00018310023C1F8043EC1F8083EC2F8243102
:10D9B000C2F82C3102F57F22C2F81031114B1A68DF
:10D9C000114BC3F84425704710498A5C002AD2D015
:10D9D000D3F80024D207CED50022C3F81421C3F80F
:10D9E0001821C8E76FF00102C3F80024C7E700BFA1
:10D9F0000000FF0100500041303D030100200041C4
:10DA0000000008410080FF0100600041343D030137
:10DA1000014B1860704700BFDC87002110B5054B33
:10DA20001446186803F057FD0028A4BF207000209A
:10DA300010BD00BFDC8700210123024A8340C2F8E9
:10DA40000435704700F00041036803F01F025B09D2
:10DA5000026004D0012B034818BF00207047024821
:10DA6000704700BF00088C4100058C41034A430900
:10DA7000D35C00F01F001844C0B27047383D03016A
:10DA8000034611F0010030B5CCB210D1A207C4F3A7
:10DA9000400018D50D4A106A58600D4B1062D3F83B
:10DAA0003031072B10D0003818BF01200BE0094996
:10DAB000074D0A6A1A600A62D5F83051072D08BF6F
:10DAC000096A002AE2D030BD136AECE700088C41F5
:10DAD0000000FF0100058C41F7B504460846FFF73A
:10DAE000C5FF04EB4006B38A0D46DB072AD5204666
:10DAF00003F031FE2946204603F09DFD50B120463B
:10DB000003F0AFFD0023276807EB8000C0F8103555
:10DB1000C0F810352946204603F0CCFD002101A8AD
:10DB2000B1820195FFF790FF019B00EB8300D0F8D5
:10DB30000022064B134043F00203C0F800320846AF
:10DB400003B0F0BD6FF01500FAE700BFF0F0FCFF86
:10DB5000014803F0DABC00BF1402002110B50448EC
:10DB60000C4603F0B8FC0028A4BF2070002010BDB4
:10DB7000140200212DE9F04F804658F804AB83468B
:10DB8000DAF804130822C9B2504689B041F00041C6
:10DB900003F0B9FD051E2BDA0023032106A8CDE909
:10DBA0000633FFF76DFF604B0DF118090193002359
:10DBB000019A009312F8013B5C490192DA088A5CF1
:10DBC00003F0070322FA03F3DA071AD4009B09F1E2
:10DBD0000409A3B14FF000410022504603F093FD29
:10DBE000032106A8FFF74CFF0028DCD125F00045F3
:10DBF0000124002D40F0828009B0BDE8F08F0123A0
:10DC0000D6E7009B4A4A13440293D9F80010002932
:10DC1000DCD091FAA1F1B1FA81F1029B1C7841EAC2
:10DC200044142046FFF722FF0BEB4000878AC80808
:10DC3000BB080393012319F8002001F0070103FA40
:10DC400001F122EA010209F8002005A80594FFF776
:10DC5000FBFE059A039B803250F82220C7F3820610
:10DC60005B073746C2F301422CD54046D6B2214667
:10DC70003A4603F000FD05A80594FFF7E5FE059B75
:10DC8000803350F82330C3F301439E4207D1002173
:10DC9000204603F0C1FC3146204603F0BDFC05A838
:10DCA0000594FFF7D1FE0122059B02FA03F30362FC
:10DCB000204BD3F83031072B01BF036A036A036A94
:10DCC000036AA2E7022A0DD10321204603F0A4FC37
:10DCD00006F00503012BE2D13A462146404603F007
:10DCE000CAFCDCE702212046039203F095FC032ED8
:10DCF000F2D0039A032AD2D1022EECE795FAA5F3CB
:10DD0000B3FA83F304FA03F225EA020503F5A272DB
:10DD10005AF822200BEB43034046B3F87C10C2F3C1
:10DD2000014203F0A8FC64E7483D0301703703019A
:10DD3000483D03010000FF01F8B5084D0F462C795E
:10DD4000164644B91220FCF787FE012320462B71AA
:10DD50002F60AE60F8BD6FF07700FBE7E087002131
:10DD6000002330B50D4A50F8234003F5A27101336A
:10DD7000102B42F82140F6D10023084A00F13C0163
:10DD800003F5B27451F8045F0133102B42F82450AC
:10DD9000F6D1D0F88030C2F8043330BD0020014104
:10DDA0000123024A8340C2F8043370470020014136
:10DDB0000123024A8340C2F8083370470020014122
:10DDC000F8B5012600270B4B0B4DD3F80C4304B9D3
:10DDD000F8BD94FAA4F0B0FA80F006FA00F324EA51
:10DDE0000304064B82009F502B68002BEFD0A968DC
:10DDF0009847ECE700200141E08700210021014124
:10DE00002DE9F0410E4617460C4D55F81C4FAC421B
:10DE100003D16FF01200BDE8F081314654F8440C94
:10DE2000A4F14408FBF7C8FD30B9C7F800804046AC
:10DE3000BDE8F04103F035BF2468E8E7EC87002136
:10DE400010B5D0E909124A60416A00F1240311605B
:10DE5000C0E909334368044603B19847054A93680B
:10DE600033B11279062A03D907202268024998475C
:10DE7000002010BDEC8700214A3D03012DE9F0414F
:10DE800007460D460B4E56F80C4FB44202D16FF0C8
:10DE900001000AE0394654F8240CA4F12408FBF7E9
:10DEA0008BFD20B91DB1C5F80080BDE8F081246864
:10DEB000EBE700BFEC87002138B5044600B30068EB
:10DEC000F0B10378E3B10021FFF7D8FFD8B104F136
:10DED0001C03C4E907330D4B04F12402196903F153
:10DEE0000C00A16260621A610A609D6835B11B79FD
:10DEF000062B03D9072022680549A847002038BD12
:10DF00006FF01500FBE76FF01000F8E7EC870021D9
:10DF10004C3D030138B5114C0546216819B100206C
:10DF20000131216038BD2422204604F099FF2B687E
:10DF30002846A3602B79237104F10C03C4E9033351
:10DF400004F11403C4E9053304F11C03C4E90733E5
:10DF500000F018F80028E5D12168E0E7EC870021FF
:10DF600038B5074D2C68013C2C6044B900F012F81C
:10DF700021462846BDE83840242204F071BF38BD50
:10DF8000EC87002108B50248FFF796FF002008BD86
:10DF9000180200210148FFF753BF00BF18020021FB
:10DFA0000EB4431E062B33B588BF0020094B05ACC9
:10DFB00054F8045B53F82010074802F00BFB21468D
:10DFC00028460194FBF7FCFD02B0BDE8304003B0E9
:10DFD000704700BF74370301673D03012DE9F04F1F
:10DFE00087B017469B460446DDF840A000284BD07A
:10DFF000056A35B12D6825B1AC4607B0BDE8F04FD4
:10E000006047E36A9F4242D80026BE4203D1002007
:10E0100007B0BDE8F08F182303FB06F8D4F8309062
:10E02000A26909EB08052B1D0593CAB968696968DF
:10E030000368B5F80CC0C91AAB680CF1030E5D1E7D
:10E0400005EB0C155B4205EB4E051D4005EBCC03C3
:10E0500085680633A94228BF4FF0FF3103F0EEFD7B
:10E0600059F8083020460293236AB1B29B6A0193A3
:10E070005AF8263000935BF82620059B03F056FEE5
:10E080000028C5D10136C0E76FF01500C0E7014890
:10E09000BEE700BF40F4FFFF10B5044690B1028D0B
:10E0A00043899A4209D0084A936833B11279032A06
:10E0B00003D942680549042098472046BDE810402E
:10E0C00004F0B9BE10BD00BFEC870021023E030181
:10E0D00030B544898C4212D9436A013C5D882C409A
:10E0E00003EBC40359609A60BFF35B8F426A5388A5
:10E0F00001335380438D01334385002030BD0148F7
:10E10000FCE700BF41F4FFFF70B4039E144660B10A
:10E11000006A50B14BB1013407D0002E05DBD0F8B6
:10E12000844014B1A44670BC6047014870BC70477D
:10E130002DF8FFFF70B4039E144660B1006A50B121
:10E140004BB1013407D0002E05DBD0F8944014B158
:10E15000A44670BC6047014870BC70472DF8FFFFB3
:10E160002DE9FF47DDF834800E4691469A46054674
:10E17000002876D0002974D0B8F1000F71D001F1D9
:10E180006407384603F03DFFBAF1FF3F49D1346ED2
:10E1900006F1500204F18000844204F01F0C07D203
:10E1A000C4F3411152F8211021FA0CF1C90736D4F9
:10E1B000012104F07F04600952F8203004F5806AE0
:10E1C00001FA0CF104F201440B4304F07F0442F81D
:10E1D000203034666B6C4A4603930E9B2946CDE98A
:10E1E00001830C9B30460093534603F0B9FF384639
:10E1F00000F050FD2C7874B196F8A4405CB1AB6A85
:10E20000013330D10021284603F03AFF044610B113
:10E21000284603F00BFF204604B0BDE8F087013428
:10E22000BAE7BAF5806FD5D3AAF580637F2B06F1E4
:10E2300050010FD8580951F8204003F01F0324FA69
:10E2400003F2D2070BD4012202FA03F3234341F86D
:10E250002030BFE7054C384600F01CFDDBE7044CDE
:10E26000F9E7024CD7E70024D5E700BF2DF8FFFF00
:10E2700029F8FFFF08B583681A0C0AD1094A936888
:10E280002BB11279022A02D90320074998470020AE
:10E2900008BDA3F5803383601B0C0CBF0120002058
:10E2A000F6E700BFEC870021243E030138B50446A1
:10E2B000E0B100F16405284603F0A3FFD4F8B430C0
:10E2C0009B6953B9D4F8A840103C002C00DC084CE2
:10E2D000284603F094FF204638BD012BF7D1D4F82F
:10E2E000BC0003F076FEA0F11004EEE7014CF2E76B
:10E2F0002EF8FFFF2DF8FFFF38B50446E0B100F11E
:10E300006405284603F07DFFD4F8B4309B6953B907
:10E31000D4F8AC40103C002C00DC084C284603F03C
:10E320006EFF204638BD012BF7D1D4F8B80003F0BA
:10E3300050FEA0F11004EEE7014CF2E72EF8FFFFCB
:10E340002DF8FFFF2DE9F04385B00F46904603A955
:10E350000D9A0546994604F015F90446E0B10C9E65
:10E36000039BD5F8C0009E42A8BF1E460168D0F8A6
:10E3700008C0611A33464A46614528BF4FF0FF3155
:10E3800003F022FC2346424639462846009604F014
:10E3900099F805B0BDE8F0830048FAE72EF8FFFFD2
:10E3A0002DE9F0478AB00D46DDE9129716469846EA
:10E3B000044620B9954E30460AB0BDE8F0870029E2
:10E3C000F8D0002BF6D00021A822C0F8D01004F01D
:10E3D00047FD012204F16400114604F0D7FA8C4B8A
:10E3E000C4F8B450E667AC62C4F88430894BC4F812
:10E3F0008830894BC4F88C30884BC4F89030884BF7
:10E40000C4F89430874BC4F89830874BC4F89C30DC
:10E41000864BC4F8A030AB693BB9002FCAD097E84F
:10E42000070004F1A80383E80700AB69012B04D0BF
:10E430002B6A03BB6FF00506BDE7D4F8B4000028D3
:10E4400000F0E080036A002BF4D09B68002BF1D031
:10E45000984742060CD50021D4F8B40003F0BFFE63
:10E4600006460028A7D10021212004F09EFBE4E706
:10E470004307F8D5DCE71B69002BDBD0284698471B
:10E48000AB69012B04BF0023286100F0010008BF25
:10E490006B6184F8A400AB69DBB93B7A002B00F018
:10E4A000838009F10C03C4F8C430B9F1000F81D0A6
:10E4B000D9F80820002A00F0A3809B68002B00F008
:10E4C0009F805B4B04935B4B05935B4B06935B4BCD
:10E4D0000793AB69012B07D1564B0493544B05931B
:10E4E000564B0693544B0793002104F1C803C4E92B
:10E4F000323306ABC4F8C080022200932846019153
:10E5000004ABFFF76BFD064600287FF454AFAB6900
:10E510003BB92B6B1B68C4F8B8302B6B9B69C4F8F4
:10E52000BC30AB69012B07D12B6B9B69C4F8B830A9
:10E530002B6B1B68C4F8BC30D4F8BC0003F0E4FCBF
:10E540002B6B1B68C3F82C802B6B9B69C3F82C804A
:10E55000D5F818A0BAF1000F07D1D4F8AC30099360
:10E56000D4F8B8305B89534520D894F8A430C4E976
:10E57000004463B100230293314B204601933523BD
:10E58000304A0394009304F1080103F0E9FDAB69FC
:10E59000002B7FF410AF0421284603F020FE07462D
:10E5A00000283FF408AF26E04B467CE74846D4F805
:10E5B000AC1003F0D8FF0746E0B1D8F8001008907F
:10E5C000411AD8F808000022814228BF4FF0FF31DD
:10E5D000D4F8AC30404603F031FB00970123002211
:10E5E000D4F8B80008A903F0CEFB074618B90AF121
:10E5F000010AB5E7144F284603F0EAFD3E46DAE685
:10E60000114ED8E66FF01506D5E600BF2DF8FFFFD6
:10E6100045E3020157220301C523030185250301B8
:10E62000C52403010F220301F9E20201ADE2020158
:10E63000453E03014B3E0301F9230301FD21030184
:10E640007B220301513E03012EF8FFFFF0B5054682
:10E650000E46174687B0074A03AC07CA84E807008E
:10E660000C9A3146009228463A460194FFF798FEEC
:10E6700007B0F0BDC832030138B5EFF31185402370
:10E6800083F31288BFF36F8F064B9C6804F08AF8FF
:10E6900085F31188BFF36F8F2046BDE83840FCF743
:10E6A00083B900BF1088002138B50A4B53F82040C9
:10E6B000013053F82050A54200D838BD606830B111
:10E6C000037EDB0701D404F042F80834F3E7236843
:10E6D0009847FAE794370301012270B52A4B0320CB
:10E6E00086B01A70FFF7E0FFFCF774FE04F0AAFB97
:10E6F0000420FFF7D9FF254C254D2646AE4204F1F4
:10E70000300410D300F0DEFE204C224EAC4226D363
:10E7100000F0ECFE01F00BFD1F4A137B23F0010318
:10E72000137306B070BD54F80C3C059354F8103CBC
:10E73000049354F8143C039354F8183C029354F88F
:10E740001C3C019354F8203C009354E90A2354E9FB
:10E750000C0100F0B9FC54F8303C5E65CDE7D4E91B
:10E760000A23B3F1FF3F08BFB2F1FF3F05D052EAE1
:10E770000301206803D100F075FF3034C6E731464D
:10E78000183001F0F9F8F8E7598A0021F031030157
:10E79000503203016D2B030100840021002301226C
:10E7A00070B586B0CDE904230F220193CDE9023282
:10E7B00014230F4D0F4E03FB00550F4906EBC016F7
:10E7C000044601EB00214FF4807230460B4B00955C
:10E7D00000F07AFC737B2C7423F004037373084BF2
:10E7E000013403EBC423EE606B6006B070BD00BF64
:10E7F000108800218083002160A20021F3270301FB
:10E80000609A0021BFB50020FFF74EFF2A4B03F5A9
:10E81000006282F3088883F30A88E023274C0025EE
:10E8200084F822302023E37725766576A57684F870
:10E830002050636A224F43F4E023636284F823503C
:10E84000FCF730F8FCF79CF94FF0FF33A362E3626A
:10E85000FCF722FBFCF7B8F91A4800F09FFCFCF724
:10E86000B1FD0120FFF720FF0220174CFFF71CFF2E
:10E8700000F070FE154B16495C61164B4FF40062B8
:10E88000059301232046CDE90353CDE901553B46CD
:10E89000009500F019FC0646627B204622F0040237
:10E8A000627304F026F92846FFF778FF3A463146AE
:10E8B0002046FCF745F900BF609A002100ED00E01A
:10E8C000D9E6020180840021008400211088002103
:10E8D00060A30021543E030138B5064C064DAC42FE
:10E8E00001D3002038BD2046D4E9011203F05DFFBA
:10E8F0001434F4E760020021740200212DE9F34191
:10E9000004460E469DF8200004F10808EFF3118735
:10E91000402181F31288BFF36F8F256AE1688D4231
:10E9200046D22568AC4217D0B5B1284603F06CFF3B
:10E9300005F1180004F093F93146A268286904F043
:10E9400082FA00232846EB6704F0D3F840463946A4
:10E9500000F092FD002038E0A268D8B13146E069AD
:10E9600004F071FAE369A26813446269E3619342B7
:10E9700001D12369E361236A10210133236204F189
:10E98000240004F021FA0028E0D187F31188BFF3B6
:10E990006F8F1AE0A1692369994208BF6369314604
:10E9A00008BFA361A069801AA06104F04CFAE2E7F5
:10E9B00052EA03010CD00849404689680E61CDE94E
:10E9C00000233946224600F0C3FC02B0BDE8F081C6
:10E9D0006FF02200D9E700BF10880021F7B5044688
:10E9E000084604F10807EFF31186402181F31288ED
:10E9F000BFF36F8F216A002939D0A268A16904F0A2
:10EA000022FAA369A268256813446269A36193424C
:10EA100004BF2369A361236AAC4203F1FF3323627D
:10EA200033D02846002D31D003F0EEFE05F118005A
:10EA300004F015F9A2682969E06904F004FAE369B1
:10EA4000A268284613446269E361934204BF2369C4
:10EA5000E361236A013323620024EC6704F049F880
:10EA60003846314600F008FD204603B0F0BD52EABA
:10EA7000030110D0094989680861CDE900233146B6
:10EA80002246384600F064FCEFE7002086F3118848
:10EA9000BFF36F8FE9E76FF02200F7E710880021DE
:10EAA0002DE9F341044617461E46EFF31188402333
:10EAB00083F31288BFF36F8FC368334A7BB18068DA
:10EAC0009168884219D057EA060318D188F3118853
:10EAD000BFF36F8F6FF00F0002B0BDE8F081916857
:10EAE00091F90E100133E36093682161A36088F30C
:10EAF0001188BFF36F8F0020EEE72169F2E791F9EB
:10EB00000E1090F90E306FF07E029942A8BF1946A0
:10EB10009142B8BF11468B422DDD03F089FE0546B8
:10EB200022464146CDE90076184800F011FC002845
:10EB3000E1D0EFF31186402383F31288BFF36F8F88
:10EB4000A068D0B1236821699C420AD04BB193F9E7
:10EB50000E309942A8BF19466FF07E039942B8BFA4
:10EB6000194603F065FE40B13146084800F084FCC8
:10EB70006FF00A00B0E70025D2E7002DF4D186F34C
:10EB80001188BFF36F8FF3E7108800215A8A0021A4
:10EB9000F8B583680546002B3FD0234A926893421C
:10EBA0003ED1C368012B03D9013BC3600020F8BDEF
:10EBB000EFF31187402383F31288BFF36F8F01694E
:10EBC000806803F035FE2C68A54207D10023C5E913
:10EBD000023387F31188BFF36F8FE7E7002CF5D07E
:10EBE000D4E90032002613605A60637BC4E90066F2
:10EBF00023F002036373A66004F1180004F02FF8F9
:10EC0000AC6094F90E3020462B61E66703F071FF8B
:10EC10003946064800F030FCC8E76FF01500C6E73B
:10EC20004FF0FF30C3E700BF108800215A8A00214F
:10EC300037B51146EFF31185402282F31288BFF3F6
:10EC40006F8F04689CB12368426823F003039442E9
:10EC5000036008BF43600121204603F076FE0446AE
:10EC600085F31188BFF36F8F204603B030BD51EAA2
:10EC70000302F5D000F10802CDE900131046294641
:10EC800000F066FB0028EFD1014B9B681C69EBE7A5
:10EC90001088002170B5EFF31186402383F31288AA
:10ECA000BFF36F8F0468A0421AD0CCB1D4E9003210
:10ECB000002513605A60637BC4E9005523F002030A
:10ECC0006373A56004F1180003F0C9FF2046E567EF
:10ECD00003F00FFF3146BDE870400A4800F0CCBB9E
:10ECE000D0E902329A4218BF01330221836010300A
:10ECF00004F06AF80028EDD186F31188BFF36F8F16
:10ED000070BD00BF5A8A002113B5EFF31181402472
:10ED100084F31288BFF36F8F846844B1013C846030
:10ED200081F31188BFF36F8F002002B010BD52EA4B
:10ED3000030406D181F31188BFF36F8F6FF00F00CA
:10ED4000F3E7CDE900230246014800F001FBECE7C0
:10ED50005A8A00212DE9FF41044640274E4EEFF329
:10ED6000118887F31288BFF36F8FD4F88450F5B9F8
:10ED7000022104F19C0003F019FE002868D004F180
:10ED8000940500220121284603F030FF0028F8D125
:10ED900000234FF0FF3202934FF0FF334146CDE99D
:10EDA00000233E4804F18C0200F026FDD7E7D4F89A
:10EDB00088202B689542C4F8843008BFC4F8883096
:10EDC000D4F89C3043F00203C4F89C30EB6823F085
:10EDD000040343F00103EB606B6888F31188BFF311
:10EDE0006F8F28469847EFF3118887F31288BFF397
:10EDF0006F8FEB68D80623F0010236D4EA60EB6827
:10EE00009A0716D5306823F00203EB6088B1002121
:10EE1000036870B14268954235D1036869BB726876
:10EE20003360824200D17360002340F8083BFFF753
:10EE300031FFD4F89C3023F00203C4F89C3088F3EF
:10EE40001188BFF36F8FDB0589D400F08BFB86E759
:10EE5000D4F89C30D9069BD5C4F89C0088F311885F
:10EE6000BFF36F8F04B0BDE8F08123F01103EB60B6
:10EE700005F11000FFF70EFFC1E70B6073688342D6
:10EE800008BF7160D0E723B11A68014618461346DF
:10EE9000BFE71A46F9E700BF308800215A8A0021EF
:10EEA000F8B5C36804469A070F46C3F340062ED44C
:10EEB0005B071CD40B680BB983680B60E368DD0744
:10EEC00042BFA36802263B603D6858BF0126002D63
:10EED0003CD0204B9A68D5F880309A420AD0D5F8B9
:10EEE0009C30D807C3F3800214D46FF012060023BD
:10EEF0003B6025E003F0BAFDD5F89C300028F0D146
:10EF0000D907C3F3C002F0D552B15B0708D46FF044
:10EF10000F06ECE7002AFAD1C3F3C003002BF6D1A9
:10EF200000232360D5F8883063B9C5E92144284619
:10EF300003F048FDE36843F00403E3603B68A3602B
:10EF40003046F8BD1C60C5F88840F0E76FF0150644
:10EF5000CDE700BF10880021F8B5C368064603F06E
:10EF60000503002B0C4614BF012700271CD0856821
:10EF70000122002104F1100003F008FD204613498E
:10EF800003F027FDE36843F01003E360F3685B07D9
:10EF900012D5336823606BB9D5F8883033B9C5E929
:10EFA0002144284603F00EFD3846F8BD1C60C5F824
:10EFB0008840F6E73460F4E7D5F884302360D5F86C
:10EFC0008830C5F88440002BEBD1F0E7C32903015A
:10EFD000F0B50446002089B0C4E921000E9D04F17B
:10EFE0008C00C4E9230004F19400C4E9250055B362
:10EFF0002879002840F2011008BF0120C4F89C00C5
:10F0000000204FF0FF364FF0FF37CDE90330CDE958
:10F010000100CDE9066720460C4B009400F092F801
:10F0200055B1296811B1204603F026FD6B791BB15B
:10F03000237B43F001032373204600F013FBC4F845
:10F04000804009B0F0BD0120D8E700BF55ED0201B6
:10F0500030B50A46044685B0EFF31185402383F3AB
:10F060001288BFF36F8FD0F89C3013F0060F1DD1BC
:10F07000B1B143F00C03C4F89C30204603F0A2FC6D
:10F0800000234FF0FF3202934FF0FF332946CDE9C2
:10F0900000230C4804F1940200F0AEFB05B030BD33
:10F0A000D0F8840048B143F00403E4E743F00401DE
:10F0B000C0F89C10002AE0D0DBE785F31188BFF38D
:10F0C0006F8FEBE75A8A00212DE9F043984685B00F
:10F0D00000F15803C0E91633109B00260373042384
:10F0E000073222F0070543730F9B01EB05090F461A
:10F0F00083734946C0E906668660C6730446FBF71B
:10F10000DDF90E9B073020F00700E066C4E91975B1
:10F1100002930D9BA9EB000901930C9B4A460093B7
:10F12000394643462046FBF7EFFC054B66659B6876
:10F1300003B11B6F4846236705B0BDE8F08300BFED
:10F1400010880021F0B5002587B00595109DDDE9F8
:10F15000127604950F9D044603950E9D02950D9D14
:10F1600001950C9D0095FFF7AFFFB6F1FF3F08BF7B
:10F17000B7F1FF3F05D056EA070305D1204600F05E
:10F1800071FA204607B0F0BD3A46334604F1180044
:10F19000014900F0F1FBF4E76D2B030140F201138C
:10F1A0008381002310B50446C0E9193300F038FD0F
:10F1B000014B9C6010BD00BF108800216FF00A0158
:10F1C000084A9368D967084998674B6843F08053A9
:10F1D0004B60002383F31188BFF36F8F9368D86F60
:10F1E000704700BF1088002100ED00E070B590F975
:10F1F0000D20437B002A36DBD90634D11B4C63F04B
:10F200007F032246437352F8183FE169934207D1C6
:10F21000C0E900210860E06111E09942F8D01B6864
:10F22000002BF5D090F90E5093F90E60B542F4D052
:10F23000AE42F2DD5968C0E9003108605860A56946
:10F24000954200D005B9E568A3685A7BD20604D17F
:10F25000DA897F2A01D9AA6932B1AB4202D02846A5
:10F2600000F00CFB656170BD6361FCE71088002154
:10F2700038B590F90D200146002A437B04DA03F0EB
:10F280007F03437303F0FBFB0D4D2A4652F8184FE2
:10F29000AB68944200D004B9EC688B4207D05A7B2B
:10F2A000D20604D1DA897F2A01D9A2692AB1A34200
:10F2B00002D0204600F0E2FA23466B6138BD00BF61
:10F2C00010880021B3F1FF3F08BFB2F1FF3F03D028
:10F2D0000249183000F050BB704700BF6D2B03018E
:10F2E00038B5194CA168E0690B68814214BF1A4611
:10F2F000002249680B605960A368E1692AB9134A82
:10F30000C3E900210B60E3610CE093F90E0092F970
:10F310000E50A84214D0854212DD5168C3E9002185
:10F320000B605360A569094B9D4200D005B9E568A3
:10F33000A3689D4202D0284600F0A0FA656138BD5E
:10F340009142DCD01268D9E710880021288800217A
:10F35000F8B5DDE906670D4B0C46986811460C4A76
:10F360001060EFF31182402282F31288BFF36F8F97
:10F370009D68284603F095FB284632463B46FFF73A
:10F38000A1FF2046BDE8F840FFF718BF1088002114
:10F3900038880021F8B50446EFF31187402383F342
:10F3A0001288BFF36F8F437B49B203F01F02002A1C
:10F3B0000CBF0126002639D103F07F032D4D437386
:10F3C00003F05DFB2A46437B817363F07F03437345
:10F3D00052F8183F934227D1E869C4E9002004603D
:10F3E000EC610FE09842F8D01B68002BF5D093F940
:10F3F0000EC06145F6D08C45F4DD5968C4E9003192
:10F400000C605C60AC69944200D004B9EC68AB68F5
:10F410009C4202D0204600F031FA6C6187F31188DB
:10F42000BFF36F8F3046F8BDE869DEE79B071ED556
:10F43000856803F024FB81732B689D4209D16B68BA
:10F44000C4E900531C606C60E8E76A689342F6D038
:10F450001B68002BF3D093F90E209142F5D08A421D
:10F46000F3DD5A68C4E9003214605C60D6E781734A
:10F47000D4E700BF1088002149B9EFF3058030B907
:10F48000054B5A699B689A4201D0FFF797BE81F3FA
:10F490001188BFF36F8F704710880021034648B969
:10F4A000EFF3058232B9064A51699268914201D060
:10F4B000FFF784BE83F31188BFF36F8F704700BFDF
:10F4C00010880021EFF31181402383F31288BFF3EA
:10F4D0006F8F054B9A68D37B013BD37381F31188FF
:10F4E000BFF36F8F704700BF1088002170B5EFF336
:10F4F0001186402383F31288BFF36F8F144DAB68DE
:10F50000DA7B0132DA732A4652F8184F944200D05F
:10F5100004B9EC685A7BD20604D1DA897F2A01D972
:10F52000A2692AB1A34202D0204600F0A7F92346DF
:10F530006B6186F31188BFF36F8FEFF31180402367
:10F5400083F31288BFF36F8FBDE87040FFF7A6BF4B
:10F5500010880021024B03F11802C3E9062270470C
:10F560001088002170B5EFF31186402383F31288D1
:10F57000BFF36F8F1B4CA168E0690B68814214BF19
:10F580001A46002249680B605960A368E1692AB9EC
:10F59000154AC3E900210B60E3610CE093F90E000A
:10F5A00092F90E50A84218D0854216DD5168C3E981
:10F5B00000210B605360A5690B4B9D4200D005B93B
:10F5C000E568A3689D4202D0284600F057F96561BE
:10F5D0003046BDE87040FFF7F1BD8A42D8D01268CE
:10F5E000D5E700BF1088002128880021F8B550EA2F
:10F5F000010306460C4603D1FFF7B4FF0020F8BD17
:10F60000EFF31187402383F31288BFF36F8F124DFE
:10F61000124BA8681860FFF72BFEA86823463246F5
:10F620000F49183000F0A8F9AA680446537B384601
:10F6300043F004035373FFF7C1FDAB68D3E90A231A
:10F64000B3F1004F08BF002AD8D103F030FB201AD5
:10F6500020EAE070D3E700BF10880021388800213D
:10F660006D2B030138B50446EFF31185402383F376
:10F670001288BFF36F8F437B5B070FD5183003F001
:10F68000EEFA637B204623F004036373FFF7AEFDBD
:10F690002946BDE838400448FFF7EEBE85F31188DF
:10F6A000BFF36F8F38BD00BF5A8A0021014B9868A5
:10F6B000704700BF108800212DE9F8430446077BFE
:10F6C000EFF31185402383F31288BFF36F8F437BE1
:10F6D000190705D585F31188BFF36F8FBDE8F8834F
:10F6E000D90943F008025DD14273A36813B12046E3
:10F6F00003F0CDF904F1180003F0B1FAA66D04F19E
:10F700005808B04511D04FF0000976B1304603F0EB
:10F71000BEF906F1180003F0A2FA3046C6F87C9054
:10F72000FFF764FDA66DB045EFD1DFF8C080D8F8D3
:10F7300008309C423ED1EFF30589B9F1000918BFAA
:10F740004FF00109D8F81860294A964200D00EB946
:10F75000D8F80C60B34202D0304600F08FF8204653
:10F76000C8F8146001F0A5FAB9F1000F02D02148E1
:10F77000FFF714FDD8F808309C4231D1EFF3058330
:10F7800073BB227BD20718D42846FFF717FDFB076F
:10F79000A4D5002383F31188BFF36F8F0423184689
:10F7A00002DF9BE703F07F0343F00803437303F09A
:10F7B00066F99AE74FF00009C4E785F31188BFF3B3
:10F7C0006F8F83F31188BFF36F8F0423184602DF16
:10F7D000EFF31180402383F31288BFF36F8FD4E7D8
:10F7E00085F31188BFF36F8FD1E700BF1088002128
:10F7F0002888002180840021D3B5DDE90667089CB4
:10F80000CDE90067FFF7A4FD1CB1034B9B681B69A2
:10F81000236002B0D0BD00BF10880021427B0346A8
:10F8200012F01F0210D10A4988420DD00949086818
:10F8300068B1D9897F2909D893F90E20064B1B6836
:10F840009A42B8BF002070470020704710467047AA
:10F8500080830021440200213C8800210122044BC6
:10F86000C01A044BC0105843034B1A54704700BFD2
:10F8700000850021ABAAAAAA5A8A002170B50C4BB8
:10F880000C4D1E7CFFF7CAFF182303FB06550446E8
:10F89000284603F0E4F90022074B9A553CB1621E5A
:10F8A0002846BDE870400549D31700F065B870BD23
:10F8B00010880021008500215A8A00215DF802018C
:10F8C00038B5EFF31185402383F31288BFF36F8FB0
:10F8D0000F4B104A9C681068A04206D1FFF7CEFF7C
:10F8E00085F31188BFF36F8F38BD00211B7C116039
:10F8F000094AD35C002BF3D02046FFF78FFF002886
:10F90000EED0637BDB0601D1FFF7EAFC2046E5E79A
:10F9100010880021388800215A8A0021024B18687B
:10F92000984208BF0020704748020021034B1B6823
:10F930000BB9FCF707BE0020704700BF40880021CC
:10F9400030B570B10B4B5B6898420AD0036843B185
:10F95000D3E90421D0E90445121941EB0501C3E9BB
:10F960000421D0E9003213605A600023C0E900335B
:10F9700030BD00BF48020021B3F1FF3F08BFB2F124
:10F98000FF3F2DE9F84F0446994615461F467AD0A9
:10F990008160EFF31188402383F31288BFF36F8FE8
:10F9A000B9F1000FDFF8E4A020DBFFF7BFFFDAE9D1
:10F9B0000027013549F100092D1849EBE07306468F
:10F9C0004FF00109C4E90453AD1843EB0707FFF7F3
:10F9D000A5FF0346DFF8B8E0DEF804A0EBB9C4E900
:10F9E00000EACAF80040CEF8044028E06FF00103B6
:10F9F000DAE900125B1A4FF0FF3161EB02025B1B88
:10FA000062EB0902012B72F10001BCBF012300224D
:10FA10004FF00009C0E90432D9E7D3E9041CD4E966
:10FA200004208A4270EB0C0B24DA891A5A686CEBBA
:10FA30000000C3E90410C4E9003214605C60FFF701
:10FA40006DFF84420ED1134B1B685BB9B9F1000FF7
:10FA500002D1FFF76BFF0646304603F0E9F80021BC
:10FA6000FCF742FD88F31188BFF36F8F28463946B3
:10FA7000BDE8F88F521A60EB0C009A45C4E90420E7
:10FA8000ADD01B68AAE700252F46EFE718850021B7
:10FA900048020021408800212DE9F047EFF311854D
:10FAA000402383F31288BFF36F8FDFF8A090002606
:10FAB000C9F800000027FFF731FFDFF89480D9F87C
:10FAC0000030D8E900ECD91750B1D0E90442A34284
:10FAD00071EB020A1BDAE41A62EB0102C0E904428C
:10FAE000002413EB0E034CEB01012046C8E9003162
:10FAF000C9F8004003F09CF82146FCF7F5FC85F3BB
:10FB00001188BFF36F8FBDE8F047FFF7D9BE14EB44
:10FB10000E024CEBE473C0E90467C8E90023FFF769
:10FB20000FFF85F31188BFF36F8F83689847EFF35A
:10FB30001185402383F31288BFF36F8FD9F800300B
:10FB40001B1BC9F80030FFF7E9FEB8E74088002129
:10FB50001885002110B5EFF31184402383F3128838
:10FB6000BFF36F8FFFF7E2FE0346054AD2E90001BB
:10FB7000181841EBE37184F31188BFF36F8F10BD48
:10FB80001885002138B50346EFF31185402282F332
:10FB90001288BFF36F8FC1600121816000688342CA
:10FBA00006D185F31188BFF36F8F0024204638BD3E
:10FBB000D0E9003213605A600023C0E9003303F03B
:10FBC000C0F8294604460248FFF756FCEEE700BF9E
:10FBD0005B8A00212DE9F04105460E46174602F0EA
:10FBE00045FF28B9074B9B681C6F14B9BDE8F0812D
:10FBF000054C3B46324629462046BDE8F04103F01D
:10FC000002B900BF108800216002002102460021D5
:10FC1000014B024803F0F7B81B0503016002002105
:10FC2000014B0367704700BF600200210146024A92
:10FC30000020FFF7CFBF00BF1B05030107B5074B2F
:10FC40004FF40062009306494FF0FF330548FFF779
:10FC5000BFF9002003B05DF804FB00BFAC3703011F
:10FC600060CB0021208500212DE9F04F43688DB045
:10FC700015468046029383789A0740F10D8100244F
:10FC80000E78002E00F00A81252E0BD04B1C03931A
:10FC9000013441463046029B98470028C0F2F68066
:10FCA0000399EDE74E788B1C252E0393F0D00027A7
:10FCB000B946BB46BBF11F0F38D8A6F12003102B65
:10FCC0000AD8DFE803F02A090930090909210909DE
:10FCD0000928092D09091F00A6F13003092B33D982
:10FCE0002A2E37D11BF0400F55F8043B40F082809C
:10FCF000002BA7BF4BF0200B9946C3F100094BF036
:10FD0000280B01E04BF0010B039B13F8016B0393ED
:10FD1000002ECFD130E04BF0020B4BF0040BF3E799
:10FD20004BF0080BF0E74BF0100BEDE7BBF17F0F4A
:10FD300019D8A6F13003092BD2D81BF0400F03D0FD
:10FD40000A2101FB0737DFE70A214BF0200B01FBFB
:10FD50000939D9E72E2E06D11BF0400F40F09E80C6
:10FD60004BF0400BD0E76C2E31D02BD8682E36D01C
:10FD70006A2E3CD04C2E3AD0002F46F02003B8BF5C
:10FD80002BF04002A3F16501BCBF00271FFA82FBE4
:10FD9000022901D9612B2FD107350727DFF8ACA243
:10FDA00025F0070508351BF0080F66D00AEB070B96
:10FDB00056465E4563D1A4EB0A0AA9EB070906EB98
:10FDC0000A026FE1742E9FD07A2E9DD0D4E71BF0EB
:10FDD000800F18BF4BF4007B4BF0800B94E71BF4B3
:10FDE000807F18BF4BF4007B4BF4807B8CE74BF497
:10FDF000207B89E71F4687E7A6F16301122900F2FD
:10FE0000F080DFE811F013004F00EE00EE00EE008E
:10FE1000EE004F00EE00EE00EE00EE00EE00FE0001
:10FE2000E900EE00EE001B00EE00AF0055F8043BC9
:10FE300001270DF1180A8DF81830B4E755F804AB16
:10FE4000834BBAF1000F08BF9A461BF0400F504693
:10FE500014BF39464FF0FF3103F02CF80746A2E7F4
:10FE600041462020029B984700280FDB013EB74205
:10FE7000F6D34C44B146A41B98E74E46F7E74146FB
:10FE800016F8010B029B9847002892DA98F8023086
:10FE900043F0040388F802304FF0FF3420460DB0E1
:10FEA000BDE8F08F1BF0800F34D01BF4007F2CD006
:10FEB000073525F00705AA4669685AF8080B2BF0A4
:10FEC00010050029ADB237DA404245F4806561EB98
:10FED00041010DF1180B0A235A4602F0F7FFA0EB7F
:10FEE0000B0301936B0662D5019B25F001019F4234
:10FEF00089B240F3A180002E00F0998015F0100225
:10FF000040F09C80BB460D4623E0AA465AF8040BFD
:10FF1000C117D4E7AA461BF4807F5AF8041B01D10D
:10FF20000846F5E71BF4007F19BF48B241F3C01142
:10FF300008B241F3C031C2E750EA0103C9D11BF056
:10FF4000400FC6D0002FC4D12BF01102BB46019741
:10FF500095B240F2064115EA01021CBF0BF1010BFC
:10FF600000222CE02BF010020A231FFA82FB1BF068
:10FF7000800C49D01BF4007115BF0735AA4625F047
:10FF800007055AF8040B1EBFAA4669685AF8080B01
:10FF900050EA010545D12BF016051BF0400FADB21C
:10FFA00042D0002F40D12BF01702019795B215F0E7
:10FFB000100248D0019B002E42D103F1010B29070A
:10FFC0005AD4EB0706D5D9456FDDA9EB0B03019990
:10FFD000CB465F185B4649E04BF0100B10237826A8
:10FFE000C5E7782B04D1C6F1780343F01003BEE7D0
:10FFF00041462520029B98470028FFF647AF023470
:020000040103F6
:1000000047E608230026B2E7AA461BF480715AF897
:10001000040BBDD01BF400711ABFC0B2614680B2A0
:10002000B6E72BF0060295B20DF1180B54E725F058
:100030001105BB46ADB28CE70D46B8E73B460D4611
:1000400003F1020BBBE7DDF804B082E7843E030155
:100050007D3E0301CDE9043241462020029B9847B2
:100060000028FFF613AF049B059A01339945F1DC94
:10007000A4EB0B019B46CC180AB341463020029BEF
:1000800098470028FFF602AF8EB901342744391B88
:10009000019B994224DC1D4655BB019AA9EB0B0933
:1000A000554622441446914433E0019F92E70234BE
:1000B00041463046029B98470028E7DAE6E640F2E0
:1000C00006410D42E2D015F0020F04F10104414651
:1000D00014BF2B20202015F4806F18BF2D20E9E7D6
:1000E00041463020029B013498470028CFDACDE604
:1000F00006AB013D4146585D029B98470028CBDA8C
:10010000C4E641462020029B013498470028FFF6B0
:10011000BDAEA9EB0403002BF3DCC1E57047EFF3A0
:100120001183402383F31288BFF36F8FFEE708B576
:10013000F9F7F6FC10B110F1580F06D1F9F70EFDE2
:1001400010F1580F02D00028F8D008BD0020FCE7BD
:10015000836800EBC101B3F5004F2CBF51F82200BA
:1001600031F81200704700EBC1018068B0F5004F14
:100170002CBF41F8223021F812307047012208B517
:10018000FFF7E6FFD04008BD836800EBC101B3F57F
:10019000004F08D34B681AB143F001034B6070471E
:1001A00023F00103FAE74B881AB143F001034B80B7
:1001B000704723F00103FAE753000122FFF7D3BF92
:1001C0008368B3F5004F34BF04230823C91A081A03
:1001D000C00870478368481CB3F5004F34BF042340
:1001E00008230833A0EBD300B0FA80F0C0F11F0061
:1001F00070472DE9F041174603220E460446FFF7EB
:10020000A7FF8642054607F104080AD10122E368E8
:10021000BA4023EA0203E360002344F82830BDE833
:10022000F081314602222046FFF792FF06462B4618
:1002300001460322204644F82850FFF794FF334636
:1002400029462046BDE8F0410222FFF78CBF70B579
:100250000D4686680446FFF791FFB6F5004F01464C
:1002600001D3012809D02046FFF7B4FF29460246F2
:100270002046BDE87040FFF7BCBF70BD2DE9F047D8
:100280000546FFF7A7FF05EB800ADAF810908846CD
:100290000646B9F1000F1BD00327DAF810402846B4
:1002A0002146FFF76BFF404507D3324621462846DB
:1002B000FFF79FFF2046BDE8F0870322214628462E
:1002C000FFF746FF013FCAF8100001D08145E4D195
:1002D0004FF0FF34EB680136B4401C40EAD094FA8A
:1002E000A4F2B2FA82F2131D55F82340DEE72DE99D
:1002F000F04114460E460546FFF740FFA4EB060802
:10030000371B0744424631462846FFF755FF3A4619
:1003100021462846FFF750FF434600222146284643
:10032000FFF721FF21462846FFF728FF3B4621180B
:1003300000222846BDE8F041FFF715BF2DE9F04146
:10034000164604460F46FFF719FF3146054620467C
:10035000FFF714FF05442A4639462046FFF72CFFD5
:1003600031462046FFF70AFF2B463118002220466F
:10037000BDE8F041FFF7F7BE2DE9F0410D46866874
:100380000446FFF7FBFEB6F5004F014601D30128F6
:1003900032D02046FFF71EFF04EB80010E6996B9AC
:1003A0000122E36882401343E36002220D612B4681
:1003B00029462046FFF7D7FE032229462046BDE8FE
:1003C000F041FFF7D0BE022231462046FFF7C0FEC3
:1003D0000746034629462046FFF7C5FE032233465B
:1003E00029462046FFF7BFFE39462B462046FFF739
:1003F000BAFE02223146E1E7BDE8F081F8B50C46CD
:100400000546FFF7BBFE2618012231462846FFF7B6
:100410009FFEC3070CD431462846FFF718FF21463C
:100420002846FFF7ABFE214622182846FFF786FF35
:10043000002221462846FFF78BFE271A0122394663
:100440002846FFF785FE10EA020613D139462846F2
:10045000FFF7FDFE214632462846FFF779FE224689
:10046000211A2846FFF76AFF214632462846FFF741
:100470006FFE241A21462846BDE8F840FFF77CBFEE
:1004800038B571B1056800222846FFF799FE044689
:1004900001462846FFF778FE2146BDE83840FFF7C1
:1004A000ADBF38BD70B5056809B9002070BDAB6837
:1004B00001F00704B3F5004F2CBF082204220734D3
:1004C0001444E40804EBD1049C4228BF1C4628468F
:1004D0002146FFF7D3FE06460028E6D0014628460F
:1004E000FFF74CFEA04209D9344431462846224643
:1004F000FFF7FDFE21462846FFF73EFF2846012272
:100500003146FFF741FEAB68B3F5004F34BF04231B
:10051000082303EBC6031844C8E71146FFF7C2BF20
:10052000B2F5802F2CBF082304232DE9F0410026CB
:10053000D21A8C18CD1D25F0070524F00704641B82
:10054000E408056021462846AC60EE60FFF742FEF5
:10055000421D9200013002F107074FEAD7073146EA
:10056000A2F1100205F11000B8BF324602F078FC8B
:100570003A4631462846FFF71FFE3346324631469B
:100580002846FFF7F0FDA4EB070828463146012274
:10059000FFF7FAFD42463946FFF70EFE3B4632466C
:1005A00039462846FFF7DFFD21462846FFF704FEBF
:1005B0004346324621462846FFF7D5FD21462846C8
:1005C0000122FFF7E1FD3946BDE8F041FFF7D4BE57
:1005D000002070470FB407B504A951F8040B01912E
:1005E000F9F7EEFA03B05DF804EB04B07047038B43
:1005F00013F0070305D10368002B0CBF0020032074
:100600007047022B05D1408BB0FA80F04009800082
:100610007047012B05D10368002B0CBF002005207B
:1006200070470020704710B50C4600B111B96FF04B
:10063000150010BD081D00F093F80028F9D1A3683B
:10064000032BF6D9F3E72DE9F0410D46074619468D
:10065000281D90461E4600F097F8044638B13346F0
:10066000424629463846A446BDE8F0416047BDE809
:10067000F08110B4EFF31182402484F31288BFF3A9
:100680006F8F416110BC0121F9F7CCBA38B50C4627
:10069000054658B151B10B6843B14B6833B11C22C8
:1006A000002102F0DDFB00202C6138BD6FF0150049
:1006B000FBE770B505460E46FFF7B5FF041E14DBD9
:1006C000EFF31182402383F31288BFF36F8F4FF64D
:1006D000FF716B8B2C8B8B4204F0070407D182F3E4
:1006E0001188BFF36F8F6FF00A04204670BD022C93
:1006F0000CD101336B8382F31188BFF36F8F00231A
:10070000224631462846FFF79EFFEEE7062C14D816
:10071000DFE804F004131313041A04000023336009
:100720006B683BB9C5E90066ACB902212846F9F708
:1007300079FADAE71E606E60F6E782F31188BFF39C
:100740006F8F6FF00404D0E782F31188BFF36F8FCF
:100750006FF08504C9E782F31188BFF36F8FC4E798
:10076000034640B1426802F00302022A06D0032A7F
:1007700004D0012A05D06FF0150070471A68002ACE
:10078000F9D000209860704710B54268034602F027
:100790000302022A4FF00004816007D0032A02D02E
:1007A0005C60002001E018685C6010BD18685C6047
:1007B0000028F6D0FFF7E6F9F3E7704720B1836829
:1007C0002BB11B6833B118476FF0150070476FF0FD
:1007D000040070471846704730B450B149B142B177
:1007E000846854B1256945B141F8040B236930BCD4
:1007F00018476FF0150030BC70476FF00400FAE73F
:1008000030B41346044650B1006860B182686AB1E2
:1008100095685DB10A46AC46616830BC60476FF0D0
:10082000150030BC70476FF00100FAE76FF004006C
:10083000F7E70A46034610B458B1006868B181680A
:1008400071B1CC6A64B18C6A54B15968234610BC4A
:1008500018476FF0150010BC70476FF00100FAE701
:100860006FF00400F7E70A46034610B458B1006879
:1008700068B1816871B18C6A64B1CC6A54B159684D
:10088000234610BC18476FF0150010BC70476FF07E
:100890000100FAE76FF00400F7E70369D3F8780383
:1008A00070476FF085007047084608B5114618B1CB
:1008B00001F009FC002008BD6FF00100FBE70846CD
:1008C00008B5114618B101F0F5FB002008BD6FF026
:1008D0000100FBE713B504460846216901F55D7187
:1008E000D1E8AF1F022909D15BB168B1009313466B
:1008F000D0E90912FDF71EFC02B010BD6FF00F0029
:10090000FAE76FF04C00F7E76FF00100F4E72DE92C
:10091000F8431C46DDE90853164698460F46006921
:1009200039B34AB344B36A1C43F10003022A73F19A
:10093000000324D2226842B1D0F878339A4204D915
:100940006FF00B002360BDE8F88305EA080909F1A0
:1009500001035A425A412146384601F0BDFB88B98D
:10096000B8F1FF3F08BFB5F1FF3FF0D06FF068006E
:10097000E9E76FF00100E6E76FF01500E3E76FF0DD
:100980008500E0E730600020DDE701F00ABC38B503
:100990000D46044600F148012846F9F70DF830B13C
:1009A000284604F1C001F9F707F820B9012078239F
:1009B00003FB004038BD0020FCE702F5307102F572
:1009C000347002F022B8D0F8B030A0F53070003B9F
:1009D00018BF012300EB8300D0F8AC0201F00BBB81
:1009E000C86828B1096983681B680BB100221847E1
:1009F0007047FEF7CDB8D0E8EF3FC0E8E21F002A0D
:100A0000F9D1704710B5436804691B68C4F87033A6
:100A100004F5EC7001F014FF002104F55D70FFF7A0
:100A2000EAFF084610BD2DE9F74317460D4691B37E
:100A30000B7883B3D0F8C440A4F5E27914344FF0B6
:100A4000FF324FF0FF332046FEF72AF82A46484689
:100A500001A9F9F717FA019E80462EB9204603B086
:100A6000BDE8F043FFF7C5BF58B12046FFF7C1FF0F
:100A70003B462A463146484603B0BDE8F043F9F705
:100A8000DFB91F22294606F1480002F003FA86F872
:100A90006780B766E2E703B0BDE8F083030103EBCC
:100AA0004003093323F0030303EBC003484303303F
:100AB000083320F003001844400070472DE9F84344
:100AC00006464FF001080569D0F8049005F55D77FA
:100AD000D7E8EF3F022B03D1C7E8E28F002AF7D116
:100AE00041D195F86C30002B40D195F8E430002BC3
:100AF0003CD12846D5F8701300F054F8044680BB6A
:100B000073683669D3E9050183681B693BB32246E4
:100B10009847044628BB414606F53470FEF798FA1C
:100B2000D6F8500305F5F876F9F73EFF3046D9F8C8
:100B3000001000F072F8044698B90146D022304601
:100B400002F08EF921464FF4F672284602F088F939
:100B500021463846FFF74FFF2046BDE8F8836FF087
:100B600057040221F5E76FF07704F5E76FF00F0403
:100B7000F2E710B50846029B114652B993F86C2073
:100B80002AB90122184683F86C20F9F767FA002089
:100B900010BD1A6F9468002CF9D05A6FA047F6E781
:100BA00001F0FFBA38B50D46044660B1F03001F0EF
:100BB00097FD0DB1002038BDC4F8C451C4F8C85128
:100BC000C4F8CC51F6E76FF01500F4E70268D2F8EC
:100BD000C83013B1D2F8C410184770477047836902
:100BE0000BB9C36B19707047012070478369012BE3
:100BF00003D1C36B1878C0B270470420704738B572
:100C0000C41DE4002046FFF701F8054618B122464E
:100C1000002102F025F9284638BD38B504463822AF
:100C2000002102F01DF91822002104F1A40002F0B5
:100C300017F91822002104F18C0002F011F9D4F800
:100C4000C000FDF729FAD4F8BC00FDF725FAD4F866
:100C5000803004F154050BB1284698473822002112
:100C6000284602F0FDF8FDF77BF9002038BD02F0C0
:100C7000F7B802F0E8B801460068F9F7EBBB08B531
:100C8000F9F718FCBDE80840F9F738BC002101204D
:100C9000F9F7E0BB08B5F9F729FFF9F7B3FBF9F766
:100CA000BDFBF9F773FFFDF7ADFD436E83F30B88D2
:100CB00070476FF08500704761B662B680F31188A7
:100CC000BFF36F8F704708B5FAF7B0FA72B600231A
:100CD00083F31188BFF36F8FFAF726FB50B1BFF390
:100CE0004F8F30BF00BF00BF00BF00BF00BF00BFBD
:100CF00000BF00BF62B6BFF36F8F08BD10B50446DA
:100D0000FAF794FA72B6002383F31188BFF36F8F5A
:100D1000FAF70AFB50B1BFF34F8F20BF00BF00BFEF
:100D200000BF00BF00BF00BF00BF00BF84F3118839
:100D3000BFF36F8F62B610BD40E800F313F4803F3D
:100D4000D8B208BF6FF01500704730B50C684B681B
:100D500085B00A894D890094013B24F01F04234487
:100D600002F01F0242EA451223F01F0369468DF884
:100D700008200393F9F75EFF05B030BD08B5FAF718
:100D80003BF9002008BD7047416A8968FAF7A0B9AD
:100D900030B484880568A3188380281930BC02F019
:100DA00052B810B5838802685C1C8480D154D01876
:100DB00010BD03468288521A828000680844186079
:100DC000704710B5036801211C78FFF7F2FF204639
:100DD00010BD8388C2888168D21A03685B1AD01A52
:100DE0007047F0B5D0F80473064617F002001CBF38
:100DF000C2F1807018604FF0000518BF01204FF05D
:100E0000010C4FF4803E0CFA05F40C4214D00EFA9B
:100E100005F43C4210D005F5A87456F82440A41AF5
:100E200034F07F4408BF4FF0807408B91C6002E0C2
:100E30001868A042FAD801200135042DE3D1F0BD95
:100E4000FAF7E2B9FAF7E0B90220FAF759BB0C2237
:100E50000369C9B201FB0233186C00F00700704748
:100E600070B5C9B20369EFF31185402484F3128889
:100E7000BFF36F8F0C2606FB0134246C14F0C00402
:100E800008D0A24206D085F31188BFF36F8F4FF0D0
:100E9000FF3070BD012206FB01331A6485F311880F
:100EA000BFF36F8F436803EBC1035B689847002073
:100EB000EFE78022FFF7D4BFF8B5069F0469C9B2F7
:100EC000EFF31186402585F31288BFF36F8F0C2551
:100ED00005FB0144256C05F0070CBCF1010F0CD19A
:100EE000276486F31188BFF36F8FC4E90E2343682C
:100EF00053F8313098470020F8BD05F0C005AF42E7
:100F000086F31188BFF36F8F0CBF6FF077004FF03F
:100F1000FF30F1E713B580240094FFF7CDFF02B056
:100F200010BD10B41C240069CBB203FB04000021E7
:100F300010BC10471046FDF7ADBE00F0BDBAFCF77F
:100F4000E3BC436800205B681B690B607047436823
:100F500002EA01005B6821EA020198600020D96082
:100F60007047436800205B689960704743680020C1
:100F70005B68D960704743685A68536821EA030088
:100F80000B4090600020D360704710B5036958682B
:100F9000F8B1884219D19C680868A142586000D114
:100FA0009860002008602AB15A680A609A685960FF
:100FB00002B99960002010E0814206D108682060E3
:100FC00098688142EDD19C60EBE7044600680028F8
:100FD000F2D1002AE8D16FF0150010BDFCF7CABDB0
:100FE00030B451F820500C4601EB80023DB101466F
:100FF000AC46D4F88000002330BC126C604730BC93
:10100000704710B500690F299FBF00EB810440F8BD
:1010100021202364002088BF6FF0150010BD002040
:101020007047102070470F290ED843685B68CB408B
:10103000DB0709D501228B00DBB203F1824303F504
:10104000903300201A6070476FF01500704738B574
:101050000F290C46056933D843681B68CB40DB0772
:101060002ED5D5F8841021FA04F303F001031AB940
:101070009BB96FF0770022E0002BFAD111B9122052
:10108000F9F7EAFC0122D5F88430A2401343C5F8F1
:101090008430E0B2FCF784FE0AE0E0B2FCF788FEA0
:1010A0000122D5F88430A24023EA0203C5F8843037
:1010B000D5F8843013B91220F9F7DCFC002038BDD4
:1010C0006FF01500FBE730B543681360057A44689C
:1010D00004EBC504A34202D36FF0010030BD5C797C
:1010E0008C4201D00833F0E70020F7E743681B6823
:1010F000D3F88004C3F88004704742681368D3F8BB
:10110000100150B10020126A12780A70C3F8100161
:10111000D3F8102101221A6070474FF0FF3070475A
:1011200002680346D2F8580140B95B68DB0706D471
:10113000D2F82001003818BF012070470120704705
:1011400043681B68D3F80423D20517D5D3F82021B0
:10115000A2B1EFF31182402181F31288BFF36F8FA8
:10116000D3F8201131B10021C3F82011D3F8201198
:101170000121D96082F31188BFF36F8FD3F8583102
:10118000704713B501AA0446FFF79DFF002805DB51
:10119000019B226819791868FAF700FF02B010BDA8
:1011A0002DE9F0410546002201211320F9F784FCC6
:1011B0001320F9F751FC6C680121E068FFF7E1FFAB
:1011C0006B6819682369C1F82435A27D637D207D91
:1011D0001343228B02431343C1F86C356E68D6E982
:1011E000004313F001033DD00027D5F8108004F12F
:1011F0000C01C4F8A07108F10802C4F88C7004F561
:10120000907000F09BF900282ADB98F80800FCF7A2
:1012100013FC0823C4F80035F369C4F844350123EE
:10122000C4F84875A360D4F85831002BFBD00021D6
:10123000C4F800156D68E8682C68FFF7A2FF082362
:10124000C4F800352A7A52B92B6AC4F83435012320
:10125000C4F83835C4F81021D4F8102123600020D8
:10126000BDE8F0810822C4F80025F269C4F84425DD
:10127000C4F848350123A360D4F82031002BFBD0FB
:101280000023C4F82031D4F820310123E3604FF467
:101290008073C4F80433C6E7002200F150039B00BA
:1012A0009BB203F1824303F5B0331A601B687047A9
:1012B00008B5FAF7BBFF08BDFEF731BF10B54FF018
:1012C000FF304FF0FF31FBF747F9044628B9CFF75D
:1012D000E3FA044618B1FBF747F9204610BDFBF7C7
:1012E00043F92046FAF72EF9F7E738B50B8A0D4691
:1012F0004BB101F10C00FFF764FD022807D005286F
:1013000030D0012816D06FF01504204638BD4FF0BC
:10131000FF304FF0FF31FBF71FF904460028F4D1EE
:10132000E868F0F7ECF90446FBF71EF9ACB1FBF7FF
:10133000A9FAEAE74FF0FF304FF0FF31FBF70CF965
:1013400004460028E1D1E868FBF78CFB0446FBF774
:101350000BF9002CD9D1FBF795FA2846F9F736FF9F
:101360000024D2E74FF0FF304FF0FF31FBF7F4F8E5
:1013700004460028C9D1E868F0F7CCF9D3E7FBF7B9
:10138000ABBA312210B50021044601F069FD0F22ED
:10139000202322773022237084F820208023782293
:1013A000A37084F822206FF03F037622637184F8E3
:1013B00023206FF01B036FF00102A37284F8242036
:1013C00028234022A37384F82D2022230422E373D0
:1013D00084F82E2004230C22A375E2716FF0080319
:1013E0004FF0FF32637684F82520FF230722A3768F
:1013F000E37684F8263084F8272084F82A306FF0CA
:101400001F0284F82B30072384F8282084F82C301E
:101410006FF01C02102384F8292084F82F3010BDAF
:10142000034607B59A8800689B790090ADF80420C0
:101430008DF80630BDF8033068460B2B28BF0B2310
:10144000ADF80330DBF770FF03B05DF804FB08B5BF
:101450004FF0FF314FF0FF30FBF77EF8F8F797FAC7
:10146000BDE80840FBF780B8684620F007018D46CC
:1014700001B5FFF7E5FCEFF799F8BDE801408546B7
:101480007047684620F007018D4601B5EEF796FAE1
:10149000BDE8014085467047684620F007018D464B
:1014A00001B5EEF77FFABDE801408546704708B503
:1014B000F8F7A0F9002008BD7047012802D10020EC
:1014C000EDF7AAB870477047ECF734BF0346002029
:1014D000184701F038B9024610B5116891B1B1FA58
:1014E00081F3C3F11F000123834021EA0303D2E803
:1014F000EF4F8C4204D1C2E8EC3FBCF1000FF6D1B3
:10150000EBD110BD6FF00B00FBE710B50368CB40CB
:10151000DB0710D401238B40026843EA0201D0E8C4
:10152000EF4F944204D1C0E8EC1FBCF1000FF6D19C
:10153000F2D1002010BD6FF01500FBE770B5D0F8B8
:1015400080300646002B0C46154613DBD1F8803060
:10155000002B0FDB00210846FCF760FA48B92B7816
:1015600043F00043C6F880302B7843F00043C4F8C2
:10157000803070BD6FF01500FBE741F00041C0F80E
:10158000801000207047F7B51646DDE90847019046
:1015900001A81D46FCF758FA019BB6F1000C18BFD4
:1015A0004FF0010C00EB83000B1E18BF0123002D30
:1015B00043EA4C0314BF4FF00C0C4FF0000C002C0E
:1015C00043EA0C0314BF4FF4706C4FF0000C002F73
:1015D00043EA0C0314BF4FF4403C4FF0000CD0F82A
:1015E000002243EA0C0322EA030301B109780EB199
:1015F0003678760019430DB12D78AD0031430CB12A
:101600002478240229430FB13F783F040C433C4324
:10161000C0F8004203B0F0BD1FB50DF10F030193F8
:1016200000238DF80F101A4619460093FFF7ABFF01
:1016300005B05DF804FB10B504460846FCF716FA41
:1016400004EB4004A08AC0F3401010BD10B504465E
:101650000846FCF70BFA04EB4004A08AC0F34000F4
:1016600010BD10B504460846FCF700FA04EB400430
:10167000A08A400B10BD70B5044608461646FCF71C
:10168000F5F9083034F810300D46DA0509D5C3F302
:10169000432304EBC3023146284654F833305268E2
:1016A0009847A3682BB131462846E268BDE87040F0
:1016B000184770BD10B504460846FCF7D7F904EB8F
:1016C0004000838ADA051DD5C3F3432123F4F85380
:1016D000838204F1120204F1720032F8023F13F423
:1016E000807F03D0C3F3432399420BD08242F4D1CD
:1016F000002204EBC1035A6004F17800BDE81040F9
:10170000FFF703BF10BDF0B5034600F5807400205D
:1017100001270546844695420AD1D3F87C2132B18F
:101720000022C3F87C21D3F87C3140F00040F0BDAA
:1017300025F0404607FA06F6314209D0D4F800E019
:10174000BEF1000F04D0C4F800C0D4F800E030436C
:1017500001350434DFE738B504460D46FFF76BFF6B
:10176000A8B12046FFF772FF88B92046FFF779FF3E
:10177000012322688340C2F80833236803EB80000A
:10178000D0F8103523F00303C0F8103538BD2846D3
:10179000BDE838400021FFF73FBF2DE9F043174671
:1017A000044685B00846FCF761F9D7F800800E467C
:1017B0000546B8F1000F1ED02046FFF747FF18B1CD
:1017C0002046FFF738FF20BB00230DF10F02CDE9C3
:1017D00000338DF80E308DF80F30304643460DF152
:1017E0000E01FFF7D0FE04EB4502938A23F00203BB
:1017F00043F0010393827B689BB33146204693F804
:101800000080D3F80490FFF721FF28B1B9F1000F51
:101810001FD06FF0150027E004EB4500838A23F406
:10182000604323F020038382B9F1000F11D0B8F197
:10183000030FEED87B6821685B6893F800C04FEA1D
:101840008C031944B8F1000F11D1C1F81085C1F80B
:10185000108504EB4502938A23F01C0343EA8803B6
:101860009382BB6843BB002005B0BDE8F083D1F88C
:10187000102522F00302C1F8102522681344D3F882
:10188000102522F44F3222F44072C3F810253202A0
:10189000D3F8101502F47C5242EA08420A43C3F816
:1018A000102504EB4C03A3F87C60838A43EA4C3395
:1018B00043F020038382CCE73146D3E90078204609
:1018C000FFF7F8FE002FCED063689F4206D004F1E8
:1018D0007800FFF700FE002804DAC5E7A368984502
:1018E000F5D1002004EBC003C3E9017804EB450502
:1018F000AB8AC0B243EA402343F48073AB82B2E7C1
:101900002DE9F043054685B0084616461F46FCF70C
:10191000ADF80C46804626B32846FFF797FE18B967
:101920002846FFF788FE18BB05EB4809B9F81430C4
:1019300013F01C0F02D07378012B19D001238DF8FE
:101940000F3000232046CDE90063721CB31C0DF15B
:101950000F01FFF718FEB9F8143043F00303A9F89C
:101960001430002F3FD021462846FFF76FFE20B9E4
:101970006FF0150005B0BDE8F08300223E782B68BB
:101980004FEA860C03EB8603C3F81025C3F8102535
:1019900005EB4802938A23F4604323F020039382EB
:1019A000787800B32968BF786144D1F81035000415
:1019B00023F4991323F4F853C1F81035230200F4EB
:1019C000403003F47C5303433805D1F8105500F43C
:1019D000801003432B43C1F81035938A43EA463302
:1019E00043F0200393820020C4E7C0E9031270474C
:1019F00070B504461546FFF71EFE48B10846FCF7D1
:101A000035F804EB40040020A38A5B0B2B7070BDFB
:101A10006FF01500FBE738B590F88C4005469CB98F
:101A200060222146143001F01BFA2868C0F87C417E
:101A3000D0F87C3140F30730F9F70EF80123204647
:101A400085F88C30AB6738BD6FF07700FBE790F816
:101A50008C00003818BF01207047FCF73DB82DE915
:101A6000F34104461746FFF7E6FD0D462668F0B140
:101A70002046FFF7EBFD8046C8B92046FFF7F1FD91
:101A8000820002F5807346F80380F35823681344FC
:101A9000D3F8102542F00102C3F8102527B1012325
:101AA00022688340C2F8043302B0BDE8F081D6F862
:101AB00004332846002BA4BF4FF00043C6F804337C
:101AC000FBF7D4FF04EB4004A38AC3F38203042B87
:101AD00011D0052B11D001A80195FBF7B5FF019B93
:101AE0000169D94001F001010231284602B0BDE888
:101AF000F041FFF791BD0321F7E70221F5E7FFF77A
:101B00002ABE2DE9F04389B0109E044689469046CE
:101B10000021202268461F46129D01F0A1F91F2EC8
:101B200097BF01234FF0FF33B34003F1FF3323612D
:101B3000119BC4E90098C4E902766361183445B189
:101B40000FCD0FC495E80F0084E80F0009B0BDE881
:101B5000F0836D46F4E773B50468661C31D0856880
:101B6000A9422ED264182CD05E18AE4288BF6B1AE0
:101B7000056A35B100930523A8470346184602B00D
:101B800070BDBFF35B8F1946A41A101919B140EA52
:101B90000205AD070AD103290DDC013811448A4240
:101BA000ECD010F8014F02F8014BF8E7007801394A
:101BB00002F8010BE9E750F8044B043942F8044BF2
:101BC000E9E76FF02103D9E773B50468651C32D0EB
:101BD0008568A9422FD264182DD05E18AE4288BF06
:101BE0006B1A456ACDB100930523A84702B070BDBA
:101BF00012F8015B013905701546A01819B140EAC9
:101C00000206B607F4D103290ADC013D01448842EB
:101C10000CD1BFF35B8F1846E8E71946A41AEBE72F
:101C200055F8042B043940F8042BECE715F8012F84
:101C300000F8012BEBE76FF02100D7E773B51C46E6
:101C4000036815465A1C29D08268914226D25B1837
:101C500024D066189642866A88BF541A36B1052386
:101C60002A460094B047204602B070BD184622466E
:101C70004AB9294601F0F4F8BFF35B8FF3E700F8A7
:101C8000015B013AF4E78307F9D14FF001336B436D
:101C9000032AEEDD40F8043B043AF9E76FF0210037
:101CA000E2E70020704710B4046B02460B4684B98B
:101CB000C1681F2998BF23FA01F4416861B18068A7
:101CC000834209D21069184051F82430184410BCDE
:101CD0007047234610BC18474FF0FF30F7E770B548
:101CE000436B05460E46E3B90469621C09BF4368AD
:101CF0000C401C680C1B21462846FFF7D4FF864287
:101D000007D02B6901331C44AB689C42F3D34FF0DE
:101D1000FF342868431C07D0AB68A34204D9204491
:101D200070BD98470446F4E70020F9E730B5059CFC
:101D3000C4E90002039A21811989E260049A618151
:101D400021856261D3E9002502EB0113C4E9061283
:101D50008A1C236203EB42036A1C13446D422B402E
:101D60006362836953B90139E2698B4202EB031262
:101D700006DB002393736FF07F03D373002030BD25
:101D80000133D381F0E72DE9F04FB0F830A00446DD
:101D90005546002685B002EB030891460E9A00EBEB
:101DA000CA031FFA88FB9A63A3F83CB008F1FF321C
:101DB000C3690F1D0192B0451ADC238D2586A3EB64
:101DC0000B032385236A61895A8801390A4003EB92
:101DD0004203A3F804A0BFF35B8F0020226A53885C
:101DE00001335380638D0133638505B0BDE8F08F07
:101DF000E06A2A0157F8041C03EB051502930368F7
:101E00000392C91A83680837994228BF4FF0FF31FF
:101E1000FFF749FFDDE90232985000226A6057F867
:101E2000082CAA60019A9642ACBF00220122B1455B
:101E3000D8BF42F00202AA810136ED89BBE7F0B5B6
:101E400050B3456A448E6B88A34230D0631C4386EE
:101E50004389BFF35B8F013B1C4005EBC4056B68F6
:101E60009EB209B1AD680D60D0F81CC09BB20CEBFE
:101E7000031100EBC3039D8F078D2F44013D0785A0
:101E80009D878D896F070ED5058ECD810021068631
:101E9000986B996302B11480F0BD9D8FC989013D93
:101EA0000CEB01119D878D89ED07F6D4ECE700203E
:101EB000F2E7C36903EB011398687047C36909012E
:101EC0005958C06AFFF70BBF70B5BFF35B8F0D4663
:101ED000016A1646838E4A8804469A4212D05A1CDA
:101EE00082864289013A134001EB430189882980A7
:101EF00089B2FFF7E3FF2A88E36903EB02139B68CB
:101F0000336070BD0020FCE710B502689369126968
:101F1000920017D543B9438E026A81694489013B17
:101F20001B1B02EB4102938003689B69012B08D1C4
:101F3000838E426A81694089013B1B1A02EBC10210
:101F4000938010BD23B9026A138843F00103138004
:101F500003689B69012B01BF426A138843F00103A8
:101F60001380EEE710B5BFF35B8F036804461A6970
:101F70009B6912F0005F1AD07BB9036A426A5B88E2
:101F80008169013B02EBC10292889B1A628D9BB270
:101F90009A4214D80023638510BD012BFAD1436AFD
:101FA000026A5B888169013B02EB4102ECE763B99D
:101FB000436A1B88DB4303F00103002BEAD063690B
:101FC000002BE7D020469847E4E7012BE2D1036AD3
:101FD000EFE7036A828E598891420AD0418901391C
:101FE0000A4003EB42039A88C36903EB0213986823
:101FF000704700207047BFF35B8FC36803B1184779
:1020000070474FF0FF324FF0FF33FCF77DBE10B149
:10201000C36A0133C362704738B1C26A013AC2620F
:102020001AB9026B02B110470262704770B50446DC
:10203000056A05F164063046FFF7E3FF636AA3F51E
:1020400080637F2B0BD801225909503503F01F0301
:102050009A4055F8213023EA020345F82130D4E9AB
:102060000F124A60E16B04F13C0311602046C4E9A1
:102070000F33FFF7D1FF3046BDE87040FCF70ABED2
:1020800010B5436A8CB00A932023044602460B9194
:1020900002A8194600F038FB28230122CDE90032BE
:1020A00020463522616A02ABFCF72EF800EAE070A8
:1020B0000CB010BD30B1006A20B119B1D0F8883031
:1020C00003B11847704730B1006A20B119B1D0F898
:1020D0008C3003B11847704730B1006A20B119B194
:1020E000D0F8903003B11847002070472DE9F8432D
:1020F00006468846174699460468A64201D100253F
:1021000020E07A1CA4F13C0502D06B6ABB4219D0D6
:10211000B8F1000F22D020224146284600F0A8FE48
:10212000E0B9B9F1FF3F02D0AB6A4B450AD07B1C46
:102130000BD02468B442E2D054F8183CA4F13C051A
:102140009F42E8D12846BDE8F883AB6A0133F9D055
:102150002468B442D3D0A4F13C05D9E72468CCE785
:1021600070B505460C461E46CAB1202320461946C6
:1021700000F0CAFA0123E362049B6662A362059B36
:1021800025626363069BA363079B63646A6804F12B
:102190003C03C4E90F526B60226C136070BD0A707F
:1021A000E8E710B5044690B1036A83B102784AB1FA
:1021B00093F8A43033B1436AB3F5806F02D30121A1
:1021C000FFF75EFF2046BDE81040FFF72FBF10BDB0
:1021D00020B1036A13B15B6803B11847704708B5B3
:1021E00030B1036A3BB1DB682BB19847002008BDD2
:1021F0006FF01500FBE76FF00500F8E77047FCF79C
:1022000049BD4FF0FF324FF0FF33FCF77DBDF8B50D
:102210000C4600F164070546A4F110063846FFF7A6
:10222000F0FF3046FCF726F880B154F8083C24F85B
:10223000083CD5F8CC3044F80C3C05F1C80344F810
:10224000103CC5F8CC6054F80C3C1E603846FFF7D3
:10225000D6FF0020F8BD38B50D4600F164042046D5
:10226000FFF7CFFF55F8083C204603F5803345F8CB
:10227000083CBDE83840FFF7C2BF2DE9F04188B007
:102280000E9C282A8846D4F8C0006ED10168856863
:10229000A8EB0101A94228BF4FF0FF3120236A4675
:1022A000FFF759FC04F16406D8F820703046FFF7B8
:1022B000A8FF3B464FF0FF3269462046FFF716FF66
:1022C000D8F824300546E0B1D0F8308003F001039F
:1022D000B8F1000F02D0DBB9AF6230E0002BFBD0C9
:1022E0004FF0FF3383623046FFF789FFAB6B83BB50
:1022F000D4F88030002B38D03A46694620469847BB
:1023000033E0DB071FD43046FFF779FFE36FF1E7D7
:102310004FF0FF338362FFF77AFE3046FFF76FFF1F
:10232000AB6BA3B9D4F880301BB13A46694620465E
:1023300098473046FFF765FF2846FFF76DFE3046A9
:10234000FFF75DFF11E03046FFF759FFD0E74FF090
:10235000010828469847D4F880301BB13A466946B0
:1023600020469847B8F1000FE3D1002008B0BDE83F
:10237000F081F0B504468E680D46B6B23146D0F80D
:10238000B80085B0FFF795FDD4F8B43007469A69D8
:1023900042B90095CDE902500123D4F8B80002A952
:1023A000FFF7F1FCD4F8B4309B69012B08D13A4611
:1023B0003146D4F8B80005B0BDE8F040FBF788BE60
:1023C00005B0F0BD70B500F16406A1F1100504463A
:1023D0003046FFF716FF2846FBF74CFF38B1204682
:1023E0002946FFF7C6FFD4F8B800FFF7BBFD30461B
:1023F000BDE87040FFF703BF2DE9FF4103689E6A07
:1024000006F164084046FFF7FCFED6F8B4309B693D
:102410003BB1012B12D04046FFF7F1FE04B0BDE8FE
:10242000F081D6F8B8000DF10A0203A9FFF707FD05
:10243000D6F8B43004469B69012B07D1D6F8B80012
:1024400003AA0DF10A01FFF73FFD0446002CE2D07C
:10245000BDF80A3000216268A36030464FF0FF33B8
:10246000FFF744FE0546FFF7D2FDA368404603F59B
:102470008033A360FFF7C3FE75B1AB6A696C0133AB
:1024800008BF2368284608BFAB622368A289009171
:102490006F6B04F11001B8474046FFF7B2FE2846C3
:1024A000FFF7BAFD2046FBF7E5FE38B1304621467E
:1024B000FFF75FFFD6F8B800FFF754FD4046FFF77F
:1024C0009EFE9FE72DE9F041A3F1100653F8085C4A
:1024D000002388B00693ADF81E3004461023CDE9E2
:1024E00004120E9FD0F8C000ADF81C700168D0F83F
:1024F00008C0711A0DEB0302614528BF4FF0FF3190
:1025000004F16408FFF760FB4046FFF77AFED4F859
:10251000B430ADB29B69CBB9D4F8A820D4F8B430AC
:10252000D4F8BC009B69C3B9CDE9026200960122D0
:1025300002A9FFF728FCD4F8BC00FFF713FD4046C2
:10254000FFF75DFE384608B0BDE8F0812946D4F8B3
:10255000BC00FFF7AEFC0246E0E7012BEBD12946B9
:10256000FBF7B6FDE7E710B548B149B143688B42C8
:1025700006D382680468D21A5B1A4360A01810BDA3
:102580000020FCE72DE9F3470546D0F8B4000E46DD
:10259000904618B9002002B0BDE8F087036A002B0E
:1025A000F8D09B68002BF5D098474307F2D543F647
:1025B0009823B8F1000F18BF984605F1640705F19C
:1025C000C8093846FFF71DFED5F8C8404C452BD04A
:1025D00054B3D4E90023536022681A60C4E900446C
:1025E000D5F8B43021899B69ADF806107BB1012B79
:1025F00014D03846FFF703FEBDF8063004F1100092
:1026000003F58033A3603368103B3360C3E7D5F82C
:10261000A8303360D5F8B4309B69E8E7D5F8BC0042
:10262000FFF747FC3060E4E7D5F8B430D3F818A0E2
:10263000BAF1000F36D13146D5F8BC000DF10602D3
:10264000FFF7FDFB04460028D3D1D5F8BC301B8D25
:10265000B3B93846FFF7D3FDB8F1000F9AD0D5E9EA
:102660002D32182112891B6B01FB0233D5F8D020C3
:1026700022BB2120002100F098FA08F1FF38A0E7E2
:10268000D5F8A810D5F8C400FFF76DFF0446D5F8BB
:10269000A830ADF806A033603846FFF7B0FD002C37
:1026A000DAD0A9E7BAF1010FD3D13246D5F8BC0090
:1026B0000DF10601FFF708FC0446EDE7196928460D
:1026C00090476FF4FB639842D3D000283FF479AF72
:1026D00060E720B119B112B1C0E901220160704771
:1026E00038B5044618B938BD3C38FFF75AFD2068A4
:1026F0008442F9D10025D4F8B400C4E92E55FFF77F
:1027000067FDC4F8B450EEE770B505461C4699B1B4
:102710008B4228BF0C46661C013E05D012F8013BD7
:1027200000F8013B002BF7D1A14207D9091B8A19F8
:10273000002100F095FBA11B084670BD00230D444D
:1027400005F8013CF7E708B1F8F790BE704710B5FF
:10275000436904463BB90020E2684042537843F0A5
:102760000103537010BD98470028F4D00028B8BF6B
:102770004042FF28A8BFFF20E3681870ECE740B193
:10278000C368587810F001001EBF1878B0FA80F0C6
:1027900040097047EFF31183402383F31288BFF39E
:1027A0006F8FFEE708B5FFF7F5FF10B400F10C04DA
:1027B000C0E9034410BCFDF7B3BE38B50446EFF3DF
:1027C0001185402383F31288BFF36F8FFDF758FE06
:1027D00004F10C0000F0D6F930B1294604F11400E0
:1027E000BDE83840FCF748BE85F31188BFF36F8F12
:1027F00038BD402408B5EFF3118384F31288BFF38A
:102800006F8FFEF760FAF6E7D0E9003213605A6086
:102810000023427BC0E9003322F00202427383604E
:10282000704713B501240094FCF768F802B010BD9E
:1028300090F90E308B4201D0FCF7ACBD0020704700
:1028400003460020C3E90033C3E902007047D0E922
:10285000003213605A600023427BC0E9003322F04B
:1028600002024273836070472DE9F84391460446A3
:102870000D469DF8202000F10807EFF31186402156
:1028800081F31288BFF36F8F02B14568D4F80880D6
:10289000474518D0B8F1000F15D04046FFF7D7FFD5
:1028A00008F1180000F0DBF900234046C8F87C303E
:1028B000C8F8109000F01DF938463146FCF7DCFDF1
:1028C0000020BDE8F883A3B10820FDF7AFF9002888
:1028D00038D00122C0F804900260016801F00301C1
:1028E0005DB922680A430260626820606AB960606C
:1028F0000BE04846C9F80030EFE72A68032A16D8EB
:102900000160616869B9C4E90000042104F11000A4
:1029100000F05AFA0028CFD186F31188BFF36F8FE9
:10292000CFE70A6802F0030202430A60DFE722F001
:1029300003020A4302602A6802F0030240EA02032B
:102940002B60E2E76FF00B00E6E710B5044630B10C
:102950000268930703D0446809B100F06CFA20467E
:1029600010BD012307B5009300230A461946FFF75F
:102970007BFF03B05DF804FB002307B50A46009314
:102980001946FFF771FF03B05DF804FB5AB18A42A4
:1029900009D300F11003C0E90212C0E90000C0E948
:1029A0000433002070476FF0150070470123026860
:1029B0008B4022EA0303036022FA01F000F00100D9
:1029C0007047704720B100228C30114600F00EB9DC
:1029D000704738B504460D461022002100F040FA39
:1029E000656038BD13B501900846EFF311844023AC
:1029F00083F31288BFF36F8F01A9FCF751FA84F3B8
:102A00001188BFF36F8F02B010BD10B5FFF7EAFF5A
:102A1000041E08DDEFF31180402383F31288BFF317
:102A20006F8FFCF73BFD204610BD70B50D46EFF3F0
:102A30001186402383F31288BFF36F8FFCF78CFA63
:102A4000044686F31188BFF36F8F38B14FF0FF3221
:102A50004FF0FF3305F11000FCF756F9204670BD2A
:102A600008B5A022002100F0FBF908BDEFF30580B6
:102A7000003818BF012070476FF057007047D0E949
:102A8000003213605A600023C0E90033704708B574
:102A9000FFF7F5FF437B23F00203437300238360BA
:102AA00008BD38B504460D46FCF7E2FB637B43F0F6
:102AB00002036373E5B1A5602B689D4209D16B6881
:102AC000C4E900531C606C6012E06A689A42F6D058
:102AD0001B68002BF3D094F90E2093F90E108A4254
:102AE000F3D09142F1DD5A68C4E9003214605C60B1
:102AF00038BD10B5EFF31184402383F31288BFF380
:102B00006F8FFCF773FB84F31188BFF36F8F10BDD9
:102B100008B5EFF31181402282F31288BFF36F8F63
:102B200083680BB1FFF7B3FF81F31188BFF36F8F99
:102B300008BD014610B5EFF31184402383F31288DA
:102B4000BFF36F8F437B13F0280F0AD183680BB15B
:102B5000FFF79DFF4B7B084623F004034B73FCF704
:102B600045FB84F31188BFF36F8F10BD0121183826
:102B7000FFF7DFBF10B5FFF7CBFFBDE810401830FF
:102B800000F06DB838B5054604680020AC4200D1AD
:102B900038BD002CFCD02046FFF7ECFF2046FFF7A5
:102BA000A8FF2C680120A542F1E770B505460E4646
:102BB000FCF71CFDB6F1FF3F08BFB5F1FF3F04462F
:102BC000284612D04FF47A7147F6FF730022C4FBF7
:102BD0000132D80B40EA4240B0F1004F4FEAD23206
:102BE00072F1000228BF6FF0004070BD38B5EFF3FE
:102BF0001185402383F31288BFF36F8F0468A042CE
:102C000012D09CB1E16722612046FFF740FF04F13A
:102C1000180000F024F82046FCF7E8FA012085F3BC
:102C20001188BFF36F8F38BD0020F8E72046F6E724
:102C300008B50246FCF772FE70B1D0E904319B1A68
:102C400061EBE272B3F1004F72F1000104DA002A85
:102C5000ACBF1846002008BD6FF00040FBE70246FD
:102C600038B5EFF31185402383F31288BFF36F8FDC
:102C70000368CBB1FCF752FE04461046FCF760FE39
:102C800000224FF000438442C0E9042306D1FCF740
:102C90004DFEFFF7CDFF0021F9F726FC002085F35C
:102CA0001188BFF36F8F38BD6FF01500F7E708B5D7
:102CB000FCF750FF08BDB3F1FF3F08BFB2F1FF3F83
:102CC00070B506461D46144614D01A4316D0002B84
:102CD00008DBFCF73FFF041941EB0501C6E90041A1
:102CE000304670BD6FF001031C1B4FF0FF3363EBE8
:102CF0000501F3E74FF0FF342146EFE70024FBE73F
:102D0000B3F1FF3F08BFB2F1FF3FF8B507461646E3
:102D10001C4610D054EA020311D0FCF71BFFB0424E
:102D20000A46A14103460AD2F31A64EB0204C7E93A
:102D300000343846F8BD4FF0FF331C46F7E7002358
:102D4000FBE72DE9F041846805460E46D4B163786F
:102D5000012B22D114F8533C9A0711D5A4F1600736
:102D60003846FFF707FF082E0CBF6FF00303002360
:102D7000E36114F8533CDB0602D13846FFF7B9FE95
:102D8000002323700020EB68A860C3F3863216434B
:102D900066F39433EB60BDE8F081022BF0D1237829
:102DA000002BEDD054F8048CB8F1000FE8D004F1FA
:102DB0001400FFF754FF0023A4F1140739464046DE
:102DC000E362FFF70FFEDBE738B5EFF31185402331
:102DD00083F31288BFF36F8F0468A04211D0D4E947
:102DE000003213605A6000232046C4E90033FFF725
:102DF000A8FF85F31188BFF36F8F201E18BF012035
:102E000038BD0024F5E7043270B504460ED2EFF366
:102E10001185402686F31288BFF36F8F41F00401BD
:102E2000984785F31188BFF36F8F08B9002070BDF4
:102E300040F8044BFBE720B1011F50F8040CFFF7EA
:102E4000BCBC704770470A44431E914200D1704792
:102E500010B511F8014B914203F8014FF9D110BDA3
:102E600002440346934200D1704703F8011BF9E77F
:102E700010B56AB10139841810F8012B11F8013F1F
:102E80009A4203D1A04201D0002AF5D1D01A10BD38
:102E90001046FCE710B50139044632B111F8013F84
:102EA000013A00F8013B002BF7D10021FFF7D8FFD2
:102EB000204610BD0246014410B58A42134603D095
:102EC0001C780132002CF8D1181A10BDF0B5C3F1EE
:102ED0003707044603F01F031046FFB2082BE6B283
:102EE00032D0102B3DD06508A40845EAC17544EAEC
:102EF00081748A082D1942EB5102290941EA0271B5
:102F00006D1842EB1212290A41EA02616D1842EB78
:102F10001222290C41EA02416D1842EB1242AD180F
:102F200042F10002EC0844EA4274D10804EB840246
:102F3000A6EB4205EDB2092D0CD90134A5F10A0525
:102F400041F10001EDB212E0E40806F0070544EAA1
:102F50004174C908303554EA010200F8015BBDD163
:102F6000F0BD240906F00F0544EA01740909092D92
:102F700084BFED19EDB2EDE701480068704700002D
:102F8000F0850021346AFF7F0100000091B4020146
:102F900000000000000000001C300301D9E802011D
:102FA0000000000000000000543003010000000099
:102FB0003830030131D8020100000000AF140301D2
:102FC000000000000000000070300301000000005D
:102FD0008C30030129B902010000000095C30201F1
:102FE0000000000021B0020100000000000000000D
:102FF000A830030100000000C4300301ADD8020175
:10300000000000003DFC0201000000000000000084
:10301000E0300301E9A3020100000000A63C030127
:10302000E036030190320301520200215086002154
:1030300089B6020100000000C53C0301F03603011F
:103040005832030156020021F886002175BD0201A5
:1030500000000000D33C0301043703015832030190
:10306000580200210487002175BD02010000000004
:10307000B53C03010000000050320301540200215E
:10308000A48600213DBB020100000000F83C0301C2
:1030900018370301AC3203015C020021988700213C
:1030A000A111030100000000E13C0301080200211E
:1030B0007C3203015A0200211087002131BF020136
:1030C00000000000063D030100000000603703011E
:1030D0005E020021B087002171C6020100000000DD
:1030E0000738030138010021E835030150020021AF
:1030F00088170021050A03010000000000000000FD
:103100008D0C0301000000008D0C03010000000085
:103110008D0C0301000000008D0C03010000000075
:103120008D0C0301C9140301CD140301000000003C
:103130008D0C0301000000008D0C03010000000055
:103140008D0C0301A4860021ADBB02017401002196
:10315000DD0F0301000000008D0C030100000000E2
:103160008D0C0301000000008D0C03010000000025
:103170008D0C0301000000008D0C03010000000015
:103180008D0C0301000000008D0C0301C1DD020164
:10319000CD1403018C300301411103010000000034
:1031A0008D0C0301000000008D0C030100000000E5
:1031B00025C40201000000008D0C03010000000086
:1031C0008D0C0301000000008D0C030100000000C5
:1031D0009DD80201000000008D0C030100000000DA
:0C31E0008D0C0301000000008D0C0301A9
:1031F0000817002160900021000200002D9A0201B2
:1032000000000000000000000000000007000000B7
:1032100000000000F737030100000000000000007C
:1032200088160021608A002100060000019A020130
:103230000000000000000000000000000700000087
:1032400000000000EA370301000000000000000059
:10325000E5BA02013DBA0201B1BD0201430F03010B
:103260004F0F0301630F03016D0F0301770F03017C
:1032700021BC02018B0F0301000000002710030195
:10328000031003011F100301231003014F1003015A
:10329000E1B60201B30E0301150F030100000000A7
:1032A0004F0E03010000000000000000FB100301AE
:0832B000A1C00201ED100301B1
:1032C000A1DF020106000000000200000002000071
:1032D00000000000000103020102020303000000DD
:1032E0000102040025262700010204030102030352
:1032F0000102040028040000BE11000090420000FA
:103300004C01000086040000E80B000000010302ED
:10331000010203030102030301010002070001028D
:103320000401000100000101000001000100000192
:103330000001000000000000020B000001000B0073
:1033400002000A00050009000A0008001400070036
:103350001E000600320005004B000400640003005C
:1033600096000200FA000100F401000001020303CC
:1033700002030100F401FA00960064004B003200E1
:103380001E0014000A000500020001000C080217CC
:103390000D010102090901010602091818030101C2
:1033A000090903038503020123020224091004040E
:1033B00005050B0B040B2B1B1B159A9A1C021D16E3
:1033C000130501490D150508061B1B0F010100001F
:1033D000FEFEFEFEFEFEFEFEFEFEFEFEFEFEFEFE0D
:1033E000FEFEFEFEFE16FEFEFEFEFEFEFEFEFEFEE5
:1033F000FE1F1FFEFE26FEFEFEFEFEFEFEFEFEFE83
:10340000FEFEFEFEFEFEFEFE3E3EFEFEFEFE3B3BE2
:103410006000BE0290062C01CE05D0122804BE1119
:1034200090426400AE02500672050813DA430001B0
:10343000020201020400A301B103BF05EF02490625
:10344000A309C505F50B25120102030301020303BD
:1034500001020401020303002804BE119042720518
:103460000813DA432C00CE01D002041040002804D7
:10347000BE1190422C00CE01D002B400EE03500BDE
:103480006400AE025006B400EE03500B01020303C9
:10349000010204002804BE1190422804BE1190428B
:1034A0000102030300010202010204000103020001
:1034B0000100000007000000000000000000000004
:1034C000000000000406080A0C0E10121416181C46
:1034D0001E20222426282A2C2E30323436383A3C1C
:1034E0003E40424446484A4C4E021A5000000000FA
:1034F00028000000180000005001000050010000EA
:1035000000000000141E000030110000B45F000035
:103510003C730000B80BD0076C396C390000000018
:1035200070170000A00F00003C2800003C2800009D
:103530000000DC05E8030000D417000000000000D4
:103540000000000000000000141E00003011000008
:1035500060EA000060EA000000002CA6E0A120A8BC
:1035600020A8000000000000000000000000340857
:10357000E803280A280A00000000000000000000FC
:10358000E3A3C301020403010204000102000504D5
:10359000000808000000000000000000000000001B
:1035A0000000000000000000000001010101020213
:1035B0000202030303030405060708090A0B0C0DA6
:1035C0000E0FD8ECF0F4F8F9FAFBFCFDFEFF000159
:1035D000020300100200FA000000000000000000DA
:1035E0000338FDD870470000AD9E0201BD0A0301FB
:1035F0008DA0020100000000D9A00201C5A10201B6
:103600009B0803010F090301A3080301D508030167
:10361000BF080301A908030100000000000000002A
:10362000ED0B0301DF0B0301E90B0301DD0B0301CC
:10363000000000000000000000000000000000008A
:10364000CD0B030100000021000000000600010076
:10365000020000005836030100000001773C03011E
:1036600006000000E0FF0301000000217F3C030191
:1036700021000000E0FF0021ADB0020100000000C9
:10368000870D03017836030194360301040100001D
:103690000000000060D5002178360301A836030140
:1036A00020000000000000007CD6002178360301D5
:1036B000BC360301030100000000000004D8002113
:1036C00078360301D0360301080100000000000035
:1036D00048E5002145B6020115B6020100000000D0
:1036E0009DB702011DB702013F0F03013B0F03010C
:1036F000FFFF000000088C41740100210000000061
:1037000001000000FFFFFFFF00058C417401002154
:103710000000000000000000003001410100000036
:10372000000000003C3703010000D601000000004B
:10373000000000004B8800214A8800210030014130
:103740004837030101000000503703010400000066
:10375000290000002A000002280600012B060003B1
:1037600075C50201BD120301EB1203010800000040
:10377000030000006A3D03017D3D0301903D03010C
:10378000A33D0301B63D0301C93D0301DC3D030137
:10379000EF3D03018C2F0301942F0301DC2F030164
:1037A000E42F0301143003011C300301593E0301CF
:1037B0000001000000000000647261676F6F6E2FEF
:1037C0006C6962732F73636865642F7372632F7300
:1037D000636865645F68616C5F7274632E63006E1A
:1037E00072665F62745F6863690074785F746872A0
:1037F0006561645F69640071756575655F746872A1
:103800006561645F69640069706330002A2A2A2058
:10381000426F6F74696E67206E524620436F6E6E02
:103820006563742053444B2076332E332E302D6243
:103830006131363764396633646234202A2A2A0AB1
:10384000002A2A2A205573696E67205A65706879A4
:1038500072204F532076342E332E39392D66643939
:10386000323034613032643532202A2A2A0A00721A
:10387000302F61313A20203078253038782020727E
:10388000312F61323A20203078253038782020726C
:10389000322F61333A20203078253038780A007290
:1038A000332F61343A202030782530387820723137
:1038B000322F69703A2020307825303878207231E4
:1038C000342F6C723A20203078253038780A002066
:1038D000787073723A20203078253038780A0046A4
:1038E00061756C74696E6720696E73747275637448
:1038F000696F6E206164647265737320287231355C
:103900002F7063293A203078253038780A00556EB8
:1039100068616E646C6564204952516E3A2025647A
:103920000A002A2A2A2A2A2055534147452046417F
:10393000554C54202A2A2A2A2A0A00202044697633
:103940006973696F6E206279207A65726F0A002050
:1039500020556E616C69676E6564206D656D6F7270
:1039600079206163636573730A0020205374616377
:103970006B206F766572666C6F772028636F6E744C
:103980006578742061726561206E6F742076616C59
:103990006964290A0020204E6F20636F70726F6384
:1039A0006573736F7220696E737472756374696F77
:1039B0006E730A002020496C6C6567616C206C6F27
:1039C0006164206F66204558435F52455455524EFE
:1039D00020696E746F2050430A002020496C6C658A
:1039E00067616C20757365206F662074686520457B
:1039F0005053520A002020417474656D7074207415
:103A00006F206578656375746520756E6465666999
:103A10006E656420696E737472756374696F6E0A83
:103A2000002A2A2A2A2A20425553204641554C541E
:103A3000202A2A2A2A2A0A002020537461636B69EB
:103A40006E67206572726F720A002020556E737463
:103A500061636B696E67206572726F720A00202065
:103A60005072656369736520646174612062757367
:103A7000206572726F720A00202042464152204136
:103A80006464726573733A20307825780A002020C8
:103A9000496D707265636973652064617461206249
:103AA0007573206572726F720A002020496E7374FC
:103AB00072756374696F6E20627573206572726FC0
:103AC000720A002A2A2A2A2A204D5055204641559A
:103AD0004C54202A2A2A2A2A0A002020537461637F
:103AE0006B696E67206572726F722028636F6E74E7
:103AF0006578742061726561206D69676874206201
:103B000065206E6F742076616C6964290A0020203C
:103B100044617461204163636573732056696F6CFF
:103B20006174696F6E0A0020204D4D46415220415C
:103B30006464726573733A20307825780A00202017
:103B4000496E737472756374696F6E204163636547
:103B500073732056696F6C6174696F6E0A005265E9
:103B600073657276656420457863657074696F6EFD
:103B700020280053707572696F757320696E7465C3
:103B80007272757074202849525120005350534569
:103B90004C20696E20746872656164206D6F646585
:103BA00020646F6573206E6F7420696E6469636151
:103BB0007465205053500A002A2A2A2A2A20484194
:103BC0005244204641554C54202A2A2A2A2A0A00C7
:103BD0002020427573206661756C74206F6E2076AC
:103BE0006563746F72207461626C652072656164D4
:103BF0000A0020204465627567206576656E740A48
:103C00000020204661756C7420657363616C61747B
:103C1000696F6E20287365652062656C6F77290A6D
:103C200000415243485F45584345505420776974DA
:103C30006820726561736F6E2025780A0A002A2A4F
:103C40002A2A2A204465627567206D6F6E69746F39
:103C50007220657863657074696F6E202A2A2A2A3B
:103C60002A0A002A2A2A2A2A2025732025642920A4
:103C70002A2A2A2A2A0A00464C4153485F30005318
:103C800052414D5F300001040002000000020000BC
:103C9000000000000005000000000000000000001F
:103CA000000000000005636C6F636B4034313030FE
:103CB000353030300072616E646F6D4034313030B9
:103CC00039303030006770696F40343138633038D4
:103CD0003030006770696F403431386330353030D0
:103CE000006D626F78403431303132303030000056
:103CF000010203040506070B75617274403431300C
:103D000031333030300062745F6863695F736463BD
:103D1000004D50534C204153534552543A20257383
:103D20002C2025640A004D50534C20576F726B00B5
:103D30000000000101000000002030303030303041
:103D400030303030303030300001756E7265676968
:103D5000737465726564202573206275730A006749
:103D6000656E65726963002573006D6574616C3AF8
:103D700020656D657267656E63793A20006D6574C4
:103D8000616C3A20616C6572743A2020202020001A
:103D90006D6574616C3A20637269746963616C3A31
:103DA0002020006D6574616C3A206572726F723A02
:103DB0002020202020006D6574616C3A20776172AC
:103DC0006E696E673A202020006D6574616C3A2040
:103DD0006E6F746963653A20202020006D65746100
:103DE0006C3A20696E666F3A202020202020006DFA
:103DF0006574616C3A2064656275673A2020202002
:103E0000200025733A2066726565696E67206E6FC3
:103E10006E2D656D70747920766972747175657533
:103E2000650D0A00756E657870656374656420625F
:103E300075666665722068656C6420636F756E7464
:103E400065720D0A0072785F76710074785F767122
:103E5000004E53006D61696E00737973776F726BFA
:103E6000710027037D53048DFE99A9F29AADDE5BA4
:103E70006AE2746CAC7500FFFFFFFF1F00286E75CF
:103E80006C6C29002A666C6F61742A00FFFFFFFFCB
:103E9000FF1F00001F000000000000007FFE000068
:103EA000E40700001D4000000000000000000000CA
:103EB00000000000FFFFFFFF1FFF1B00BAABBABAF4
:103EC00010101010A0354D00FF000000C4090000C4
:103ED0000000000000C000410000000000000000E1
:103EE0000C00000000FF7F0000000000A74302015B
:103EF00000000000EF44020100000000C9F90001C9
:103F0000000000003B4502010000000037450201AF
:103F100000000000CD45020100000000EB45020159
:103F2000000000005345020100000000F5430201BB
:103F3000000000006B450201000000004B4402013C
:103F40000000000003440201000000005D44020183
:103F500000000000BD4402010000000061440201B5
:103F600000000000AF4402010000000061440201B3
:103F700000000000CF44020100000000A74502013C
:103F800000000000DD44020100000000A74502011E
:103F90000000000008E00101FF000000A81102017C
:103FA00001000000DF37030100000000CD9902018D
:103FB00000000000D999020100000000000000008C
:103FC000D1050301010000000000072000000100EE
:103FD000A830030101000000A83003010000000028
:103FE00002000000000000000000000000020000CD
:103FF000000000007D0D0301000000000000000033
:1040000000A00041000000000000000000000000CF
:1040100000000000000000000000000000000000A0
:104020000000000000000000000000000000000090
:104030000000000000000000000000000000000080
:104040000000000000000000000000000000000070
:104050000000000000000000000000000000000060
:104060000000000000000000000000000000000050
:104070000000000000000000000000000000000040
:104080000000000000000000000000000000000030
:10409000C4300301FFFF0000FFFF00000090D003C9
:1040A000FF0000005F3D03010000000001DE02018F
:1040B0000000000000000000000000000000000000
:1040C00000000000000000000000000000000000F0
:1040D0009002000048020021480200210000000078
:1040E00000000000000000000000000000000000D0
:1040F00060AB002100200000000000000000000074
:104100007402002174020021000000000000000081
:104110000E00000088020021880200210800000033
:104120004000000060D3002160D5002160D3002151
:1041300060D3002100000000AC020021AC0200218D
:1041400000000000B8020021B802002100000000B9
:1041500001000000C8020021C80200210000000088
:1041600000000000D8020021D8020021E002002156
:10417000E00200210000000000000000F002002129
:10418000F0020021F8020021F802002100000000E6
:104190000000000008030021080300211003002193
:1041A00010030021070007000000000000000000CD
:1041B000983603015CD700210000000000000000D9
:1041C00034030021340300213C0300213C0300217F
:1041D0000C000C000000000000000000AC360301E1
:1041E00028E400210000000000000000600300211E
:1041F0006003002168030021680300210100010021
:1042000000000000000000008436030164D6002195
:1042100000000000000000008C0300218C0300213E
:1042200094030021940300210B000B000000000008
:10423000ADB40201C0360301A0F0002115E015E085
:00000001FF
