ISO-10303-21;
HEADER;
/* Generated by software containing ST-Developer
 * from STEP Tools, Inc. (www.steptools.com) 
 */
/* OPTION: using custom renumber hook */

FILE_DESCRIPTION(
/* description */ ('STEP AP214',
'CAx-IF Rec.Pracs.---User Defined Attributes---1.5---2016-08-15'),
/* implementation_level */ '2;1');

FILE_NAME(
/* name */ 'CASE - BottomHalf',
/* time_stamp */ '2026-06-13T05:17:18Z',
/* author */ (''),
/* organization */ (''),
/* preprocessor_version */ 'ST-DEVELOPER v20',
/* originating_system */ 'ONSHAPE BY PTC INC, 1.216',
/* authorisation */ '  ');

FILE_SCHEMA (('AUTOMOTIVE_DESIGN {1 0 10303 214 3 1 1}'));
ENDSEC;

DATA;
#10=PROPERTY_DEFINITION_REPRESENTATION(#14,#12);
#11=PROPERTY_DEFINITION_REPRESENTATION(#15,#13);
#12=REPRESENTATION('',(#16),#2808);
#13=REPRESENTATION('',(#17),#2808);
#14=PROPERTY_DEFINITION('pmi validation property','',#2813);
#15=PROPERTY_DEFINITION('pmi validation property','',#2813);
#16=VALUE_REPRESENTATION_ITEM('number of annotations',COUNT_MEASURE(0.));
#17=VALUE_REPRESENTATION_ITEM('number of views',COUNT_MEASURE(0.));
#18=SHAPE_REPRESENTATION_RELATIONSHIP('','',#1630,#19);
#19=ADVANCED_BREP_SHAPE_REPRESENTATION('',(#1628),#2808);
#20=DEGENERATE_TOROIDAL_SURFACE('',#1791,0.00100000000000001,0.004,.T.);
#21=DEGENERATE_TOROIDAL_SURFACE('',#1798,0.001,0.004,.T.);
#22=DEGENERATE_TOROIDAL_SURFACE('',#1800,0.001,0.004,.T.);
#23=DEGENERATE_TOROIDAL_SURFACE('',#1806,0.001,0.004,.T.);
#24=TOROIDAL_SURFACE('',#1789,0.0351317626262431,0.001);
#25=TOROIDAL_SURFACE('',#1790,0.035131762626243,0.001);
#26=VERTEX_LOOP('',#880);
#27=VERTEX_LOOP('',#885);
#28=VERTEX_LOOP('',#890);
#29=VERTEX_LOOP('',#952);
#30=CONICAL_SURFACE('',#1665,0.0011,1.02974425867665);
#31=CONICAL_SURFACE('',#1668,0.002,0.463647609000807);
#32=CONICAL_SURFACE('',#1673,0.0011,1.02974425867665);
#33=CONICAL_SURFACE('',#1676,0.002,0.463647609000807);
#34=CONICAL_SURFACE('',#1681,0.0011,1.02974425867665);
#35=CONICAL_SURFACE('',#1684,0.002,0.463647609000807);
#36=CONICAL_SURFACE('',#1755,0.002,0.463647609000807);
#37=CONICAL_SURFACE('',#1759,0.0011,1.02974425867665);
#38=CYLINDRICAL_SURFACE('',#1662,0.0011);
#39=CYLINDRICAL_SURFACE('',#1670,0.0011);
#40=CYLINDRICAL_SURFACE('',#1678,0.0011);
#41=CYLINDRICAL_SURFACE('',#1695,0.005);
#42=CYLINDRICAL_SURFACE('',#1697,0.005);
#43=CYLINDRICAL_SURFACE('',#1700,0.005);
#44=CYLINDRICAL_SURFACE('',#1703,0.005);
#45=CYLINDRICAL_SURFACE('',#1706,0.005);
#46=CYLINDRICAL_SURFACE('',#1708,0.005);
#47=CYLINDRICAL_SURFACE('',#1710,0.005);
#48=CYLINDRICAL_SURFACE('',#1712,0.005);
#49=CYLINDRICAL_SURFACE('',#1723,0.002);
#50=CYLINDRICAL_SURFACE('',#1727,0.0016);
#51=CYLINDRICAL_SURFACE('',#1732,0.002);
#52=CYLINDRICAL_SURFACE('',#1736,0.0016);
#53=CYLINDRICAL_SURFACE('',#1741,0.002);
#54=CYLINDRICAL_SURFACE('',#1745,0.0016);
#55=CYLINDRICAL_SURFACE('',#1750,0.002);
#56=CYLINDRICAL_SURFACE('',#1754,0.0016);
#57=CYLINDRICAL_SURFACE('',#1761,0.0011);
#58=CYLINDRICAL_SURFACE('',#1763,0.00178);
#59=CYLINDRICAL_SURFACE('',#1764,0.00178);
#60=CYLINDRICAL_SURFACE('',#1766,0.00178);
#61=CYLINDRICAL_SURFACE('',#1768,0.00178);
#62=CYLINDRICAL_SURFACE('',#1769,0.0031);
#63=CYLINDRICAL_SURFACE('',#1777,0.00490000000000471);
#64=CYLINDRICAL_SURFACE('',#1779,0.00612764184505836);
#65=CYLINDRICAL_SURFACE('',#1784,0.00612764184505836);
#66=CYLINDRICAL_SURFACE('',#1786,0.00490000000000471);
#67=CYLINDRICAL_SURFACE('',#1794,0.004);
#68=CYLINDRICAL_SURFACE('',#1796,0.004);
#69=CYLINDRICAL_SURFACE('',#1802,0.004);
#70=CYLINDRICAL_SURFACE('',#1804,0.004);
#71=CIRCLE('',#1633,0.0031);
#72=CIRCLE('',#1634,0.00178);
#73=CIRCLE('',#1635,0.00178);
#74=CIRCLE('',#1636,0.00178);
#75=CIRCLE('',#1637,0.00178);
#76=CIRCLE('',#1639,0.036131762626243);
#77=CIRCLE('',#1640,0.00490000000000471);
#78=CIRCLE('',#1641,0.00612764184505836);
#79=CIRCLE('',#1643,0.00612764184505836);
#80=CIRCLE('',#1644,0.00490000000000471);
#81=CIRCLE('',#1646,0.0031);
#82=CIRCLE('',#1647,0.00178);
#83=CIRCLE('',#1648,0.00178);
#84=CIRCLE('',#1649,0.00178);
#85=CIRCLE('',#1650,0.00178);
#86=CIRCLE('',#1652,0.0031);
#87=CIRCLE('',#1654,0.005);
#88=CIRCLE('',#1655,0.005);
#89=CIRCLE('',#1656,0.005);
#90=CIRCLE('',#1657,0.005);
#91=CIRCLE('',#1658,0.005);
#92=CIRCLE('',#1659,0.005);
#93=CIRCLE('',#1660,0.005);
#94=CIRCLE('',#1661,0.005);
#95=CIRCLE('',#1663,0.0011);
#96=CIRCLE('',#1664,0.0011);
#97=CIRCLE('',#1667,0.002);
#98=CIRCLE('',#1669,0.0025);
#99=CIRCLE('',#1671,0.0011);
#100=CIRCLE('',#1672,0.0011);
#101=CIRCLE('',#1675,0.002);
#102=CIRCLE('',#1677,0.0025);
#103=CIRCLE('',#1679,0.0011);
#104=CIRCLE('',#1680,0.0011);
#105=CIRCLE('',#1683,0.002);
#106=CIRCLE('',#1685,0.0025);
#107=CIRCLE('',#1689,0.0025);
#108=CIRCLE('',#1690,0.002);
#109=CIRCLE('',#1691,0.002);
#110=CIRCLE('',#1692,0.002);
#111=CIRCLE('',#1693,0.002);
#112=CIRCLE('',#1696,0.005);
#113=CIRCLE('',#1698,0.005);
#114=CIRCLE('',#1701,0.005);
#115=CIRCLE('',#1704,0.005);
#116=CIRCLE('',#1707,0.005);
#117=CIRCLE('',#1709,0.005);
#118=CIRCLE('',#1711,0.005);
#119=CIRCLE('',#1713,0.005);
#120=CIRCLE('',#1715,0.001);
#121=CIRCLE('',#1716,0.001);
#122=CIRCLE('',#1717,0.00100000000000001);
#123=CIRCLE('',#1718,0.001);
#124=CIRCLE('',#1720,0.0016);
#125=CIRCLE('',#1721,0.002);
#126=CIRCLE('',#1726,0.0016);
#127=CIRCLE('',#1729,0.0016);
#128=CIRCLE('',#1730,0.002);
#129=CIRCLE('',#1735,0.0016);
#130=CIRCLE('',#1738,0.0016);
#131=CIRCLE('',#1739,0.002);
#132=CIRCLE('',#1744,0.0016);
#133=CIRCLE('',#1747,0.0016);
#134=CIRCLE('',#1748,0.002);
#135=CIRCLE('',#1753,0.0016);
#136=CIRCLE('',#1756,0.002);
#137=CIRCLE('',#1758,0.0011);
#138=CIRCLE('',#1760,0.0011);
#139=CIRCLE('',#1772,0.0361317626262431);
#140=CIRCLE('',#1773,0.00612764184505836);
#141=CIRCLE('',#1774,0.00490000000000471);
#142=CIRCLE('',#1782,0.00490000000000471);
#143=CIRCLE('',#1783,0.00612764184505836);
#144=CIRCLE('',#1792,0.004);
#145=CIRCLE('',#1793,0.004);
#146=CIRCLE('',#1795,0.004);
#147=CIRCLE('',#1797,0.004);
#148=CIRCLE('',#1799,0.004);
#149=CIRCLE('',#1801,0.004);
#150=CIRCLE('',#1803,0.004);
#151=CIRCLE('',#1805,0.004);
#152=B_SPLINE_CURVE_WITH_KNOTS('',3,(#2299,#2300,#2301,#2302,#2303,#2304,
#2305,#2306,#2307,#2308,#2309,#2310,#2311,#2312,#2313,#2314,#2315,#2316,
#2317,#2318,#2319,#2320),.UNSPECIFIED.,.F.,.F.,(4,1,1,1,1,1,1,1,1,1,1,1,
1,1,1,1,1,1,1,4),(-0.00618955676947513,-0.00599605494113024,-0.00580255311278534,
-0.00541554945609556,-0.00502854579940577,-0.00464154214271598,-0.00386753482933641,
-0.00309352751595684,-0.00231952020257726,-0.00154551288919769,2.50173756145789E-6,
0.0015505163643206,0.00232452367770018,0.00309853099107975,0.00387253830445932,
0.0046465456178389,0.00503354927452869,0.00542055293121847,0.00580755658790826,
0.00619456024459805),.UNSPECIFIED.);
#153=B_SPLINE_CURVE_WITH_KNOTS('',3,(#2324,#2325,#2326,#2327,#2328,#2329,
#2330,#2331,#2332,#2333,#2334,#2335,#2336,#2337,#2338,#2339,#2340,#2341,
#2342,#2343,#2344,#2345),.UNSPECIFIED.,.F.,.F.,(4,1,1,1,1,1,1,1,1,1,1,1,
1,1,1,1,1,1,1,4),(-0.00618955676947514,-0.00599605494113025,-0.00580255311278535,
-0.00541554945609556,-0.00502854579940577,-0.00464154214271598,-0.00386753482933641,
-0.00309352751595683,-0.00231952020257725,-0.00154551288919767,2.50173756148478E-6,
0.00155051636432064,0.00232452367770022,0.0030985309910798,0.00387253830445938,
0.00464654561783895,0.00503354927452874,0.00542055293121853,0.00580755658790832,
0.00619456024459811),.UNSPECIFIED.);
#154=B_SPLINE_CURVE_WITH_KNOTS('',3,(#2732,#2733,#2734,#2735),
 .UNSPECIFIED.,.F.,.F.,(4,4),(0.,0.00168223624095681),.UNSPECIFIED.);
#155=ORIENTED_EDGE('',*,*,#593,.F.);
#156=ORIENTED_EDGE('',*,*,#594,.T.);
#157=ORIENTED_EDGE('',*,*,#595,.F.);
#158=ORIENTED_EDGE('',*,*,#596,.T.);
#159=ORIENTED_EDGE('',*,*,#597,.T.);
#160=ORIENTED_EDGE('',*,*,#598,.T.);
#161=ORIENTED_EDGE('',*,*,#599,.T.);
#162=ORIENTED_EDGE('',*,*,#600,.F.);
#163=ORIENTED_EDGE('',*,*,#601,.T.);
#164=ORIENTED_EDGE('',*,*,#602,.T.);
#165=ORIENTED_EDGE('',*,*,#603,.T.);
#166=ORIENTED_EDGE('',*,*,#604,.F.);
#167=ORIENTED_EDGE('',*,*,#605,.F.);
#168=ORIENTED_EDGE('',*,*,#606,.F.);
#169=ORIENTED_EDGE('',*,*,#607,.F.);
#170=ORIENTED_EDGE('',*,*,#608,.F.);
#171=ORIENTED_EDGE('',*,*,#609,.F.);
#172=ORIENTED_EDGE('',*,*,#610,.F.);
#173=ORIENTED_EDGE('',*,*,#611,.T.);
#174=ORIENTED_EDGE('',*,*,#612,.F.);
#175=ORIENTED_EDGE('',*,*,#613,.T.);
#176=ORIENTED_EDGE('',*,*,#614,.T.);
#177=ORIENTED_EDGE('',*,*,#615,.T.);
#178=ORIENTED_EDGE('',*,*,#616,.T.);
#179=ORIENTED_EDGE('',*,*,#617,.F.);
#180=ORIENTED_EDGE('',*,*,#618,.T.);
#181=ORIENTED_EDGE('',*,*,#619,.F.);
#182=ORIENTED_EDGE('',*,*,#620,.F.);
#183=ORIENTED_EDGE('',*,*,#621,.F.);
#184=ORIENTED_EDGE('',*,*,#622,.T.);
#185=ORIENTED_EDGE('',*,*,#623,.F.);
#186=ORIENTED_EDGE('',*,*,#624,.F.);
#187=ORIENTED_EDGE('',*,*,#625,.F.);
#188=ORIENTED_EDGE('',*,*,#626,.T.);
#189=ORIENTED_EDGE('',*,*,#600,.T.);
#190=ORIENTED_EDGE('',*,*,#627,.F.);
#191=ORIENTED_EDGE('',*,*,#628,.F.);
#192=ORIENTED_EDGE('',*,*,#629,.T.);
#193=ORIENTED_EDGE('',*,*,#617,.T.);
#194=ORIENTED_EDGE('',*,*,#630,.F.);
#195=ORIENTED_EDGE('',*,*,#631,.T.);
#196=ORIENTED_EDGE('',*,*,#632,.T.);
#197=ORIENTED_EDGE('',*,*,#633,.T.);
#198=ORIENTED_EDGE('',*,*,#634,.T.);
#199=ORIENTED_EDGE('',*,*,#635,.F.);
#200=ORIENTED_EDGE('',*,*,#636,.F.);
#201=ORIENTED_EDGE('',*,*,#637,.F.);
#202=ORIENTED_EDGE('',*,*,#638,.F.);
#203=ORIENTED_EDGE('',*,*,#639,.T.);
#204=ORIENTED_EDGE('',*,*,#640,.F.);
#205=ORIENTED_EDGE('',*,*,#641,.F.);
#206=ORIENTED_EDGE('',*,*,#642,.F.);
#207=ORIENTED_EDGE('',*,*,#643,.F.);
#208=ORIENTED_EDGE('',*,*,#644,.T.);
#209=ORIENTED_EDGE('',*,*,#645,.T.);
#210=ORIENTED_EDGE('',*,*,#646,.T.);
#211=ORIENTED_EDGE('',*,*,#625,.T.);
#212=ORIENTED_EDGE('',*,*,#647,.F.);
#213=ORIENTED_EDGE('',*,*,#648,.T.);
#214=ORIENTED_EDGE('',*,*,#649,.T.);
#215=ORIENTED_EDGE('',*,*,#650,.F.);
#216=ORIENTED_EDGE('',*,*,#651,.F.);
#217=ORIENTED_EDGE('',*,*,#652,.F.);
#218=ORIENTED_EDGE('',*,*,#651,.T.);
#219=ORIENTED_EDGE('',*,*,#653,.T.);
#220=ORIENTED_EDGE('',*,*,#654,.F.);
#221=ORIENTED_EDGE('',*,*,#655,.T.);
#222=ORIENTED_EDGE('',*,*,#656,.F.);
#223=ORIENTED_EDGE('',*,*,#657,.T.);
#224=ORIENTED_EDGE('',*,*,#658,.T.);
#225=ORIENTED_EDGE('',*,*,#659,.T.);
#226=ORIENTED_EDGE('',*,*,#608,.T.);
#227=ORIENTED_EDGE('',*,*,#660,.F.);
#228=ORIENTED_EDGE('',*,*,#639,.F.);
#229=ORIENTED_EDGE('',*,*,#661,.F.);
#230=ORIENTED_EDGE('',*,*,#662,.F.);
#231=ORIENTED_EDGE('',*,*,#663,.F.);
#232=ORIENTED_EDGE('',*,*,#664,.T.);
#233=ORIENTED_EDGE('',*,*,#665,.F.);
#234=ORIENTED_EDGE('',*,*,#666,.T.);
#235=ORIENTED_EDGE('',*,*,#667,.F.);
#236=ORIENTED_EDGE('',*,*,#631,.F.);
#237=ORIENTED_EDGE('',*,*,#668,.T.);
#238=ORIENTED_EDGE('',*,*,#669,.F.);
#239=ORIENTED_EDGE('',*,*,#668,.F.);
#240=ORIENTED_EDGE('',*,*,#669,.T.);
#241=ORIENTED_EDGE('',*,*,#670,.F.);
#242=ORIENTED_EDGE('',*,*,#671,.T.);
#243=ORIENTED_EDGE('',*,*,#670,.T.);
#244=ORIENTED_EDGE('',*,*,#672,.T.);
#245=ORIENTED_EDGE('',*,*,#673,.F.);
#246=ORIENTED_EDGE('',*,*,#672,.F.);
#247=ORIENTED_EDGE('',*,*,#673,.T.);
#248=ORIENTED_EDGE('',*,*,#674,.F.);
#249=ORIENTED_EDGE('',*,*,#675,.T.);
#250=ORIENTED_EDGE('',*,*,#674,.T.);
#251=ORIENTED_EDGE('',*,*,#676,.T.);
#252=ORIENTED_EDGE('',*,*,#677,.F.);
#253=ORIENTED_EDGE('',*,*,#676,.F.);
#254=ORIENTED_EDGE('',*,*,#677,.T.);
#255=ORIENTED_EDGE('',*,*,#678,.F.);
#256=ORIENTED_EDGE('',*,*,#679,.T.);
#257=ORIENTED_EDGE('',*,*,#678,.T.);
#258=ORIENTED_EDGE('',*,*,#680,.F.);
#259=ORIENTED_EDGE('',*,*,#681,.T.);
#260=ORIENTED_EDGE('',*,*,#682,.T.);
#261=ORIENTED_EDGE('',*,*,#683,.F.);
#262=ORIENTED_EDGE('',*,*,#684,.T.);
#263=ORIENTED_EDGE('',*,*,#685,.F.);
#264=ORIENTED_EDGE('',*,*,#666,.F.);
#265=ORIENTED_EDGE('',*,*,#686,.T.);
#266=ORIENTED_EDGE('',*,*,#687,.F.);
#267=ORIENTED_EDGE('',*,*,#688,.F.);
#268=ORIENTED_EDGE('',*,*,#689,.F.);
#269=ORIENTED_EDGE('',*,*,#664,.F.);
#270=ORIENTED_EDGE('',*,*,#690,.T.);
#271=ORIENTED_EDGE('',*,*,#691,.T.);
#272=ORIENTED_EDGE('',*,*,#692,.T.);
#273=ORIENTED_EDGE('',*,*,#693,.T.);
#274=ORIENTED_EDGE('',*,*,#671,.F.);
#275=ORIENTED_EDGE('',*,*,#675,.F.);
#276=ORIENTED_EDGE('',*,*,#679,.F.);
#277=ORIENTED_EDGE('',*,*,#694,.F.);
#278=ORIENTED_EDGE('',*,*,#682,.F.);
#279=ORIENTED_EDGE('',*,*,#695,.T.);
#280=ORIENTED_EDGE('',*,*,#696,.F.);
#281=ORIENTED_EDGE('',*,*,#697,.T.);
#282=ORIENTED_EDGE('',*,*,#693,.F.);
#283=ORIENTED_EDGE('',*,*,#698,.F.);
#284=ORIENTED_EDGE('',*,*,#699,.T.);
#285=ORIENTED_EDGE('',*,*,#700,.F.);
#286=ORIENTED_EDGE('',*,*,#701,.T.);
#287=ORIENTED_EDGE('',*,*,#702,.T.);
#288=ORIENTED_EDGE('',*,*,#703,.F.);
#289=ORIENTED_EDGE('',*,*,#704,.T.);
#290=ORIENTED_EDGE('',*,*,#635,.T.);
#291=ORIENTED_EDGE('',*,*,#705,.F.);
#292=ORIENTED_EDGE('',*,*,#706,.T.);
#293=ORIENTED_EDGE('',*,*,#707,.F.);
#294=ORIENTED_EDGE('',*,*,#708,.T.);
#295=ORIENTED_EDGE('',*,*,#709,.T.);
#296=ORIENTED_EDGE('',*,*,#710,.F.);
#297=ORIENTED_EDGE('',*,*,#658,.F.);
#298=ORIENTED_EDGE('',*,*,#710,.T.);
#299=ORIENTED_EDGE('',*,*,#711,.T.);
#300=ORIENTED_EDGE('',*,*,#597,.F.);
#301=ORIENTED_EDGE('',*,*,#659,.F.);
#302=ORIENTED_EDGE('',*,*,#650,.T.);
#303=ORIENTED_EDGE('',*,*,#712,.T.);
#304=ORIENTED_EDGE('',*,*,#713,.F.);
#305=ORIENTED_EDGE('',*,*,#653,.F.);
#306=ORIENTED_EDGE('',*,*,#713,.T.);
#307=ORIENTED_EDGE('',*,*,#714,.T.);
#308=ORIENTED_EDGE('',*,*,#715,.F.);
#309=ORIENTED_EDGE('',*,*,#654,.T.);
#310=ORIENTED_EDGE('',*,*,#715,.T.);
#311=ORIENTED_EDGE('',*,*,#716,.T.);
#312=ORIENTED_EDGE('',*,*,#717,.F.);
#313=ORIENTED_EDGE('',*,*,#655,.F.);
#314=ORIENTED_EDGE('',*,*,#717,.T.);
#315=ORIENTED_EDGE('',*,*,#718,.T.);
#316=ORIENTED_EDGE('',*,*,#719,.F.);
#317=ORIENTED_EDGE('',*,*,#656,.T.);
#318=ORIENTED_EDGE('',*,*,#720,.F.);
#319=ORIENTED_EDGE('',*,*,#721,.F.);
#320=ORIENTED_EDGE('',*,*,#661,.T.);
#321=ORIENTED_EDGE('',*,*,#638,.T.);
#322=ORIENTED_EDGE('',*,*,#722,.F.);
#323=ORIENTED_EDGE('',*,*,#723,.T.);
#324=ORIENTED_EDGE('',*,*,#724,.F.);
#325=ORIENTED_EDGE('',*,*,#662,.T.);
#326=ORIENTED_EDGE('',*,*,#721,.T.);
#327=ORIENTED_EDGE('',*,*,#725,.F.);
#328=ORIENTED_EDGE('',*,*,#726,.T.);
#329=ORIENTED_EDGE('',*,*,#701,.F.);
#330=ORIENTED_EDGE('',*,*,#727,.F.);
#331=ORIENTED_EDGE('',*,*,#690,.F.);
#332=ORIENTED_EDGE('',*,*,#663,.T.);
#333=ORIENTED_EDGE('',*,*,#724,.T.);
#334=ORIENTED_EDGE('',*,*,#728,.F.);
#335=ORIENTED_EDGE('',*,*,#686,.F.);
#336=ORIENTED_EDGE('',*,*,#665,.T.);
#337=ORIENTED_EDGE('',*,*,#689,.T.);
#338=ORIENTED_EDGE('',*,*,#729,.F.);
#339=ORIENTED_EDGE('',*,*,#632,.F.);
#340=ORIENTED_EDGE('',*,*,#667,.T.);
#341=ORIENTED_EDGE('',*,*,#685,.T.);
#342=ORIENTED_EDGE('',*,*,#719,.T.);
#343=ORIENTED_EDGE('',*,*,#730,.T.);
#344=ORIENTED_EDGE('',*,*,#708,.F.);
#345=ORIENTED_EDGE('',*,*,#657,.F.);
#346=ORIENTED_EDGE('',*,*,#731,.T.);
#347=ORIENTED_EDGE('',*,*,#732,.T.);
#348=ORIENTED_EDGE('',*,*,#733,.T.);
#349=ORIENTED_EDGE('',*,*,#734,.T.);
#350=ORIENTED_EDGE('',*,*,#735,.T.);
#351=ORIENTED_EDGE('',*,*,#736,.T.);
#352=ORIENTED_EDGE('',*,*,#737,.T.);
#353=ORIENTED_EDGE('',*,*,#738,.T.);
#354=ORIENTED_EDGE('',*,*,#739,.T.);
#355=ORIENTED_EDGE('',*,*,#725,.T.);
#356=ORIENTED_EDGE('',*,*,#720,.T.);
#357=ORIENTED_EDGE('',*,*,#637,.T.);
#358=ORIENTED_EDGE('',*,*,#740,.F.);
#359=ORIENTED_EDGE('',*,*,#741,.T.);
#360=ORIENTED_EDGE('',*,*,#742,.F.);
#361=ORIENTED_EDGE('',*,*,#704,.F.);
#362=ORIENTED_EDGE('',*,*,#743,.F.);
#363=ORIENTED_EDGE('',*,*,#740,.T.);
#364=ORIENTED_EDGE('',*,*,#636,.T.);
#365=ORIENTED_EDGE('',*,*,#703,.T.);
#366=ORIENTED_EDGE('',*,*,#744,.F.);
#367=ORIENTED_EDGE('',*,*,#741,.F.);
#368=ORIENTED_EDGE('',*,*,#743,.T.);
#369=ORIENTED_EDGE('',*,*,#702,.F.);
#370=ORIENTED_EDGE('',*,*,#726,.F.);
#371=ORIENTED_EDGE('',*,*,#742,.T.);
#372=ORIENTED_EDGE('',*,*,#744,.T.);
#373=ORIENTED_EDGE('',*,*,#745,.F.);
#374=ORIENTED_EDGE('',*,*,#745,.T.);
#375=ORIENTED_EDGE('',*,*,#739,.F.);
#376=ORIENTED_EDGE('',*,*,#746,.T.);
#377=ORIENTED_EDGE('',*,*,#691,.F.);
#378=ORIENTED_EDGE('',*,*,#727,.T.);
#379=ORIENTED_EDGE('',*,*,#723,.F.);
#380=ORIENTED_EDGE('',*,*,#747,.T.);
#381=ORIENTED_EDGE('',*,*,#748,.F.);
#382=ORIENTED_EDGE('',*,*,#749,.T.);
#383=ORIENTED_EDGE('',*,*,#700,.T.);
#384=ORIENTED_EDGE('',*,*,#750,.F.);
#385=ORIENTED_EDGE('',*,*,#747,.F.);
#386=ORIENTED_EDGE('',*,*,#722,.T.);
#387=ORIENTED_EDGE('',*,*,#699,.F.);
#388=ORIENTED_EDGE('',*,*,#751,.F.);
#389=ORIENTED_EDGE('',*,*,#748,.T.);
#390=ORIENTED_EDGE('',*,*,#750,.T.);
#391=ORIENTED_EDGE('',*,*,#698,.T.);
#392=ORIENTED_EDGE('',*,*,#692,.F.);
#393=ORIENTED_EDGE('',*,*,#749,.F.);
#394=ORIENTED_EDGE('',*,*,#751,.T.);
#395=ORIENTED_EDGE('',*,*,#752,.F.);
#396=ORIENTED_EDGE('',*,*,#752,.T.);
#397=ORIENTED_EDGE('',*,*,#746,.F.);
#398=ORIENTED_EDGE('',*,*,#753,.T.);
#399=ORIENTED_EDGE('',*,*,#633,.F.);
#400=ORIENTED_EDGE('',*,*,#729,.T.);
#401=ORIENTED_EDGE('',*,*,#684,.F.);
#402=ORIENTED_EDGE('',*,*,#754,.T.);
#403=ORIENTED_EDGE('',*,*,#755,.F.);
#404=ORIENTED_EDGE('',*,*,#756,.T.);
#405=ORIENTED_EDGE('',*,*,#707,.T.);
#406=ORIENTED_EDGE('',*,*,#757,.F.);
#407=ORIENTED_EDGE('',*,*,#754,.F.);
#408=ORIENTED_EDGE('',*,*,#683,.T.);
#409=ORIENTED_EDGE('',*,*,#706,.F.);
#410=ORIENTED_EDGE('',*,*,#758,.F.);
#411=ORIENTED_EDGE('',*,*,#755,.T.);
#412=ORIENTED_EDGE('',*,*,#757,.T.);
#413=ORIENTED_EDGE('',*,*,#705,.T.);
#414=ORIENTED_EDGE('',*,*,#634,.F.);
#415=ORIENTED_EDGE('',*,*,#756,.F.);
#416=ORIENTED_EDGE('',*,*,#758,.T.);
#417=ORIENTED_EDGE('',*,*,#759,.F.);
#418=ORIENTED_EDGE('',*,*,#759,.T.);
#419=ORIENTED_EDGE('',*,*,#753,.F.);
#420=ORIENTED_EDGE('',*,*,#760,.T.);
#421=ORIENTED_EDGE('',*,*,#680,.T.);
#422=ORIENTED_EDGE('',*,*,#728,.T.);
#423=ORIENTED_EDGE('',*,*,#688,.T.);
#424=ORIENTED_EDGE('',*,*,#761,.F.);
#425=ORIENTED_EDGE('',*,*,#762,.T.);
#426=ORIENTED_EDGE('',*,*,#763,.F.);
#427=ORIENTED_EDGE('',*,*,#697,.F.);
#428=ORIENTED_EDGE('',*,*,#764,.F.);
#429=ORIENTED_EDGE('',*,*,#761,.T.);
#430=ORIENTED_EDGE('',*,*,#687,.T.);
#431=ORIENTED_EDGE('',*,*,#696,.T.);
#432=ORIENTED_EDGE('',*,*,#765,.F.);
#433=ORIENTED_EDGE('',*,*,#762,.F.);
#434=ORIENTED_EDGE('',*,*,#764,.T.);
#435=ORIENTED_EDGE('',*,*,#695,.F.);
#436=ORIENTED_EDGE('',*,*,#681,.F.);
#437=ORIENTED_EDGE('',*,*,#763,.T.);
#438=ORIENTED_EDGE('',*,*,#765,.T.);
#439=ORIENTED_EDGE('',*,*,#766,.F.);
#440=ORIENTED_EDGE('',*,*,#766,.T.);
#441=ORIENTED_EDGE('',*,*,#760,.F.);
#442=ORIENTED_EDGE('',*,*,#694,.T.);
#443=ORIENTED_EDGE('',*,*,#767,.T.);
#444=ORIENTED_EDGE('',*,*,#768,.T.);
#445=ORIENTED_EDGE('',*,*,#767,.F.);
#446=ORIENTED_EDGE('',*,*,#769,.F.);
#447=ORIENTED_EDGE('',*,*,#769,.T.);
#448=ORIENTED_EDGE('',*,*,#768,.F.);
#449=ORIENTED_EDGE('',*,*,#770,.T.);
#450=ORIENTED_EDGE('',*,*,#602,.F.);
#451=ORIENTED_EDGE('',*,*,#771,.F.);
#452=ORIENTED_EDGE('',*,*,#645,.F.);
#453=ORIENTED_EDGE('',*,*,#771,.T.);
#454=ORIENTED_EDGE('',*,*,#601,.F.);
#455=ORIENTED_EDGE('',*,*,#626,.F.);
#456=ORIENTED_EDGE('',*,*,#646,.F.);
#457=ORIENTED_EDGE('',*,*,#640,.T.);
#458=ORIENTED_EDGE('',*,*,#660,.T.);
#459=ORIENTED_EDGE('',*,*,#607,.T.);
#460=ORIENTED_EDGE('',*,*,#772,.F.);
#461=ORIENTED_EDGE('',*,*,#641,.T.);
#462=ORIENTED_EDGE('',*,*,#772,.T.);
#463=ORIENTED_EDGE('',*,*,#606,.T.);
#464=ORIENTED_EDGE('',*,*,#773,.F.);
#465=ORIENTED_EDGE('',*,*,#642,.T.);
#466=ORIENTED_EDGE('',*,*,#773,.T.);
#467=ORIENTED_EDGE('',*,*,#605,.T.);
#468=ORIENTED_EDGE('',*,*,#774,.F.);
#469=ORIENTED_EDGE('',*,*,#643,.T.);
#470=ORIENTED_EDGE('',*,*,#774,.T.);
#471=ORIENTED_EDGE('',*,*,#604,.T.);
#472=ORIENTED_EDGE('',*,*,#775,.F.);
#473=ORIENTED_EDGE('',*,*,#775,.T.);
#474=ORIENTED_EDGE('',*,*,#603,.F.);
#475=ORIENTED_EDGE('',*,*,#770,.F.);
#476=ORIENTED_EDGE('',*,*,#644,.F.);
#477=ORIENTED_EDGE('',*,*,#599,.F.);
#478=ORIENTED_EDGE('',*,*,#776,.T.);
#479=ORIENTED_EDGE('',*,*,#648,.F.);
#480=ORIENTED_EDGE('',*,*,#652,.T.);
#481=ORIENTED_EDGE('',*,*,#630,.T.);
#482=ORIENTED_EDGE('',*,*,#627,.T.);
#483=ORIENTED_EDGE('',*,*,#777,.F.);
#484=ORIENTED_EDGE('',*,*,#610,.T.);
#485=ORIENTED_EDGE('',*,*,#595,.T.);
#486=ORIENTED_EDGE('',*,*,#778,.F.);
#487=ORIENTED_EDGE('',*,*,#779,.F.);
#488=ORIENTED_EDGE('',*,*,#780,.F.);
#489=ORIENTED_EDGE('',*,*,#781,.F.);
#490=ORIENTED_EDGE('',*,*,#782,.F.);
#491=ORIENTED_EDGE('',*,*,#783,.F.);
#492=ORIENTED_EDGE('',*,*,#784,.T.);
#493=ORIENTED_EDGE('',*,*,#785,.F.);
#494=ORIENTED_EDGE('',*,*,#778,.T.);
#495=ORIENTED_EDGE('',*,*,#786,.F.);
#496=ORIENTED_EDGE('',*,*,#780,.T.);
#497=ORIENTED_EDGE('',*,*,#593,.T.);
#498=ORIENTED_EDGE('',*,*,#616,.F.);
#499=ORIENTED_EDGE('',*,*,#777,.T.);
#500=ORIENTED_EDGE('',*,*,#785,.T.);
#501=ORIENTED_EDGE('',*,*,#787,.F.);
#502=ORIENTED_EDGE('',*,*,#788,.T.);
#503=ORIENTED_EDGE('',*,*,#789,.T.);
#504=ORIENTED_EDGE('',*,*,#623,.T.);
#505=ORIENTED_EDGE('',*,*,#790,.F.);
#506=ORIENTED_EDGE('',*,*,#611,.F.);
#507=ORIENTED_EDGE('',*,*,#612,.T.);
#508=ORIENTED_EDGE('',*,*,#790,.T.);
#509=ORIENTED_EDGE('',*,*,#622,.F.);
#510=ORIENTED_EDGE('',*,*,#791,.F.);
#511=ORIENTED_EDGE('',*,*,#791,.T.);
#512=ORIENTED_EDGE('',*,*,#621,.T.);
#513=ORIENTED_EDGE('',*,*,#792,.F.);
#514=ORIENTED_EDGE('',*,*,#613,.F.);
#515=ORIENTED_EDGE('',*,*,#792,.T.);
#516=ORIENTED_EDGE('',*,*,#620,.T.);
#517=ORIENTED_EDGE('',*,*,#793,.F.);
#518=ORIENTED_EDGE('',*,*,#614,.F.);
#519=ORIENTED_EDGE('',*,*,#793,.T.);
#520=ORIENTED_EDGE('',*,*,#619,.T.);
#521=ORIENTED_EDGE('',*,*,#794,.F.);
#522=ORIENTED_EDGE('',*,*,#795,.T.);
#523=ORIENTED_EDGE('',*,*,#796,.T.);
#524=ORIENTED_EDGE('',*,*,#781,.T.);
#525=ORIENTED_EDGE('',*,*,#786,.T.);
#526=ORIENTED_EDGE('',*,*,#615,.F.);
#527=ORIENTED_EDGE('',*,*,#795,.F.);
#528=ORIENTED_EDGE('',*,*,#797,.T.);
#529=ORIENTED_EDGE('',*,*,#628,.T.);
#530=ORIENTED_EDGE('',*,*,#798,.F.);
#531=ORIENTED_EDGE('',*,*,#788,.F.);
#532=ORIENTED_EDGE('',*,*,#799,.T.);
#533=ORIENTED_EDGE('',*,*,#800,.F.);
#534=ORIENTED_EDGE('',*,*,#801,.F.);
#535=ORIENTED_EDGE('',*,*,#782,.T.);
#536=ORIENTED_EDGE('',*,*,#796,.F.);
#537=ORIENTED_EDGE('',*,*,#801,.T.);
#538=ORIENTED_EDGE('',*,*,#802,.T.);
#539=ORIENTED_EDGE('',*,*,#783,.T.);
#540=ORIENTED_EDGE('',*,*,#802,.F.);
#541=ORIENTED_EDGE('',*,*,#800,.T.);
#542=ORIENTED_EDGE('',*,*,#803,.T.);
#543=ORIENTED_EDGE('',*,*,#803,.F.);
#544=ORIENTED_EDGE('',*,*,#799,.F.);
#545=ORIENTED_EDGE('',*,*,#787,.T.);
#546=ORIENTED_EDGE('',*,*,#784,.F.);
#547=ORIENTED_EDGE('',*,*,#798,.T.);
#548=ORIENTED_EDGE('',*,*,#647,.T.);
#549=ORIENTED_EDGE('',*,*,#624,.T.);
#550=ORIENTED_EDGE('',*,*,#789,.F.);
#551=ORIENTED_EDGE('',*,*,#794,.T.);
#552=ORIENTED_EDGE('',*,*,#618,.F.);
#553=ORIENTED_EDGE('',*,*,#629,.F.);
#554=ORIENTED_EDGE('',*,*,#797,.F.);
#555=ORIENTED_EDGE('',*,*,#594,.F.);
#556=ORIENTED_EDGE('',*,*,#779,.T.);
#557=ORIENTED_EDGE('',*,*,#609,.T.);
#558=ORIENTED_EDGE('',*,*,#596,.F.);
#559=ORIENTED_EDGE('',*,*,#804,.F.);
#560=ORIENTED_EDGE('',*,*,#736,.F.);
#561=ORIENTED_EDGE('',*,*,#805,.F.);
#562=ORIENTED_EDGE('',*,*,#712,.F.);
#563=ORIENTED_EDGE('',*,*,#805,.T.);
#564=ORIENTED_EDGE('',*,*,#735,.F.);
#565=ORIENTED_EDGE('',*,*,#806,.F.);
#566=ORIENTED_EDGE('',*,*,#714,.F.);
#567=ORIENTED_EDGE('',*,*,#776,.F.);
#568=ORIENTED_EDGE('',*,*,#598,.F.);
#569=ORIENTED_EDGE('',*,*,#807,.F.);
#570=ORIENTED_EDGE('',*,*,#737,.F.);
#571=ORIENTED_EDGE('',*,*,#804,.T.);
#572=ORIENTED_EDGE('',*,*,#649,.F.);
#573=ORIENTED_EDGE('',*,*,#806,.T.);
#574=ORIENTED_EDGE('',*,*,#734,.F.);
#575=ORIENTED_EDGE('',*,*,#808,.F.);
#576=ORIENTED_EDGE('',*,*,#716,.F.);
#577=ORIENTED_EDGE('',*,*,#807,.T.);
#578=ORIENTED_EDGE('',*,*,#711,.F.);
#579=ORIENTED_EDGE('',*,*,#809,.F.);
#580=ORIENTED_EDGE('',*,*,#738,.F.);
#581=ORIENTED_EDGE('',*,*,#808,.T.);
#582=ORIENTED_EDGE('',*,*,#733,.F.);
#583=ORIENTED_EDGE('',*,*,#810,.F.);
#584=ORIENTED_EDGE('',*,*,#718,.F.);
#585=ORIENTED_EDGE('',*,*,#809,.T.);
#586=ORIENTED_EDGE('',*,*,#709,.F.);
#587=ORIENTED_EDGE('',*,*,#811,.F.);
#588=ORIENTED_EDGE('',*,*,#731,.F.);
#589=ORIENTED_EDGE('',*,*,#810,.T.);
#590=ORIENTED_EDGE('',*,*,#732,.F.);
#591=ORIENTED_EDGE('',*,*,#811,.T.);
#592=ORIENTED_EDGE('',*,*,#730,.F.);
#593=EDGE_CURVE('',#812,#813,#966,.T.);
#594=EDGE_CURVE('',#812,#814,#152,.T.);
#595=EDGE_CURVE('',#815,#814,#967,.T.);
#596=EDGE_CURVE('',#815,#813,#153,.T.);
#597=EDGE_CURVE('',#816,#817,#968,.T.);
#598=EDGE_CURVE('',#817,#818,#969,.T.);
#599=EDGE_CURVE('',#818,#819,#71,.T.);
#600=EDGE_CURVE('',#820,#819,#970,.T.);
#601=EDGE_CURVE('',#820,#821,#72,.T.);
#602=EDGE_CURVE('',#821,#822,#971,.T.);
#603=EDGE_CURVE('',#822,#823,#73,.T.);
#604=EDGE_CURVE('',#824,#823,#972,.T.);
#605=EDGE_CURVE('',#825,#824,#74,.T.);
#606=EDGE_CURVE('',#826,#825,#973,.T.);
#607=EDGE_CURVE('',#827,#826,#75,.T.);
#608=EDGE_CURVE('',#816,#827,#974,.T.);
#609=EDGE_CURVE('',#815,#813,#76,.F.);
#610=EDGE_CURVE('',#828,#815,#975,.T.);
#611=EDGE_CURVE('',#828,#829,#976,.T.);
#612=EDGE_CURVE('',#830,#829,#77,.T.);
#613=EDGE_CURVE('',#830,#831,#977,.T.);
#614=EDGE_CURVE('',#831,#832,#78,.T.);
#615=EDGE_CURVE('',#832,#833,#978,.T.);
#616=EDGE_CURVE('',#833,#813,#979,.T.);
#617=EDGE_CURVE('',#834,#835,#980,.T.);
#618=EDGE_CURVE('',#834,#836,#981,.T.);
#619=EDGE_CURVE('',#837,#836,#982,.T.);
#620=EDGE_CURVE('',#838,#837,#79,.T.);
#621=EDGE_CURVE('',#839,#838,#983,.T.);
#622=EDGE_CURVE('',#839,#840,#80,.T.);
#623=EDGE_CURVE('',#841,#840,#984,.T.);
#624=EDGE_CURVE('',#842,#841,#985,.T.);
#625=EDGE_CURVE('',#843,#842,#986,.T.);
#626=EDGE_CURVE('',#843,#820,#987,.T.);
#627=EDGE_CURVE('',#835,#819,#988,.T.);
#628=EDGE_CURVE('',#844,#845,#989,.T.);
#629=EDGE_CURVE('',#844,#834,#990,.T.);
#630=EDGE_CURVE('',#846,#835,#81,.T.);
#631=EDGE_CURVE('',#846,#847,#991,.T.);
#632=EDGE_CURVE('',#847,#848,#992,.T.);
#633=EDGE_CURVE('',#848,#849,#993,.T.);
#634=EDGE_CURVE('',#849,#850,#994,.T.);
#635=EDGE_CURVE('',#851,#850,#995,.T.);
#636=EDGE_CURVE('',#852,#851,#996,.T.);
#637=EDGE_CURVE('',#853,#852,#997,.T.);
#638=EDGE_CURVE('',#854,#853,#998,.T.);
#639=EDGE_CURVE('',#854,#855,#999,.T.);
#640=EDGE_CURVE('',#856,#855,#82,.T.);
#641=EDGE_CURVE('',#857,#856,#1000,.T.);
#642=EDGE_CURVE('',#858,#857,#83,.T.);
#643=EDGE_CURVE('',#859,#858,#1001,.T.);
#644=EDGE_CURVE('',#859,#860,#84,.F.);
#645=EDGE_CURVE('',#860,#861,#1002,.T.);
#646=EDGE_CURVE('',#861,#843,#85,.F.);
#647=EDGE_CURVE('',#845,#842,#1003,.T.);
#648=EDGE_CURVE('',#862,#863,#86,.T.);
#649=EDGE_CURVE('',#863,#864,#1004,.T.);
#650=EDGE_CURVE('',#865,#864,#1005,.T.);
#651=EDGE_CURVE('',#862,#865,#1006,.T.);
#652=EDGE_CURVE('',#862,#846,#1007,.F.);
#653=EDGE_CURVE('',#865,#866,#87,.T.);
#654=EDGE_CURVE('',#867,#866,#1008,.T.);
#655=EDGE_CURVE('',#867,#868,#88,.T.);
#656=EDGE_CURVE('',#869,#868,#1009,.T.);
#657=EDGE_CURVE('',#869,#870,#89,.T.);
#658=EDGE_CURVE('',#870,#871,#1010,.T.);
#659=EDGE_CURVE('',#871,#816,#90,.T.);
#660=EDGE_CURVE('',#855,#827,#1011,.T.);
#661=EDGE_CURVE('',#872,#854,#91,.T.);
#662=EDGE_CURVE('',#873,#872,#1012,.T.);
#663=EDGE_CURVE('',#874,#873,#92,.T.);
#664=EDGE_CURVE('',#874,#875,#1013,.T.);
#665=EDGE_CURVE('',#876,#875,#93,.T.);
#666=EDGE_CURVE('',#876,#877,#1014,.T.);
#667=EDGE_CURVE('',#847,#877,#94,.T.);
#668=EDGE_CURVE('',#878,#878,#95,.T.);
#669=EDGE_CURVE('',#879,#879,#96,.T.);
#670=EDGE_CURVE('',#881,#881,#97,.F.);
#671=EDGE_CURVE('',#882,#882,#98,.T.);
#672=EDGE_CURVE('',#883,#883,#99,.T.);
#673=EDGE_CURVE('',#884,#884,#100,.T.);
#674=EDGE_CURVE('',#886,#886,#101,.F.);
#675=EDGE_CURVE('',#887,#887,#102,.T.);
#676=EDGE_CURVE('',#888,#888,#103,.T.);
#677=EDGE_CURVE('',#889,#889,#104,.T.);
#678=EDGE_CURVE('',#891,#891,#105,.F.);
#679=EDGE_CURVE('',#892,#892,#106,.T.);
#680=EDGE_CURVE('',#893,#894,#1015,.T.);
#681=EDGE_CURVE('',#893,#895,#1016,.T.);
#682=EDGE_CURVE('',#895,#896,#1017,.T.);
#683=EDGE_CURVE('',#897,#896,#1018,.T.);
#684=EDGE_CURVE('',#897,#898,#1019,.T.);
#685=EDGE_CURVE('',#877,#898,#1020,.T.);
#686=EDGE_CURVE('',#876,#894,#1021,.T.);
#687=EDGE_CURVE('',#899,#900,#1022,.T.);
#688=EDGE_CURVE('',#901,#899,#1023,.T.);
#689=EDGE_CURVE('',#875,#901,#1024,.T.);
#690=EDGE_CURVE('',#874,#902,#1025,.T.);
#691=EDGE_CURVE('',#902,#903,#1026,.T.);
#692=EDGE_CURVE('',#903,#904,#1027,.T.);
#693=EDGE_CURVE('',#904,#900,#1028,.T.);
#694=EDGE_CURVE('',#905,#905,#107,.T.);
#695=EDGE_CURVE('',#895,#906,#1029,.T.);
#696=EDGE_CURVE('',#907,#906,#108,.T.);
#697=EDGE_CURVE('',#907,#900,#1030,.T.);
#698=EDGE_CURVE('',#908,#904,#1031,.T.);
#699=EDGE_CURVE('',#908,#909,#109,.T.);
#700=EDGE_CURVE('',#910,#909,#1032,.T.);
#701=EDGE_CURVE('',#910,#911,#1033,.T.);
#702=EDGE_CURVE('',#911,#912,#1034,.T.);
#703=EDGE_CURVE('',#913,#912,#110,.T.);
#704=EDGE_CURVE('',#913,#851,#1035,.T.);
#705=EDGE_CURVE('',#914,#850,#1036,.T.);
#706=EDGE_CURVE('',#914,#915,#111,.T.);
#707=EDGE_CURVE('',#896,#915,#1037,.T.);
#708=EDGE_CURVE('',#870,#916,#1038,.T.);
#709=EDGE_CURVE('',#916,#917,#1039,.T.);
#710=EDGE_CURVE('',#871,#917,#1040,.T.);
#711=EDGE_CURVE('',#917,#817,#112,.T.);
#712=EDGE_CURVE('',#864,#918,#113,.T.);
#713=EDGE_CURVE('',#866,#918,#1041,.T.);
#714=EDGE_CURVE('',#918,#919,#1042,.F.);
#715=EDGE_CURVE('',#867,#919,#1043,.T.);
#716=EDGE_CURVE('',#919,#920,#114,.T.);
#717=EDGE_CURVE('',#868,#920,#1044,.T.);
#718=EDGE_CURVE('',#920,#921,#1045,.F.);
#719=EDGE_CURVE('',#869,#921,#1046,.T.);
#720=EDGE_CURVE('',#922,#853,#115,.T.);
#721=EDGE_CURVE('',#872,#922,#1047,.T.);
#722=EDGE_CURVE('',#923,#910,#1048,.T.);
#723=EDGE_CURVE('',#923,#924,#1049,.T.);
#724=EDGE_CURVE('',#873,#924,#1050,.T.);
#725=EDGE_CURVE('',#925,#922,#1051,.T.);
#726=EDGE_CURVE('',#925,#911,#1052,.T.);
#727=EDGE_CURVE('',#902,#924,#116,.T.);
#728=EDGE_CURVE('',#894,#901,#117,.T.);
#729=EDGE_CURVE('',#848,#898,#118,.T.);
#730=EDGE_CURVE('',#921,#916,#119,.T.);
#731=EDGE_CURVE('',#926,#927,#1053,.F.);
#732=EDGE_CURVE('',#927,#928,#120,.F.);
#733=EDGE_CURVE('',#928,#929,#1054,.T.);
#734=EDGE_CURVE('',#929,#930,#121,.F.);
#735=EDGE_CURVE('',#930,#931,#1055,.T.);
#736=EDGE_CURVE('',#931,#932,#122,.F.);
#737=EDGE_CURVE('',#932,#933,#1056,.F.);
#738=EDGE_CURVE('',#933,#926,#123,.F.);
#739=EDGE_CURVE('',#934,#934,#124,.T.);
#740=EDGE_CURVE('',#935,#852,#1057,.T.);
#741=EDGE_CURVE('',#935,#936,#125,.T.);
#742=EDGE_CURVE('',#925,#936,#1058,.T.);
#743=EDGE_CURVE('',#935,#913,#1059,.T.);
#744=EDGE_CURVE('',#936,#912,#1060,.T.);
#745=EDGE_CURVE('',#937,#937,#126,.T.);
#746=EDGE_CURVE('',#938,#938,#127,.T.);
#747=EDGE_CURVE('',#923,#939,#1061,.T.);
#748=EDGE_CURVE('',#940,#939,#128,.T.);
#749=EDGE_CURVE('',#940,#903,#1062,.T.);
#750=EDGE_CURVE('',#939,#909,#1063,.T.);
#751=EDGE_CURVE('',#940,#908,#1064,.T.);
#752=EDGE_CURVE('',#941,#941,#129,.T.);
#753=EDGE_CURVE('',#942,#942,#130,.T.);
#754=EDGE_CURVE('',#897,#943,#1065,.T.);
#755=EDGE_CURVE('',#944,#943,#131,.T.);
#756=EDGE_CURVE('',#944,#849,#1066,.T.);
#757=EDGE_CURVE('',#943,#915,#1067,.T.);
#758=EDGE_CURVE('',#944,#914,#1068,.T.);
#759=EDGE_CURVE('',#945,#945,#132,.T.);
#760=EDGE_CURVE('',#946,#946,#133,.T.);
#761=EDGE_CURVE('',#947,#899,#1069,.T.);
#762=EDGE_CURVE('',#947,#948,#134,.T.);
#763=EDGE_CURVE('',#893,#948,#1070,.T.);
#764=EDGE_CURVE('',#947,#907,#1071,.T.);
#765=EDGE_CURVE('',#948,#906,#1072,.T.);
#766=EDGE_CURVE('',#949,#949,#135,.T.);
#767=EDGE_CURVE('',#950,#950,#136,.F.);
#768=EDGE_CURVE('',#951,#951,#137,.T.);
#769=EDGE_CURVE('',#953,#953,#138,.T.);
#770=EDGE_CURVE('',#860,#822,#1073,.T.);
#771=EDGE_CURVE('',#861,#821,#1074,.T.);
#772=EDGE_CURVE('',#856,#826,#1075,.T.);
#773=EDGE_CURVE('',#857,#825,#1076,.T.);
#774=EDGE_CURVE('',#858,#824,#1077,.T.);
#775=EDGE_CURVE('',#859,#823,#1078,.T.);
#776=EDGE_CURVE('',#818,#863,#154,.T.);
#777=EDGE_CURVE('',#828,#954,#1079,.T.);
#778=EDGE_CURVE('',#954,#814,#1080,.T.);
#779=EDGE_CURVE('',#812,#814,#139,.T.);
#780=EDGE_CURVE('',#955,#812,#1081,.T.);
#781=EDGE_CURVE('',#956,#955,#1082,.T.);
#782=EDGE_CURVE('',#957,#956,#140,.T.);
#783=EDGE_CURVE('',#958,#957,#1083,.T.);
#784=EDGE_CURVE('',#958,#959,#141,.T.);
#785=EDGE_CURVE('',#954,#959,#1084,.T.);
#786=EDGE_CURVE('',#955,#833,#1085,.T.);
#787=EDGE_CURVE('',#960,#959,#1086,.T.);
#788=EDGE_CURVE('',#960,#961,#1087,.T.);
#789=EDGE_CURVE('',#961,#841,#1088,.T.);
#790=EDGE_CURVE('',#829,#840,#1089,.T.);
#791=EDGE_CURVE('',#830,#839,#1090,.T.);
#792=EDGE_CURVE('',#831,#838,#1091,.T.);
#793=EDGE_CURVE('',#832,#837,#1092,.T.);
#794=EDGE_CURVE('',#962,#836,#1093,.T.);
#795=EDGE_CURVE('',#962,#963,#1094,.T.);
#796=EDGE_CURVE('',#963,#956,#1095,.T.);
#797=EDGE_CURVE('',#962,#844,#1096,.T.);
#798=EDGE_CURVE('',#961,#845,#1097,.T.);
#799=EDGE_CURVE('',#960,#964,#142,.F.);
#800=EDGE_CURVE('',#965,#964,#1098,.T.);
#801=EDGE_CURVE('',#963,#965,#143,.F.);
#802=EDGE_CURVE('',#965,#957,#1099,.T.);
#803=EDGE_CURVE('',#964,#958,#1100,.T.);
#804=EDGE_CURVE('',#932,#864,#144,.T.);
#805=EDGE_CURVE('',#918,#931,#145,.T.);
#806=EDGE_CURVE('',#919,#930,#146,.T.);
#807=EDGE_CURVE('',#933,#817,#147,.T.);
#808=EDGE_CURVE('',#920,#929,#148,.T.);
#809=EDGE_CURVE('',#926,#917,#149,.T.);
#810=EDGE_CURVE('',#921,#928,#150,.T.);
#811=EDGE_CURVE('',#927,#916,#151,.T.);
#812=VERTEX_POINT('',#2297);
#813=VERTEX_POINT('',#2298);
#814=VERTEX_POINT('',#2321);
#815=VERTEX_POINT('',#2323);
#816=VERTEX_POINT('',#2347);
#817=VERTEX_POINT('',#2348);
#818=VERTEX_POINT('',#2350);
#819=VERTEX_POINT('',#2352);
#820=VERTEX_POINT('',#2354);
#821=VERTEX_POINT('',#2356);
#822=VERTEX_POINT('',#2358);
#823=VERTEX_POINT('',#2360);
#824=VERTEX_POINT('',#2362);
#825=VERTEX_POINT('',#2364);
#826=VERTEX_POINT('',#2366);
#827=VERTEX_POINT('',#2368);
#828=VERTEX_POINT('',#2373);
#829=VERTEX_POINT('',#2375);
#830=VERTEX_POINT('',#2377);
#831=VERTEX_POINT('',#2379);
#832=VERTEX_POINT('',#2381);
#833=VERTEX_POINT('',#2383);
#834=VERTEX_POINT('',#2387);
#835=VERTEX_POINT('',#2388);
#836=VERTEX_POINT('',#2390);
#837=VERTEX_POINT('',#2392);
#838=VERTEX_POINT('',#2394);
#839=VERTEX_POINT('',#2396);
#840=VERTEX_POINT('',#2398);
#841=VERTEX_POINT('',#2400);
#842=VERTEX_POINT('',#2402);
#843=VERTEX_POINT('',#2404);
#844=VERTEX_POINT('',#2409);
#845=VERTEX_POINT('',#2410);
#846=VERTEX_POINT('',#2413);
#847=VERTEX_POINT('',#2415);
#848=VERTEX_POINT('',#2417);
#849=VERTEX_POINT('',#2419);
#850=VERTEX_POINT('',#2421);
#851=VERTEX_POINT('',#2423);
#852=VERTEX_POINT('',#2425);
#853=VERTEX_POINT('',#2427);
#854=VERTEX_POINT('',#2429);
#855=VERTEX_POINT('',#2431);
#856=VERTEX_POINT('',#2433);
#857=VERTEX_POINT('',#2435);
#858=VERTEX_POINT('',#2437);
#859=VERTEX_POINT('',#2439);
#860=VERTEX_POINT('',#2441);
#861=VERTEX_POINT('',#2443);
#862=VERTEX_POINT('',#2448);
#863=VERTEX_POINT('',#2449);
#864=VERTEX_POINT('',#2451);
#865=VERTEX_POINT('',#2453);
#866=VERTEX_POINT('',#2458);
#867=VERTEX_POINT('',#2460);
#868=VERTEX_POINT('',#2462);
#869=VERTEX_POINT('',#2464);
#870=VERTEX_POINT('',#2466);
#871=VERTEX_POINT('',#2468);
#872=VERTEX_POINT('',#2472);
#873=VERTEX_POINT('',#2474);
#874=VERTEX_POINT('',#2476);
#875=VERTEX_POINT('',#2478);
#876=VERTEX_POINT('',#2480);
#877=VERTEX_POINT('',#2482);
#878=VERTEX_POINT('',#2486);
#879=VERTEX_POINT('',#2488);
#880=VERTEX_POINT('',#2490);
#881=VERTEX_POINT('',#2493);
#882=VERTEX_POINT('',#2496);
#883=VERTEX_POINT('',#2499);
#884=VERTEX_POINT('',#2501);
#885=VERTEX_POINT('',#2503);
#886=VERTEX_POINT('',#2506);
#887=VERTEX_POINT('',#2509);
#888=VERTEX_POINT('',#2512);
#889=VERTEX_POINT('',#2514);
#890=VERTEX_POINT('',#2516);
#891=VERTEX_POINT('',#2519);
#892=VERTEX_POINT('',#2522);
#893=VERTEX_POINT('',#2525);
#894=VERTEX_POINT('',#2526);
#895=VERTEX_POINT('',#2528);
#896=VERTEX_POINT('',#2530);
#897=VERTEX_POINT('',#2532);
#898=VERTEX_POINT('',#2534);
#899=VERTEX_POINT('',#2539);
#900=VERTEX_POINT('',#2540);
#901=VERTEX_POINT('',#2542);
#902=VERTEX_POINT('',#2545);
#903=VERTEX_POINT('',#2547);
#904=VERTEX_POINT('',#2549);
#905=VERTEX_POINT('',#2553);
#906=VERTEX_POINT('',#2555);
#907=VERTEX_POINT('',#2557);
#908=VERTEX_POINT('',#2560);
#909=VERTEX_POINT('',#2562);
#910=VERTEX_POINT('',#2564);
#911=VERTEX_POINT('',#2566);
#912=VERTEX_POINT('',#2568);
#913=VERTEX_POINT('',#2570);
#914=VERTEX_POINT('',#2573);
#915=VERTEX_POINT('',#2575);
#916=VERTEX_POINT('',#2579);
#917=VERTEX_POINT('',#2581);
#918=VERTEX_POINT('',#2587);
#919=VERTEX_POINT('',#2591);
#920=VERTEX_POINT('',#2595);
#921=VERTEX_POINT('',#2599);
#922=VERTEX_POINT('',#2603);
#923=VERTEX_POINT('',#2607);
#924=VERTEX_POINT('',#2609);
#925=VERTEX_POINT('',#2612);
#926=VERTEX_POINT('',#2624);
#927=VERTEX_POINT('',#2625);
#928=VERTEX_POINT('',#2627);
#929=VERTEX_POINT('',#2629);
#930=VERTEX_POINT('',#2631);
#931=VERTEX_POINT('',#2633);
#932=VERTEX_POINT('',#2635);
#933=VERTEX_POINT('',#2637);
#934=VERTEX_POINT('',#2641);
#935=VERTEX_POINT('',#2643);
#936=VERTEX_POINT('',#2645);
#937=VERTEX_POINT('',#2654);
#938=VERTEX_POINT('',#2658);
#939=VERTEX_POINT('',#2660);
#940=VERTEX_POINT('',#2662);
#941=VERTEX_POINT('',#2671);
#942=VERTEX_POINT('',#2675);
#943=VERTEX_POINT('',#2677);
#944=VERTEX_POINT('',#2679);
#945=VERTEX_POINT('',#2688);
#946=VERTEX_POINT('',#2692);
#947=VERTEX_POINT('',#2694);
#948=VERTEX_POINT('',#2696);
#949=VERTEX_POINT('',#2705);
#950=VERTEX_POINT('',#2709);
#951=VERTEX_POINT('',#2712);
#952=VERTEX_POINT('',#2714);
#953=VERTEX_POINT('',#2716);
#954=VERTEX_POINT('',#2738);
#955=VERTEX_POINT('',#2743);
#956=VERTEX_POINT('',#2745);
#957=VERTEX_POINT('',#2747);
#958=VERTEX_POINT('',#2749);
#959=VERTEX_POINT('',#2751);
#960=VERTEX_POINT('',#2757);
#961=VERTEX_POINT('',#2759);
#962=VERTEX_POINT('',#2770);
#963=VERTEX_POINT('',#2772);
#964=VERTEX_POINT('',#2778);
#965=VERTEX_POINT('',#2780);
#966=LINE('',#2296,#1101);
#967=LINE('',#2322,#1102);
#968=LINE('',#2346,#1103);
#969=LINE('',#2349,#1104);
#970=LINE('',#2353,#1105);
#971=LINE('',#2357,#1106);
#972=LINE('',#2361,#1107);
#973=LINE('',#2365,#1108);
#974=LINE('',#2369,#1109);
#975=LINE('',#2372,#1110);
#976=LINE('',#2374,#1111);
#977=LINE('',#2378,#1112);
#978=LINE('',#2382,#1113);
#979=LINE('',#2384,#1114);
#980=LINE('',#2386,#1115);
#981=LINE('',#2389,#1116);
#982=LINE('',#2391,#1117);
#983=LINE('',#2395,#1118);
#984=LINE('',#2399,#1119);
#985=LINE('',#2401,#1120);
#986=LINE('',#2403,#1121);
#987=LINE('',#2405,#1122);
#988=LINE('',#2406,#1123);
#989=LINE('',#2408,#1124);
#990=LINE('',#2411,#1125);
#991=LINE('',#2414,#1126);
#992=LINE('',#2416,#1127);
#993=LINE('',#2418,#1128);
#994=LINE('',#2420,#1129);
#995=LINE('',#2422,#1130);
#996=LINE('',#2424,#1131);
#997=LINE('',#2426,#1132);
#998=LINE('',#2428,#1133);
#999=LINE('',#2430,#1134);
#1000=LINE('',#2434,#1135);
#1001=LINE('',#2438,#1136);
#1002=LINE('',#2442,#1137);
#1003=LINE('',#2445,#1138);
#1004=LINE('',#2450,#1139);
#1005=LINE('',#2452,#1140);
#1006=LINE('',#2454,#1141);
#1007=LINE('',#2456,#1142);
#1008=LINE('',#2459,#1143);
#1009=LINE('',#2463,#1144);
#1010=LINE('',#2467,#1145);
#1011=LINE('',#2470,#1146);
#1012=LINE('',#2473,#1147);
#1013=LINE('',#2477,#1148);
#1014=LINE('',#2481,#1149);
#1015=LINE('',#2524,#1150);
#1016=LINE('',#2527,#1151);
#1017=LINE('',#2529,#1152);
#1018=LINE('',#2531,#1153);
#1019=LINE('',#2533,#1154);
#1020=LINE('',#2535,#1155);
#1021=LINE('',#2536,#1156);
#1022=LINE('',#2538,#1157);
#1023=LINE('',#2541,#1158);
#1024=LINE('',#2543,#1159);
#1025=LINE('',#2544,#1160);
#1026=LINE('',#2546,#1161);
#1027=LINE('',#2548,#1162);
#1028=LINE('',#2550,#1163);
#1029=LINE('',#2554,#1164);
#1030=LINE('',#2558,#1165);
#1031=LINE('',#2559,#1166);
#1032=LINE('',#2563,#1167);
#1033=LINE('',#2565,#1168);
#1034=LINE('',#2567,#1169);
#1035=LINE('',#2571,#1170);
#1036=LINE('',#2572,#1171);
#1037=LINE('',#2576,#1172);
#1038=LINE('',#2578,#1173);
#1039=LINE('',#2580,#1174);
#1040=LINE('',#2582,#1175);
#1041=LINE('',#2588,#1176);
#1042=LINE('',#2590,#1177);
#1043=LINE('',#2592,#1178);
#1044=LINE('',#2596,#1179);
#1045=LINE('',#2598,#1180);
#1046=LINE('',#2600,#1181);
#1047=LINE('',#2604,#1182);
#1048=LINE('',#2606,#1183);
#1049=LINE('',#2608,#1184);
#1050=LINE('',#2610,#1185);
#1051=LINE('',#2611,#1186);
#1052=LINE('',#2613,#1187);
#1053=LINE('',#2623,#1188);
#1054=LINE('',#2628,#1189);
#1055=LINE('',#2632,#1190);
#1056=LINE('',#2636,#1191);
#1057=LINE('',#2642,#1192);
#1058=LINE('',#2646,#1193);
#1059=LINE('',#2648,#1194);
#1060=LINE('',#2650,#1195);
#1061=LINE('',#2659,#1196);
#1062=LINE('',#2663,#1197);
#1063=LINE('',#2665,#1198);
#1064=LINE('',#2667,#1199);
#1065=LINE('',#2676,#1200);
#1066=LINE('',#2680,#1201);
#1067=LINE('',#2682,#1202);
#1068=LINE('',#2684,#1203);
#1069=LINE('',#2693,#1204);
#1070=LINE('',#2697,#1205);
#1071=LINE('',#2699,#1206);
#1072=LINE('',#2701,#1207);
#1073=LINE('',#2719,#1208);
#1074=LINE('',#2720,#1209);
#1075=LINE('',#2723,#1210);
#1076=LINE('',#2725,#1211);
#1077=LINE('',#2727,#1212);
#1078=LINE('',#2729,#1213);
#1079=LINE('',#2737,#1214);
#1080=LINE('',#2739,#1215);
#1081=LINE('',#2742,#1216);
#1082=LINE('',#2744,#1217);
#1083=LINE('',#2748,#1218);
#1084=LINE('',#2752,#1219);
#1085=LINE('',#2754,#1220);
#1086=LINE('',#2756,#1221);
#1087=LINE('',#2758,#1222);
#1088=LINE('',#2760,#1223);
#1089=LINE('',#2761,#1224);
#1090=LINE('',#2763,#1225);
#1091=LINE('',#2765,#1226);
#1092=LINE('',#2767,#1227);
#1093=LINE('',#2769,#1228);
#1094=LINE('',#2771,#1229);
#1095=LINE('',#2773,#1230);
#1096=LINE('',#2775,#1231);
#1097=LINE('',#2776,#1232);
#1098=LINE('',#2779,#1233);
#1099=LINE('',#2783,#1234);
#1100=LINE('',#2785,#1235);
#1101=VECTOR('',#1811,1.);
#1102=VECTOR('',#1812,1.);
#1103=VECTOR('',#1813,1.);
#1104=VECTOR('',#1814,1.);
#1105=VECTOR('',#1817,1.);
#1106=VECTOR('',#1820,1.);
#1107=VECTOR('',#1823,1.);
#1108=VECTOR('',#1826,1.);
#1109=VECTOR('',#1829,1.);
#1110=VECTOR('',#1834,1.);
#1111=VECTOR('',#1835,1.);
#1112=VECTOR('',#1838,1.);
#1113=VECTOR('',#1841,1.);
#1114=VECTOR('',#1842,1.);
#1115=VECTOR('',#1845,1.);
#1116=VECTOR('',#1846,1.);
#1117=VECTOR('',#1847,1.);
#1118=VECTOR('',#1850,1.);
#1119=VECTOR('',#1853,1.);
#1120=VECTOR('',#1854,1.);
#1121=VECTOR('',#1855,1.);
#1122=VECTOR('',#1856,1.);
#1123=VECTOR('',#1857,1.);
#1124=VECTOR('',#1860,1.);
#1125=VECTOR('',#1861,1.);
#1126=VECTOR('',#1864,1.);
#1127=VECTOR('',#1865,1.);
#1128=VECTOR('',#1866,1.);
#1129=VECTOR('',#1867,1.);
#1130=VECTOR('',#1868,1.);
#1131=VECTOR('',#1869,1.);
#1132=VECTOR('',#1870,1.);
#1133=VECTOR('',#1871,1.);
#1134=VECTOR('',#1872,1.);
#1135=VECTOR('',#1875,1.);
#1136=VECTOR('',#1878,1.);
#1137=VECTOR('',#1881,1.);
#1138=VECTOR('',#1884,1.);
#1139=VECTOR('',#1889,1.);
#1140=VECTOR('',#1890,1.);
#1141=VECTOR('',#1891,1.);
#1142=VECTOR('',#1894,1.);
#1143=VECTOR('',#1897,1.);
#1144=VECTOR('',#1900,1.);
#1145=VECTOR('',#1903,1.);
#1146=VECTOR('',#1906,1.);
#1147=VECTOR('',#1909,1.);
#1148=VECTOR('',#1912,1.);
#1149=VECTOR('',#1915,1.);
#1150=VECTOR('',#1968,1.);
#1151=VECTOR('',#1969,1.);
#1152=VECTOR('',#1970,1.);
#1153=VECTOR('',#1971,1.);
#1154=VECTOR('',#1972,1.);
#1155=VECTOR('',#1973,1.);
#1156=VECTOR('',#1974,1.);
#1157=VECTOR('',#1977,1.);
#1158=VECTOR('',#1978,1.);
#1159=VECTOR('',#1979,1.);
#1160=VECTOR('',#1980,1.);
#1161=VECTOR('',#1981,1.);
#1162=VECTOR('',#1982,1.);
#1163=VECTOR('',#1983,1.);
#1164=VECTOR('',#1988,1.);
#1165=VECTOR('',#1991,1.);
#1166=VECTOR('',#1992,1.);
#1167=VECTOR('',#1995,1.);
#1168=VECTOR('',#1996,1.);
#1169=VECTOR('',#1997,1.);
#1170=VECTOR('',#2000,1.);
#1171=VECTOR('',#2001,1.);
#1172=VECTOR('',#2004,1.);
#1173=VECTOR('',#2007,1.);
#1174=VECTOR('',#2008,1.);
#1175=VECTOR('',#2009,1.);
#1176=VECTOR('',#2018,1.);
#1177=VECTOR('',#2021,1.);
#1178=VECTOR('',#2022,1.);
#1179=VECTOR('',#2027,1.);
#1180=VECTOR('',#2030,1.);
#1181=VECTOR('',#2031,1.);
#1182=VECTOR('',#2036,1.);
#1183=VECTOR('',#2039,1.);
#1184=VECTOR('',#2040,1.);
#1185=VECTOR('',#2041,1.);
#1186=VECTOR('',#2042,1.);
#1187=VECTOR('',#2043,1.);
#1188=VECTOR('',#2062,1.);
#1189=VECTOR('',#2065,1.);
#1190=VECTOR('',#2068,1.);
#1191=VECTOR('',#2071,1.);
#1192=VECTOR('',#2078,1.);
#1193=VECTOR('',#2081,1.);
#1194=VECTOR('',#2084,1.);
#1195=VECTOR('',#2087,1.);
#1196=VECTOR('',#2100,1.);
#1197=VECTOR('',#2103,1.);
#1198=VECTOR('',#2106,1.);
#1199=VECTOR('',#2109,1.);
#1200=VECTOR('',#2122,1.);
#1201=VECTOR('',#2125,1.);
#1202=VECTOR('',#2128,1.);
#1203=VECTOR('',#2131,1.);
#1204=VECTOR('',#2144,1.);
#1205=VECTOR('',#2147,1.);
#1206=VECTOR('',#2150,1.);
#1207=VECTOR('',#2153,1.);
#1208=VECTOR('',#2178,1.);
#1209=VECTOR('',#2179,1.);
#1210=VECTOR('',#2184,1.);
#1211=VECTOR('',#2187,1.);
#1212=VECTOR('',#2190,1.);
#1213=VECTOR('',#2193,1.);
#1214=VECTOR('',#2200,1.);
#1215=VECTOR('',#2201,1.);
#1216=VECTOR('',#2206,1.);
#1217=VECTOR('',#2207,1.);
#1218=VECTOR('',#2210,1.);
#1219=VECTOR('',#2213,1.);
#1220=VECTOR('',#2216,1.);
#1221=VECTOR('',#2219,1.);
#1222=VECTOR('',#2220,1.);
#1223=VECTOR('',#2221,1.);
#1224=VECTOR('',#2222,1.);
#1225=VECTOR('',#2225,1.);
#1226=VECTOR('',#2228,1.);
#1227=VECTOR('',#2231,1.);
#1228=VECTOR('',#2234,1.);
#1229=VECTOR('',#2235,1.);
#1230=VECTOR('',#2236,1.);
#1231=VECTOR('',#2239,1.);
#1232=VECTOR('',#2240,1.);
#1233=VECTOR('',#2243,1.);
#1234=VECTOR('',#2248,1.);
#1235=VECTOR('',#2251,1.);
#1236=EDGE_LOOP('',(#155,#156,#157,#158));
#1237=EDGE_LOOP('',(#159,#160,#161,#162,#163,#164,#165,#166,#167,#168,#169,
#170));
#1238=EDGE_LOOP('',(#171,#172,#173,#174,#175,#176,#177,#178));
#1239=EDGE_LOOP('',(#179,#180,#181,#182,#183,#184,#185,#186,#187,#188,#189,
#190));
#1240=EDGE_LOOP('',(#191,#192,#193,#194,#195,#196,#197,#198,#199,#200,#201,
#202,#203,#204,#205,#206,#207,#208,#209,#210,#211,#212));
#1241=EDGE_LOOP('',(#213,#214,#215,#216));
#1242=EDGE_LOOP('',(#217,#218,#219,#220,#221,#222,#223,#224,#225,#226,#227,
#228,#229,#230,#231,#232,#233,#234,#235,#236));
#1243=EDGE_LOOP('',(#237));
#1244=EDGE_LOOP('',(#238));
#1245=EDGE_LOOP('',(#239));
#1246=EDGE_LOOP('',(#240));
#1247=EDGE_LOOP('',(#241));
#1248=EDGE_LOOP('',(#242));
#1249=EDGE_LOOP('',(#243));
#1250=EDGE_LOOP('',(#244));
#1251=EDGE_LOOP('',(#245));
#1252=EDGE_LOOP('',(#246));
#1253=EDGE_LOOP('',(#247));
#1254=EDGE_LOOP('',(#248));
#1255=EDGE_LOOP('',(#249));
#1256=EDGE_LOOP('',(#250));
#1257=EDGE_LOOP('',(#251));
#1258=EDGE_LOOP('',(#252));
#1259=EDGE_LOOP('',(#253));
#1260=EDGE_LOOP('',(#254));
#1261=EDGE_LOOP('',(#255));
#1262=EDGE_LOOP('',(#256));
#1263=EDGE_LOOP('',(#257));
#1264=EDGE_LOOP('',(#258,#259,#260,#261,#262,#263,#264,#265));
#1265=EDGE_LOOP('',(#266,#267,#268,#269,#270,#271,#272,#273));
#1266=EDGE_LOOP('',(#274));
#1267=EDGE_LOOP('',(#275));
#1268=EDGE_LOOP('',(#276));
#1269=EDGE_LOOP('',(#277));
#1270=EDGE_LOOP('',(#278,#279,#280,#281,#282,#283,#284,#285,#286,#287,#288,
#289,#290,#291,#292,#293));
#1271=EDGE_LOOP('',(#294,#295,#296,#297));
#1272=EDGE_LOOP('',(#298,#299,#300,#301));
#1273=EDGE_LOOP('',(#302,#303,#304,#305));
#1274=EDGE_LOOP('',(#306,#307,#308,#309));
#1275=EDGE_LOOP('',(#310,#311,#312,#313));
#1276=EDGE_LOOP('',(#314,#315,#316,#317));
#1277=EDGE_LOOP('',(#318,#319,#320,#321));
#1278=EDGE_LOOP('',(#322,#323,#324,#325,#326,#327,#328,#329));
#1279=EDGE_LOOP('',(#330,#331,#332,#333));
#1280=EDGE_LOOP('',(#334,#335,#336,#337));
#1281=EDGE_LOOP('',(#338,#339,#340,#341));
#1282=EDGE_LOOP('',(#342,#343,#344,#345));
#1283=EDGE_LOOP('',(#346,#347,#348,#349,#350,#351,#352,#353));
#1284=EDGE_LOOP('',(#354));
#1285=EDGE_LOOP('',(#355,#356,#357,#358,#359,#360));
#1286=EDGE_LOOP('',(#361,#362,#363,#364));
#1287=EDGE_LOOP('',(#365,#366,#367,#368));
#1288=EDGE_LOOP('',(#369,#370,#371,#372));
#1289=EDGE_LOOP('',(#373));
#1290=EDGE_LOOP('',(#374));
#1291=EDGE_LOOP('',(#375));
#1292=EDGE_LOOP('',(#376));
#1293=EDGE_LOOP('',(#377,#378,#379,#380,#381,#382));
#1294=EDGE_LOOP('',(#383,#384,#385,#386));
#1295=EDGE_LOOP('',(#387,#388,#389,#390));
#1296=EDGE_LOOP('',(#391,#392,#393,#394));
#1297=EDGE_LOOP('',(#395));
#1298=EDGE_LOOP('',(#396));
#1299=EDGE_LOOP('',(#397));
#1300=EDGE_LOOP('',(#398));
#1301=EDGE_LOOP('',(#399,#400,#401,#402,#403,#404));
#1302=EDGE_LOOP('',(#405,#406,#407,#408));
#1303=EDGE_LOOP('',(#409,#410,#411,#412));
#1304=EDGE_LOOP('',(#413,#414,#415,#416));
#1305=EDGE_LOOP('',(#417));
#1306=EDGE_LOOP('',(#418));
#1307=EDGE_LOOP('',(#419));
#1308=EDGE_LOOP('',(#420));
#1309=EDGE_LOOP('',(#421,#422,#423,#424,#425,#426));
#1310=EDGE_LOOP('',(#427,#428,#429,#430));
#1311=EDGE_LOOP('',(#431,#432,#433,#434));
#1312=EDGE_LOOP('',(#435,#436,#437,#438));
#1313=EDGE_LOOP('',(#439));
#1314=EDGE_LOOP('',(#440));
#1315=EDGE_LOOP('',(#441));
#1316=EDGE_LOOP('',(#442));
#1317=EDGE_LOOP('',(#443));
#1318=EDGE_LOOP('',(#444));
#1319=EDGE_LOOP('',(#445));
#1320=EDGE_LOOP('',(#446));
#1321=EDGE_LOOP('',(#447));
#1322=EDGE_LOOP('',(#448));
#1323=EDGE_LOOP('',(#449,#450,#451,#452));
#1324=EDGE_LOOP('',(#453,#454,#455,#456));
#1325=EDGE_LOOP('',(#457,#458,#459,#460));
#1326=EDGE_LOOP('',(#461,#462,#463,#464));
#1327=EDGE_LOOP('',(#465,#466,#467,#468));
#1328=EDGE_LOOP('',(#469,#470,#471,#472));
#1329=EDGE_LOOP('',(#473,#474,#475,#476));
#1330=EDGE_LOOP('',(#477,#478,#479,#480,#481,#482));
#1331=EDGE_LOOP('',(#483,#484,#485,#486));
#1332=EDGE_LOOP('',(#487,#488,#489,#490,#491,#492,#493,#494));
#1333=EDGE_LOOP('',(#495,#496,#497,#498));
#1334=EDGE_LOOP('',(#499,#500,#501,#502,#503,#504,#505,#506));
#1335=EDGE_LOOP('',(#507,#508,#509,#510));
#1336=EDGE_LOOP('',(#511,#512,#513,#514));
#1337=EDGE_LOOP('',(#515,#516,#517,#518));
#1338=EDGE_LOOP('',(#519,#520,#521,#522,#523,#524,#525,#526));
#1339=EDGE_LOOP('',(#527,#528,#529,#530,#531,#532,#533,#534));
#1340=EDGE_LOOP('',(#535,#536,#537,#538));
#1341=EDGE_LOOP('',(#539,#540,#541,#542));
#1342=EDGE_LOOP('',(#543,#544,#545,#546));
#1343=EDGE_LOOP('',(#547,#548,#549,#550));
#1344=EDGE_LOOP('',(#551,#552,#553,#554));
#1345=EDGE_LOOP('',(#555,#556));
#1346=EDGE_LOOP('',(#557,#558));
#1347=EDGE_LOOP('',(#559,#560,#561,#562));
#1348=EDGE_LOOP('',(#563,#564,#565,#566));
#1349=EDGE_LOOP('',(#567,#568,#569,#570,#571,#572));
#1350=EDGE_LOOP('',(#573,#574,#575,#576));
#1351=EDGE_LOOP('',(#577,#578,#579,#580));
#1352=EDGE_LOOP('',(#581,#582,#583,#584));
#1353=EDGE_LOOP('',(#585,#586,#587,#588));
#1354=EDGE_LOOP('',(#589,#590,#591,#592));
#1355=FACE_BOUND('',#1236,.T.);
#1356=FACE_BOUND('',#1237,.T.);
#1357=FACE_BOUND('',#1238,.T.);
#1358=FACE_BOUND('',#1239,.T.);
#1359=FACE_BOUND('',#1240,.T.);
#1360=FACE_BOUND('',#1241,.T.);
#1361=FACE_BOUND('',#1242,.T.);
#1362=FACE_BOUND('',#1243,.T.);
#1363=FACE_BOUND('',#1244,.T.);
#1364=FACE_BOUND('',#26,.T.);
#1365=FACE_BOUND('',#1245,.T.);
#1366=FACE_BOUND('',#1246,.T.);
#1367=FACE_BOUND('',#1247,.T.);
#1368=FACE_BOUND('',#1248,.T.);
#1369=FACE_BOUND('',#1249,.T.);
#1370=FACE_BOUND('',#1250,.T.);
#1371=FACE_BOUND('',#1251,.T.);
#1372=FACE_BOUND('',#27,.T.);
#1373=FACE_BOUND('',#1252,.T.);
#1374=FACE_BOUND('',#1253,.T.);
#1375=FACE_BOUND('',#1254,.T.);
#1376=FACE_BOUND('',#1255,.T.);
#1377=FACE_BOUND('',#1256,.T.);
#1378=FACE_BOUND('',#1257,.T.);
#1379=FACE_BOUND('',#1258,.T.);
#1380=FACE_BOUND('',#28,.T.);
#1381=FACE_BOUND('',#1259,.T.);
#1382=FACE_BOUND('',#1260,.T.);
#1383=FACE_BOUND('',#1261,.T.);
#1384=FACE_BOUND('',#1262,.T.);
#1385=FACE_BOUND('',#1263,.T.);
#1386=FACE_BOUND('',#1264,.T.);
#1387=FACE_BOUND('',#1265,.T.);
#1388=FACE_BOUND('',#1266,.T.);
#1389=FACE_BOUND('',#1267,.T.);
#1390=FACE_BOUND('',#1268,.T.);
#1391=FACE_BOUND('',#1269,.T.);
#1392=FACE_BOUND('',#1270,.T.);
#1393=FACE_BOUND('',#1271,.T.);
#1394=FACE_BOUND('',#1272,.T.);
#1395=FACE_BOUND('',#1273,.T.);
#1396=FACE_BOUND('',#1274,.T.);
#1397=FACE_BOUND('',#1275,.T.);
#1398=FACE_BOUND('',#1276,.T.);
#1399=FACE_BOUND('',#1277,.T.);
#1400=FACE_BOUND('',#1278,.T.);
#1401=FACE_BOUND('',#1279,.T.);
#1402=FACE_BOUND('',#1280,.T.);
#1403=FACE_BOUND('',#1281,.T.);
#1404=FACE_BOUND('',#1282,.T.);
#1405=FACE_BOUND('',#1283,.T.);
#1406=FACE_BOUND('',#1284,.T.);
#1407=FACE_BOUND('',#1285,.T.);
#1408=FACE_BOUND('',#1286,.T.);
#1409=FACE_BOUND('',#1287,.T.);
#1410=FACE_BOUND('',#1288,.T.);
#1411=FACE_BOUND('',#1289,.T.);
#1412=FACE_BOUND('',#1290,.T.);
#1413=FACE_BOUND('',#1291,.T.);
#1414=FACE_BOUND('',#1292,.T.);
#1415=FACE_BOUND('',#1293,.T.);
#1416=FACE_BOUND('',#1294,.T.);
#1417=FACE_BOUND('',#1295,.T.);
#1418=FACE_BOUND('',#1296,.T.);
#1419=FACE_BOUND('',#1297,.T.);
#1420=FACE_BOUND('',#1298,.T.);
#1421=FACE_BOUND('',#1299,.T.);
#1422=FACE_BOUND('',#1300,.T.);
#1423=FACE_BOUND('',#1301,.T.);
#1424=FACE_BOUND('',#1302,.T.);
#1425=FACE_BOUND('',#1303,.T.);
#1426=FACE_BOUND('',#1304,.T.);
#1427=FACE_BOUND('',#1305,.T.);
#1428=FACE_BOUND('',#1306,.T.);
#1429=FACE_BOUND('',#1307,.T.);
#1430=FACE_BOUND('',#1308,.T.);
#1431=FACE_BOUND('',#1309,.T.);
#1432=FACE_BOUND('',#1310,.T.);
#1433=FACE_BOUND('',#1311,.T.);
#1434=FACE_BOUND('',#1312,.T.);
#1435=FACE_BOUND('',#1313,.T.);
#1436=FACE_BOUND('',#1314,.T.);
#1437=FACE_BOUND('',#1315,.T.);
#1438=FACE_BOUND('',#1316,.T.);
#1439=FACE_BOUND('',#1317,.T.);
#1440=FACE_BOUND('',#1318,.T.);
#1441=FACE_BOUND('',#1319,.T.);
#1442=FACE_BOUND('',#29,.T.);
#1443=FACE_BOUND('',#1320,.T.);
#1444=FACE_BOUND('',#1321,.T.);
#1445=FACE_BOUND('',#1322,.T.);
#1446=FACE_BOUND('',#1323,.T.);
#1447=FACE_BOUND('',#1324,.T.);
#1448=FACE_BOUND('',#1325,.T.);
#1449=FACE_BOUND('',#1326,.T.);
#1450=FACE_BOUND('',#1327,.T.);
#1451=FACE_BOUND('',#1328,.T.);
#1452=FACE_BOUND('',#1329,.T.);
#1453=FACE_BOUND('',#1330,.T.);
#1454=FACE_BOUND('',#1331,.T.);
#1455=FACE_BOUND('',#1332,.T.);
#1456=FACE_BOUND('',#1333,.T.);
#1457=FACE_BOUND('',#1334,.T.);
#1458=FACE_BOUND('',#1335,.T.);
#1459=FACE_BOUND('',#1336,.T.);
#1460=FACE_BOUND('',#1337,.T.);
#1461=FACE_BOUND('',#1338,.T.);
#1462=FACE_BOUND('',#1339,.T.);
#1463=FACE_BOUND('',#1340,.T.);
#1464=FACE_BOUND('',#1341,.T.);
#1465=FACE_BOUND('',#1342,.T.);
#1466=FACE_BOUND('',#1343,.T.);
#1467=FACE_BOUND('',#1344,.T.);
#1468=FACE_BOUND('',#1345,.T.);
#1469=FACE_BOUND('',#1346,.T.);
#1470=FACE_BOUND('',#1347,.T.);
#1471=FACE_BOUND('',#1348,.T.);
#1472=FACE_BOUND('',#1349,.T.);
#1473=FACE_BOUND('',#1350,.T.);
#1474=FACE_BOUND('',#1351,.T.);
#1475=FACE_BOUND('',#1352,.T.);
#1476=FACE_BOUND('',#1353,.T.);
#1477=FACE_BOUND('',#1354,.T.);
#1478=PLANE('',#1632);
#1479=PLANE('',#1638);
#1480=PLANE('',#1642);
#1481=PLANE('',#1645);
#1482=PLANE('',#1651);
#1483=PLANE('',#1653);
#1484=PLANE('',#1666);
#1485=PLANE('',#1674);
#1486=PLANE('',#1682);
#1487=PLANE('',#1686);
#1488=PLANE('',#1687);
#1489=PLANE('',#1688);
#1490=PLANE('',#1694);
#1491=PLANE('',#1699);
#1492=PLANE('',#1702);
#1493=PLANE('',#1705);
#1494=PLANE('',#1714);
#1495=PLANE('',#1719);
#1496=PLANE('',#1722);
#1497=PLANE('',#1724);
#1498=PLANE('',#1725);
#1499=PLANE('',#1728);
#1500=PLANE('',#1731);
#1501=PLANE('',#1733);
#1502=PLANE('',#1734);
#1503=PLANE('',#1737);
#1504=PLANE('',#1740);
#1505=PLANE('',#1742);
#1506=PLANE('',#1743);
#1507=PLANE('',#1746);
#1508=PLANE('',#1749);
#1509=PLANE('',#1751);
#1510=PLANE('',#1752);
#1511=PLANE('',#1757);
#1512=PLANE('',#1762);
#1513=PLANE('',#1765);
#1514=PLANE('',#1767);
#1515=PLANE('',#1770);
#1516=PLANE('',#1771);
#1517=PLANE('',#1775);
#1518=PLANE('',#1776);
#1519=PLANE('',#1778);
#1520=PLANE('',#1780);
#1521=PLANE('',#1781);
#1522=PLANE('',#1785);
#1523=PLANE('',#1787);
#1524=PLANE('',#1788);
#1525=ADVANCED_FACE('',(#1355,#1356),#1478,.F.);
#1526=ADVANCED_FACE('',(#1357),#1479,.F.);
#1527=ADVANCED_FACE('',(#1358),#1480,.T.);
#1528=ADVANCED_FACE('',(#1359),#1481,.T.);
#1529=ADVANCED_FACE('',(#1360),#1482,.F.);
#1530=ADVANCED_FACE('',(#1361),#1483,.T.);
#1531=ADVANCED_FACE('',(#1362,#1363),#38,.F.);
#1532=ADVANCED_FACE('',(#1364,#1365),#30,.F.);
#1533=ADVANCED_FACE('',(#1366,#1367),#1484,.T.);
#1534=ADVANCED_FACE('',(#1368,#1369),#31,.T.);
#1535=ADVANCED_FACE('',(#1370,#1371),#39,.F.);
#1536=ADVANCED_FACE('',(#1372,#1373),#32,.F.);
#1537=ADVANCED_FACE('',(#1374,#1375),#1485,.T.);
#1538=ADVANCED_FACE('',(#1376,#1377),#33,.T.);
#1539=ADVANCED_FACE('',(#1378,#1379),#40,.F.);
#1540=ADVANCED_FACE('',(#1380,#1381),#34,.F.);
#1541=ADVANCED_FACE('',(#1382,#1383),#1486,.T.);
#1542=ADVANCED_FACE('',(#1384,#1385),#35,.T.);
#1543=ADVANCED_FACE('',(#1386),#1487,.F.);
#1544=ADVANCED_FACE('',(#1387),#1488,.F.);
#1545=ADVANCED_FACE('',(#1388,#1389,#1390,#1391,#1392),#1489,.T.);
#1546=ADVANCED_FACE('',(#1393),#1490,.F.);
#1547=ADVANCED_FACE('',(#1394),#41,.T.);
#1548=ADVANCED_FACE('',(#1395),#42,.T.);
#1549=ADVANCED_FACE('',(#1396),#1491,.T.);
#1550=ADVANCED_FACE('',(#1397),#43,.T.);
#1551=ADVANCED_FACE('',(#1398),#1492,.T.);
#1552=ADVANCED_FACE('',(#1399),#44,.F.);
#1553=ADVANCED_FACE('',(#1400),#1493,.T.);
#1554=ADVANCED_FACE('',(#1401),#45,.F.);
#1555=ADVANCED_FACE('',(#1402),#46,.F.);
#1556=ADVANCED_FACE('',(#1403),#47,.F.);
#1557=ADVANCED_FACE('',(#1404),#48,.T.);
#1558=ADVANCED_FACE('',(#1405),#1494,.F.);
#1559=ADVANCED_FACE('',(#1406,#1407),#1495,.T.);
#1560=ADVANCED_FACE('',(#1408),#1496,.T.);
#1561=ADVANCED_FACE('',(#1409),#49,.T.);
#1562=ADVANCED_FACE('',(#1410),#1497,.T.);
#1563=ADVANCED_FACE('',(#1411),#1498,.T.);
#1564=ADVANCED_FACE('',(#1412,#1413),#50,.F.);
#1565=ADVANCED_FACE('',(#1414,#1415),#1499,.T.);
#1566=ADVANCED_FACE('',(#1416),#1500,.F.);
#1567=ADVANCED_FACE('',(#1417),#51,.T.);
#1568=ADVANCED_FACE('',(#1418),#1501,.F.);
#1569=ADVANCED_FACE('',(#1419),#1502,.T.);
#1570=ADVANCED_FACE('',(#1420,#1421),#52,.F.);
#1571=ADVANCED_FACE('',(#1422,#1423),#1503,.T.);
#1572=ADVANCED_FACE('',(#1424),#1504,.F.);
#1573=ADVANCED_FACE('',(#1425),#53,.T.);
#1574=ADVANCED_FACE('',(#1426),#1505,.F.);
#1575=ADVANCED_FACE('',(#1427),#1506,.T.);
#1576=ADVANCED_FACE('',(#1428,#1429),#54,.F.);
#1577=ADVANCED_FACE('',(#1430,#1431),#1507,.T.);
#1578=ADVANCED_FACE('',(#1432),#1508,.T.);
#1579=ADVANCED_FACE('',(#1433),#55,.T.);
#1580=ADVANCED_FACE('',(#1434),#1509,.T.);
#1581=ADVANCED_FACE('',(#1435),#1510,.T.);
#1582=ADVANCED_FACE('',(#1436,#1437),#56,.F.);
#1583=ADVANCED_FACE('',(#1438,#1439),#36,.T.);
#1584=ADVANCED_FACE('',(#1440,#1441),#1511,.T.);
#1585=ADVANCED_FACE('',(#1442,#1443),#37,.F.);
#1586=ADVANCED_FACE('',(#1444,#1445),#57,.F.);
#1587=ADVANCED_FACE('',(#1446),#1512,.T.);
#1588=ADVANCED_FACE('',(#1447),#58,.F.);
#1589=ADVANCED_FACE('',(#1448),#59,.F.);
#1590=ADVANCED_FACE('',(#1449),#1513,.F.);
#1591=ADVANCED_FACE('',(#1450),#60,.F.);
#1592=ADVANCED_FACE('',(#1451),#1514,.F.);
#1593=ADVANCED_FACE('',(#1452),#61,.F.);
#1594=ADVANCED_FACE('',(#1453),#62,.F.);
#1595=ADVANCED_FACE('',(#1454),#1515,.T.);
#1596=ADVANCED_FACE('',(#1455),#1516,.T.);
#1597=ADVANCED_FACE('',(#1456),#1517,.T.);
#1598=ADVANCED_FACE('',(#1457),#1518,.F.);
#1599=ADVANCED_FACE('',(#1458),#63,.T.);
#1600=ADVANCED_FACE('',(#1459),#1519,.F.);
#1601=ADVANCED_FACE('',(#1460),#64,.F.);
#1602=ADVANCED_FACE('',(#1461),#1520,.F.);
#1603=ADVANCED_FACE('',(#1462),#1521,.T.);
#1604=ADVANCED_FACE('',(#1463),#65,.F.);
#1605=ADVANCED_FACE('',(#1464),#1522,.F.);
#1606=ADVANCED_FACE('',(#1465),#66,.T.);
#1607=ADVANCED_FACE('',(#1466),#1523,.F.);
#1608=ADVANCED_FACE('',(#1467),#1524,.T.);
#1609=ADVANCED_FACE('',(#1468),#24,.F.);
#1610=ADVANCED_FACE('',(#1469),#25,.F.);
#1611=ADVANCED_FACE('',(#1470),#20,.T.);
#1612=ADVANCED_FACE('',(#1471),#67,.T.);
#1613=ADVANCED_FACE('',(#1472),#68,.T.);
#1614=ADVANCED_FACE('',(#1473),#21,.T.);
#1615=ADVANCED_FACE('',(#1474),#22,.T.);
#1616=ADVANCED_FACE('',(#1475),#69,.T.);
#1617=ADVANCED_FACE('',(#1476),#70,.T.);
#1618=ADVANCED_FACE('',(#1477),#23,.T.);
#1619=CLOSED_SHELL('',(#1525,#1526,#1527,#1528,#1529,#1530,#1531,#1532,
#1533,#1534,#1535,#1536,#1537,#1538,#1539,#1540,#1541,#1542,#1543,#1544,
#1545,#1546,#1547,#1548,#1549,#1550,#1551,#1552,#1553,#1554,#1555,#1556,
#1557,#1558,#1559,#1560,#1561,#1562,#1563,#1564,#1565,#1566,#1567,#1568,
#1569,#1570,#1571,#1572,#1573,#1574,#1575,#1576,#1577,#1578,#1579,#1580,
#1581,#1582,#1583,#1584,#1585,#1586,#1587,#1588,#1589,#1590,#1591,#1592,
#1593,#1594,#1595,#1596,#1597,#1598,#1599,#1600,#1601,#1602,#1603,#1604,
#1605,#1606,#1607,#1608,#1609,#1610,#1611,#1612,#1613,#1614,#1615,#1616,
#1617,#1618));
#1620=STYLED_ITEM('',(#1621),#1628);
#1621=PRESENTATION_STYLE_ASSIGNMENT((#1622));
#1622=SURFACE_STYLE_USAGE(.BOTH.,#1623);
#1623=SURFACE_SIDE_STYLE('',(#1624));
#1624=SURFACE_STYLE_FILL_AREA(#1625);
#1625=FILL_AREA_STYLE('',(#1626));
#1626=FILL_AREA_STYLE_COLOUR('',#1627);
#1627=COLOUR_RGB('',0.129411764705882,0.113725490196078,0.113725490196078);
#1628=MANIFOLD_SOLID_BREP('BottomHalf',#1619);
#1629=SHAPE_DEFINITION_REPRESENTATION(#2813,#1630);
#1630=SHAPE_REPRESENTATION('BottomHalf',(#1631),#2808);
#1631=AXIS2_PLACEMENT_3D('',#2294,#1807,#1808);
#1632=AXIS2_PLACEMENT_3D('',#2295,#1809,#1810);
#1633=AXIS2_PLACEMENT_3D('',#2351,#1815,#1816);
#1634=AXIS2_PLACEMENT_3D('',#2355,#1818,#1819);
#1635=AXIS2_PLACEMENT_3D('',#2359,#1821,#1822);
#1636=AXIS2_PLACEMENT_3D('',#2363,#1824,#1825);
#1637=AXIS2_PLACEMENT_3D('',#2367,#1827,#1828);
#1638=AXIS2_PLACEMENT_3D('',#2370,#1830,#1831);
#1639=AXIS2_PLACEMENT_3D('',#2371,#1832,#1833);
#1640=AXIS2_PLACEMENT_3D('',#2376,#1836,#1837);
#1641=AXIS2_PLACEMENT_3D('',#2380,#1839,#1840);
#1642=AXIS2_PLACEMENT_3D('',#2385,#1843,#1844);
#1643=AXIS2_PLACEMENT_3D('',#2393,#1848,#1849);
#1644=AXIS2_PLACEMENT_3D('',#2397,#1851,#1852);
#1645=AXIS2_PLACEMENT_3D('',#2407,#1858,#1859);
#1646=AXIS2_PLACEMENT_3D('',#2412,#1862,#1863);
#1647=AXIS2_PLACEMENT_3D('',#2432,#1873,#1874);
#1648=AXIS2_PLACEMENT_3D('',#2436,#1876,#1877);
#1649=AXIS2_PLACEMENT_3D('',#2440,#1879,#1880);
#1650=AXIS2_PLACEMENT_3D('',#2444,#1882,#1883);
#1651=AXIS2_PLACEMENT_3D('',#2446,#1885,#1886);
#1652=AXIS2_PLACEMENT_3D('',#2447,#1887,#1888);
#1653=AXIS2_PLACEMENT_3D('',#2455,#1892,#1893);
#1654=AXIS2_PLACEMENT_3D('',#2457,#1895,#1896);
#1655=AXIS2_PLACEMENT_3D('',#2461,#1898,#1899);
#1656=AXIS2_PLACEMENT_3D('',#2465,#1901,#1902);
#1657=AXIS2_PLACEMENT_3D('',#2469,#1904,#1905);
#1658=AXIS2_PLACEMENT_3D('',#2471,#1907,#1908);
#1659=AXIS2_PLACEMENT_3D('',#2475,#1910,#1911);
#1660=AXIS2_PLACEMENT_3D('',#2479,#1913,#1914);
#1661=AXIS2_PLACEMENT_3D('',#2483,#1916,#1917);
#1662=AXIS2_PLACEMENT_3D('',#2484,#1918,#1919);
#1663=AXIS2_PLACEMENT_3D('',#2485,#1920,#1921);
#1664=AXIS2_PLACEMENT_3D('',#2487,#1922,#1923);
#1665=AXIS2_PLACEMENT_3D('',#2489,#1924,#1925);
#1666=AXIS2_PLACEMENT_3D('',#2491,#1926,#1927);
#1667=AXIS2_PLACEMENT_3D('',#2492,#1928,#1929);
#1668=AXIS2_PLACEMENT_3D('',#2494,#1930,#1931);
#1669=AXIS2_PLACEMENT_3D('',#2495,#1932,#1933);
#1670=AXIS2_PLACEMENT_3D('',#2497,#1934,#1935);
#1671=AXIS2_PLACEMENT_3D('',#2498,#1936,#1937);
#1672=AXIS2_PLACEMENT_3D('',#2500,#1938,#1939);
#1673=AXIS2_PLACEMENT_3D('',#2502,#1940,#1941);
#1674=AXIS2_PLACEMENT_3D('',#2504,#1942,#1943);
#1675=AXIS2_PLACEMENT_3D('',#2505,#1944,#1945);
#1676=AXIS2_PLACEMENT_3D('',#2507,#1946,#1947);
#1677=AXIS2_PLACEMENT_3D('',#2508,#1948,#1949);
#1678=AXIS2_PLACEMENT_3D('',#2510,#1950,#1951);
#1679=AXIS2_PLACEMENT_3D('',#2511,#1952,#1953);
#1680=AXIS2_PLACEMENT_3D('',#2513,#1954,#1955);
#1681=AXIS2_PLACEMENT_3D('',#2515,#1956,#1957);
#1682=AXIS2_PLACEMENT_3D('',#2517,#1958,#1959);
#1683=AXIS2_PLACEMENT_3D('',#2518,#1960,#1961);
#1684=AXIS2_PLACEMENT_3D('',#2520,#1962,#1963);
#1685=AXIS2_PLACEMENT_3D('',#2521,#1964,#1965);
#1686=AXIS2_PLACEMENT_3D('',#2523,#1966,#1967);
#1687=AXIS2_PLACEMENT_3D('',#2537,#1975,#1976);
#1688=AXIS2_PLACEMENT_3D('',#2551,#1984,#1985);
#1689=AXIS2_PLACEMENT_3D('',#2552,#1986,#1987);
#1690=AXIS2_PLACEMENT_3D('',#2556,#1989,#1990);
#1691=AXIS2_PLACEMENT_3D('',#2561,#1993,#1994);
#1692=AXIS2_PLACEMENT_3D('',#2569,#1998,#1999);
#1693=AXIS2_PLACEMENT_3D('',#2574,#2002,#2003);
#1694=AXIS2_PLACEMENT_3D('',#2577,#2005,#2006);
#1695=AXIS2_PLACEMENT_3D('',#2583,#2010,#2011);
#1696=AXIS2_PLACEMENT_3D('',#2584,#2012,#2013);
#1697=AXIS2_PLACEMENT_3D('',#2585,#2014,#2015);
#1698=AXIS2_PLACEMENT_3D('',#2586,#2016,#2017);
#1699=AXIS2_PLACEMENT_3D('',#2589,#2019,#2020);
#1700=AXIS2_PLACEMENT_3D('',#2593,#2023,#2024);
#1701=AXIS2_PLACEMENT_3D('',#2594,#2025,#2026);
#1702=AXIS2_PLACEMENT_3D('',#2597,#2028,#2029);
#1703=AXIS2_PLACEMENT_3D('',#2601,#2032,#2033);
#1704=AXIS2_PLACEMENT_3D('',#2602,#2034,#2035);
#1705=AXIS2_PLACEMENT_3D('',#2605,#2037,#2038);
#1706=AXIS2_PLACEMENT_3D('',#2614,#2044,#2045);
#1707=AXIS2_PLACEMENT_3D('',#2615,#2046,#2047);
#1708=AXIS2_PLACEMENT_3D('',#2616,#2048,#2049);
#1709=AXIS2_PLACEMENT_3D('',#2617,#2050,#2051);
#1710=AXIS2_PLACEMENT_3D('',#2618,#2052,#2053);
#1711=AXIS2_PLACEMENT_3D('',#2619,#2054,#2055);
#1712=AXIS2_PLACEMENT_3D('',#2620,#2056,#2057);
#1713=AXIS2_PLACEMENT_3D('',#2621,#2058,#2059);
#1714=AXIS2_PLACEMENT_3D('',#2622,#2060,#2061);
#1715=AXIS2_PLACEMENT_3D('',#2626,#2063,#2064);
#1716=AXIS2_PLACEMENT_3D('',#2630,#2066,#2067);
#1717=AXIS2_PLACEMENT_3D('',#2634,#2069,#2070);
#1718=AXIS2_PLACEMENT_3D('',#2638,#2072,#2073);
#1719=AXIS2_PLACEMENT_3D('',#2639,#2074,#2075);
#1720=AXIS2_PLACEMENT_3D('',#2640,#2076,#2077);
#1721=AXIS2_PLACEMENT_3D('',#2644,#2079,#2080);
#1722=AXIS2_PLACEMENT_3D('',#2647,#2082,#2083);
#1723=AXIS2_PLACEMENT_3D('',#2649,#2085,#2086);
#1724=AXIS2_PLACEMENT_3D('',#2651,#2088,#2089);
#1725=AXIS2_PLACEMENT_3D('',#2652,#2090,#2091);
#1726=AXIS2_PLACEMENT_3D('',#2653,#2092,#2093);
#1727=AXIS2_PLACEMENT_3D('',#2655,#2094,#2095);
#1728=AXIS2_PLACEMENT_3D('',#2656,#2096,#2097);
#1729=AXIS2_PLACEMENT_3D('',#2657,#2098,#2099);
#1730=AXIS2_PLACEMENT_3D('',#2661,#2101,#2102);
#1731=AXIS2_PLACEMENT_3D('',#2664,#2104,#2105);
#1732=AXIS2_PLACEMENT_3D('',#2666,#2107,#2108);
#1733=AXIS2_PLACEMENT_3D('',#2668,#2110,#2111);
#1734=AXIS2_PLACEMENT_3D('',#2669,#2112,#2113);
#1735=AXIS2_PLACEMENT_3D('',#2670,#2114,#2115);
#1736=AXIS2_PLACEMENT_3D('',#2672,#2116,#2117);
#1737=AXIS2_PLACEMENT_3D('',#2673,#2118,#2119);
#1738=AXIS2_PLACEMENT_3D('',#2674,#2120,#2121);
#1739=AXIS2_PLACEMENT_3D('',#2678,#2123,#2124);
#1740=AXIS2_PLACEMENT_3D('',#2681,#2126,#2127);
#1741=AXIS2_PLACEMENT_3D('',#2683,#2129,#2130);
#1742=AXIS2_PLACEMENT_3D('',#2685,#2132,#2133);
#1743=AXIS2_PLACEMENT_3D('',#2686,#2134,#2135);
#1744=AXIS2_PLACEMENT_3D('',#2687,#2136,#2137);
#1745=AXIS2_PLACEMENT_3D('',#2689,#2138,#2139);
#1746=AXIS2_PLACEMENT_3D('',#2690,#2140,#2141);
#1747=AXIS2_PLACEMENT_3D('',#2691,#2142,#2143);
#1748=AXIS2_PLACEMENT_3D('',#2695,#2145,#2146);
#1749=AXIS2_PLACEMENT_3D('',#2698,#2148,#2149);
#1750=AXIS2_PLACEMENT_3D('',#2700,#2151,#2152);
#1751=AXIS2_PLACEMENT_3D('',#2702,#2154,#2155);
#1752=AXIS2_PLACEMENT_3D('',#2703,#2156,#2157);
#1753=AXIS2_PLACEMENT_3D('',#2704,#2158,#2159);
#1754=AXIS2_PLACEMENT_3D('',#2706,#2160,#2161);
#1755=AXIS2_PLACEMENT_3D('',#2707,#2162,#2163);
#1756=AXIS2_PLACEMENT_3D('',#2708,#2164,#2165);
#1757=AXIS2_PLACEMENT_3D('',#2710,#2166,#2167);
#1758=AXIS2_PLACEMENT_3D('',#2711,#2168,#2169);
#1759=AXIS2_PLACEMENT_3D('',#2713,#2170,#2171);
#1760=AXIS2_PLACEMENT_3D('',#2715,#2172,#2173);
#1761=AXIS2_PLACEMENT_3D('',#2717,#2174,#2175);
#1762=AXIS2_PLACEMENT_3D('',#2718,#2176,#2177);
#1763=AXIS2_PLACEMENT_3D('',#2721,#2180,#2181);
#1764=AXIS2_PLACEMENT_3D('',#2722,#2182,#2183);
#1765=AXIS2_PLACEMENT_3D('',#2724,#2185,#2186);
#1766=AXIS2_PLACEMENT_3D('',#2726,#2188,#2189);
#1767=AXIS2_PLACEMENT_3D('',#2728,#2191,#2192);
#1768=AXIS2_PLACEMENT_3D('',#2730,#2194,#2195);
#1769=AXIS2_PLACEMENT_3D('',#2731,#2196,#2197);
#1770=AXIS2_PLACEMENT_3D('',#2736,#2198,#2199);
#1771=AXIS2_PLACEMENT_3D('',#2740,#2202,#2203);
#1772=AXIS2_PLACEMENT_3D('',#2741,#2204,#2205);
#1773=AXIS2_PLACEMENT_3D('',#2746,#2208,#2209);
#1774=AXIS2_PLACEMENT_3D('',#2750,#2211,#2212);
#1775=AXIS2_PLACEMENT_3D('',#2753,#2214,#2215);
#1776=AXIS2_PLACEMENT_3D('',#2755,#2217,#2218);
#1777=AXIS2_PLACEMENT_3D('',#2762,#2223,#2224);
#1778=AXIS2_PLACEMENT_3D('',#2764,#2226,#2227);
#1779=AXIS2_PLACEMENT_3D('',#2766,#2229,#2230);
#1780=AXIS2_PLACEMENT_3D('',#2768,#2232,#2233);
#1781=AXIS2_PLACEMENT_3D('',#2774,#2237,#2238);
#1782=AXIS2_PLACEMENT_3D('',#2777,#2241,#2242);
#1783=AXIS2_PLACEMENT_3D('',#2781,#2244,#2245);
#1784=AXIS2_PLACEMENT_3D('',#2782,#2246,#2247);
#1785=AXIS2_PLACEMENT_3D('',#2784,#2249,#2250);
#1786=AXIS2_PLACEMENT_3D('',#2786,#2252,#2253);
#1787=AXIS2_PLACEMENT_3D('',#2787,#2254,#2255);
#1788=AXIS2_PLACEMENT_3D('',#2788,#2256,#2257);
#1789=AXIS2_PLACEMENT_3D('',#2789,#2258,#2259);
#1790=AXIS2_PLACEMENT_3D('',#2790,#2260,#2261);
#1791=AXIS2_PLACEMENT_3D('',#2791,#2262,#2263);
#1792=AXIS2_PLACEMENT_3D('',#2792,#2264,#2265);
#1793=AXIS2_PLACEMENT_3D('',#2793,#2266,#2267);
#1794=AXIS2_PLACEMENT_3D('',#2794,#2268,#2269);
#1795=AXIS2_PLACEMENT_3D('',#2795,#2270,#2271);
#1796=AXIS2_PLACEMENT_3D('',#2796,#2272,#2273);
#1797=AXIS2_PLACEMENT_3D('',#2797,#2274,#2275);
#1798=AXIS2_PLACEMENT_3D('',#2798,#2276,#2277);
#1799=AXIS2_PLACEMENT_3D('',#2799,#2278,#2279);
#1800=AXIS2_PLACEMENT_3D('',#2800,#2280,#2281);
#1801=AXIS2_PLACEMENT_3D('',#2801,#2282,#2283);
#1802=AXIS2_PLACEMENT_3D('',#2802,#2284,#2285);
#1803=AXIS2_PLACEMENT_3D('',#2803,#2286,#2287);
#1804=AXIS2_PLACEMENT_3D('',#2804,#2288,#2289);
#1805=AXIS2_PLACEMENT_3D('',#2805,#2290,#2291);
#1806=AXIS2_PLACEMENT_3D('',#2806,#2292,#2293);
#1807=DIRECTION('',(0.,0.,1.));
#1808=DIRECTION('',(1.,0.,0.));
#1809=DIRECTION('',(1.,-9.91270557701033E-17,0.));
#1810=DIRECTION('',(9.91270557701033E-17,1.,0.));
#1811=DIRECTION('',(0.,0.,1.));
#1812=DIRECTION('',(0.,0.,-1.));
#1813=DIRECTION('',(0.,0.,-1.));
#1814=DIRECTION('',(-9.91270557701033E-17,-1.,0.));
#1815=DIRECTION('',(1.,-9.91270557701033E-17,0.));
#1816=DIRECTION('',(9.91270557701033E-17,1.,0.));
#1817=DIRECTION('',(-9.91270557701033E-17,-1.,0.));
#1818=DIRECTION('',(1.,-9.91270557701033E-17,0.));
#1819=DIRECTION('',(-9.91270557701033E-17,-1.,0.));
#1820=DIRECTION('',(5.73193435829523E-31,5.78241158658924E-15,-1.));
#1821=DIRECTION('',(1.,-9.91270557701033E-17,0.));
#1822=DIRECTION('',(-9.91270557701033E-17,-1.,0.));
#1823=DIRECTION('',(-9.91270557701033E-17,-1.,0.));
#1824=DIRECTION('',(-1.,9.91270557701033E-17,0.));
#1825=DIRECTION('',(-9.91270557701033E-17,-1.,0.));
#1826=DIRECTION('',(0.,0.,-1.));
#1827=DIRECTION('',(-1.,9.91270557701033E-17,0.));
#1828=DIRECTION('',(-9.91270557701033E-17,-1.,0.));
#1829=DIRECTION('',(-9.91270557701033E-17,-1.,0.));
#1830=DIRECTION('',(0.,0.,1.));
#1831=DIRECTION('',(1.,0.,0.));
#1832=DIRECTION('',(0.,0.,1.));
#1833=DIRECTION('',(1.,0.,0.));
#1834=DIRECTION('',(-1.,9.91270557701033E-17,0.));
#1835=DIRECTION('',(0.,-1.,0.));
#1836=DIRECTION('',(0.,0.,1.));
#1837=DIRECTION('',(1.,0.,0.));
#1838=DIRECTION('',(-0.201652895644032,-0.979457048409157,0.));
#1839=DIRECTION('',(0.,0.,1.));
#1840=DIRECTION('',(1.,0.,0.));
#1841=DIRECTION('',(0.,-1.,0.));
#1842=DIRECTION('',(-1.,9.91270557701033E-17,0.));
#1843=DIRECTION('',(0.,0.,1.));
#1844=DIRECTION('',(1.,0.,0.));
#1845=DIRECTION('',(-1.020425574104E-16,-1.,0.));
#1846=DIRECTION('',(-1.,0.,0.));
#1847=DIRECTION('',(0.,-1.,0.));
#1848=DIRECTION('',(0.,0.,1.));
#1849=DIRECTION('',(1.,0.,0.));
#1850=DIRECTION('',(-0.201652895644032,-0.979457048409157,0.));
#1851=DIRECTION('',(0.,0.,1.));
#1852=DIRECTION('',(1.,0.,0.));
#1853=DIRECTION('',(0.,-1.,0.));
#1854=DIRECTION('',(-1.,0.,0.));
#1855=DIRECTION('',(-1.020425574104E-16,-1.,0.));
#1856=DIRECTION('',(-1.,9.91270557701033E-17,0.));
#1857=DIRECTION('',(-1.,1.83697019872067E-16,0.));
#1858=DIRECTION('',(1.,-1.020425574104E-16,0.));
#1859=DIRECTION('',(1.020425574104E-16,1.,0.));
#1860=DIRECTION('',(1.020425574104E-16,1.,-1.68567959497058E-32));
#1861=DIRECTION('',(0.,0.,1.));
#1862=DIRECTION('',(1.,-1.020425574104E-16,0.));
#1863=DIRECTION('',(1.020425574104E-16,1.,0.));
#1864=DIRECTION('',(-1.020425574104E-16,-1.,0.));
#1865=DIRECTION('',(0.,0.,-1.));
#1866=DIRECTION('',(0.,1.,0.));
#1867=DIRECTION('',(0.,0.,-1.));
#1868=DIRECTION('',(-1.020425574104E-16,-1.,0.));
#1869=DIRECTION('',(0.,0.,-1.));
#1870=DIRECTION('',(0.,-1.,0.));
#1871=DIRECTION('',(0.,0.,-1.));
#1872=DIRECTION('',(-1.020425574104E-16,-1.,0.));
#1873=DIRECTION('',(1.,-1.020425574104E-16,0.));
#1874=DIRECTION('',(1.020425574104E-16,1.,0.));
#1875=DIRECTION('',(0.,0.,1.));
#1876=DIRECTION('',(1.,-1.020425574104E-16,0.));
#1877=DIRECTION('',(1.020425574104E-16,1.,0.));
#1878=DIRECTION('',(1.020425574104E-16,1.,0.));
#1879=DIRECTION('',(1.,-1.020425574104E-16,0.));
#1880=DIRECTION('',(1.020425574104E-16,1.,0.));
#1881=DIRECTION('',(-5.90052066295097E-31,-5.78241158658924E-15,1.));
#1882=DIRECTION('',(1.,-1.020425574104E-16,0.));
#1883=DIRECTION('',(1.020425574104E-16,1.,0.));
#1884=DIRECTION('',(0.,0.,1.));
#1885=DIRECTION('',(1.,-9.91270557701033E-17,0.));
#1886=DIRECTION('',(9.91270557701033E-17,1.,0.));
#1887=DIRECTION('',(1.,-9.91270557701033E-17,0.));
#1888=DIRECTION('',(9.91270557701033E-17,1.,0.));
#1889=DIRECTION('',(-9.91270557701033E-17,-1.,0.));
#1890=DIRECTION('',(0.,0.,-1.));
#1891=DIRECTION('',(-9.91270557701033E-17,-1.,0.));
#1892=DIRECTION('',(0.,0.,1.));
#1893=DIRECTION('',(1.,0.,0.));
#1894=DIRECTION('',(-1.,1.83697019872067E-16,0.));
#1895=DIRECTION('',(0.,0.,1.));
#1896=DIRECTION('',(1.,0.,0.));
#1897=DIRECTION('',(-1.,0.,0.));
#1898=DIRECTION('',(0.,0.,1.));
#1899=DIRECTION('',(1.,0.,0.));
#1900=DIRECTION('',(-9.91270557701033E-17,-1.,0.));
#1901=DIRECTION('',(0.,0.,1.));
#1902=DIRECTION('',(1.,0.,0.));
#1903=DIRECTION('',(-1.,0.,0.));
#1904=DIRECTION('',(0.,0.,1.));
#1905=DIRECTION('',(1.,0.,0.));
#1906=DIRECTION('',(-1.,9.91270557701033E-17,0.));
#1907=DIRECTION('',(0.,0.,1.));
#1908=DIRECTION('',(1.,0.,0.));
#1909=DIRECTION('',(-1.,0.,0.));
#1910=DIRECTION('',(0.,0.,1.));
#1911=DIRECTION('',(1.,0.,0.));
#1912=DIRECTION('',(-1.020425574104E-16,-1.,0.));
#1913=DIRECTION('',(0.,0.,1.));
#1914=DIRECTION('',(1.,0.,0.));
#1915=DIRECTION('',(-1.,0.,0.));
#1916=DIRECTION('',(0.,0.,1.));
#1917=DIRECTION('',(1.,0.,0.));
#1918=DIRECTION('',(0.,0.,-1.));
#1919=DIRECTION('',(1.83697019872103E-16,1.,0.));
#1920=DIRECTION('',(0.,0.,-1.));
#1921=DIRECTION('',(1.83697019872103E-16,1.,0.));
#1922=DIRECTION('',(0.,0.,-1.));
#1923=DIRECTION('',(1.83697019872103E-16,1.,0.));
#1924=DIRECTION('',(0.,0.,1.));
#1925=DIRECTION('',(-1.83697019872103E-16,-1.,0.));
#1926=DIRECTION('',(0.,0.,1.));
#1927=DIRECTION('',(-1.83697019872103E-16,-1.,0.));
#1928=DIRECTION('',(0.,0.,1.));
#1929=DIRECTION('',(-1.83697019872103E-16,-1.,0.));
#1930=DIRECTION('',(0.,0.,-1.));
#1931=DIRECTION('',(1.83697019872103E-16,1.,0.));
#1932=DIRECTION('',(0.,0.,1.));
#1933=DIRECTION('',(-1.83697019872103E-16,-1.,0.));
#1934=DIRECTION('',(0.,0.,-1.));
#1935=DIRECTION('',(1.,-1.22464679914735E-16,0.));
#1936=DIRECTION('',(0.,0.,-1.));
#1937=DIRECTION('',(1.,-1.22464679914735E-16,0.));
#1938=DIRECTION('',(0.,0.,-1.));
#1939=DIRECTION('',(1.,-1.22464679914735E-16,0.));
#1940=DIRECTION('',(0.,0.,1.));
#1941=DIRECTION('',(-1.,1.22464679914735E-16,0.));
#1942=DIRECTION('',(0.,0.,1.));
#1943=DIRECTION('',(-1.,1.22464679914735E-16,0.));
#1944=DIRECTION('',(0.,0.,1.));
#1945=DIRECTION('',(-1.,1.22464679914735E-16,0.));
#1946=DIRECTION('',(0.,0.,-1.));
#1947=DIRECTION('',(1.,-1.22464679914735E-16,0.));
#1948=DIRECTION('',(0.,0.,1.));
#1949=DIRECTION('',(-1.,1.22464679914735E-16,0.));
#1950=DIRECTION('',(0.,0.,-1.));
#1951=DIRECTION('',(-6.12323399573677E-17,-1.,0.));
#1952=DIRECTION('',(0.,0.,-1.));
#1953=DIRECTION('',(-6.12323399573677E-17,-1.,0.));
#1954=DIRECTION('',(0.,0.,-1.));
#1955=DIRECTION('',(-6.12323399573677E-17,-1.,0.));
#1956=DIRECTION('',(0.,0.,1.));
#1957=DIRECTION('',(6.12323399573677E-17,1.,0.));
#1958=DIRECTION('',(0.,0.,1.));
#1959=DIRECTION('',(6.12323399573677E-17,1.,0.));
#1960=DIRECTION('',(0.,0.,1.));
#1961=DIRECTION('',(6.12323399573677E-17,1.,0.));
#1962=DIRECTION('',(0.,0.,-1.));
#1963=DIRECTION('',(-6.12323399573677E-17,-1.,0.));
#1964=DIRECTION('',(0.,0.,1.));
#1965=DIRECTION('',(6.12323399573677E-17,1.,0.));
#1966=DIRECTION('',(0.,-1.,0.));
#1967=DIRECTION('',(0.,0.,-1.));
#1968=DIRECTION('',(1.,0.,0.));
#1969=DIRECTION('',(0.,0.,-1.));
#1970=DIRECTION('',(-1.,0.,0.));
#1971=DIRECTION('',(0.,0.,-1.));
#1972=DIRECTION('',(-1.,0.,0.));
#1973=DIRECTION('',(0.,0.,-1.));
#1974=DIRECTION('',(0.,0.,-1.));
#1975=DIRECTION('',(1.,-1.020425574104E-16,0.));
#1976=DIRECTION('',(1.020425574104E-16,1.,0.));
#1977=DIRECTION('',(0.,0.,-1.));
#1978=DIRECTION('',(0.,1.,0.));
#1979=DIRECTION('',(0.,0.,-1.));
#1980=DIRECTION('',(0.,0.,-1.));
#1981=DIRECTION('',(0.,-1.,0.));
#1982=DIRECTION('',(0.,0.,-1.));
#1983=DIRECTION('',(-1.020425574104E-16,-1.,0.));
#1984=DIRECTION('',(0.,0.,1.));
#1985=DIRECTION('',(1.,0.,0.));
#1986=DIRECTION('',(0.,0.,1.));
#1987=DIRECTION('',(1.,0.,0.));
#1988=DIRECTION('',(0.,1.,0.));
#1989=DIRECTION('',(0.,0.,1.));
#1990=DIRECTION('',(-1.,0.,0.));
#1991=DIRECTION('',(1.,0.,0.));
#1992=DIRECTION('',(1.,0.,0.));
#1993=DIRECTION('',(0.,0.,-1.));
#1994=DIRECTION('',(-1.,0.,0.));
#1995=DIRECTION('',(0.,-1.,0.));
#1996=DIRECTION('',(-1.,0.,0.));
#1997=DIRECTION('',(0.,-1.,0.));
#1998=DIRECTION('',(0.,0.,1.));
#1999=DIRECTION('',(1.,0.,0.));
#2000=DIRECTION('',(-1.,0.,0.));
#2001=DIRECTION('',(-1.,0.,0.));
#2002=DIRECTION('',(0.,0.,-1.));
#2003=DIRECTION('',(1.,0.,0.));
#2004=DIRECTION('',(0.,1.,0.));
#2005=DIRECTION('',(0.,-1.,0.));
#2006=DIRECTION('',(0.,0.,-1.));
#2007=DIRECTION('',(0.,0.,-1.));
#2008=DIRECTION('',(-1.,0.,0.));
#2009=DIRECTION('',(0.,0.,-1.));
#2010=DIRECTION('',(0.,0.,-1.));
#2011=DIRECTION('',(-1.,0.,0.));
#2012=DIRECTION('',(0.,0.,1.));
#2013=DIRECTION('',(1.,0.,0.));
#2014=DIRECTION('',(0.,0.,-1.));
#2015=DIRECTION('',(-1.,0.,0.));
#2016=DIRECTION('',(0.,0.,1.));
#2017=DIRECTION('',(1.,0.,0.));
#2018=DIRECTION('',(0.,0.,-1.));
#2019=DIRECTION('',(0.,-1.,0.));
#2020=DIRECTION('',(0.,0.,-1.));
#2021=DIRECTION('',(-1.,0.,0.));
#2022=DIRECTION('',(0.,0.,-1.));
#2023=DIRECTION('',(0.,0.,-1.));
#2024=DIRECTION('',(-1.,0.,0.));
#2025=DIRECTION('',(0.,0.,1.));
#2026=DIRECTION('',(1.,0.,0.));
#2027=DIRECTION('',(0.,0.,-1.));
#2028=DIRECTION('',(1.,-9.91270557701033E-17,0.));
#2029=DIRECTION('',(9.91270557701033E-17,1.,0.));
#2030=DIRECTION('',(-9.91270557701033E-17,-1.,0.));
#2031=DIRECTION('',(0.,0.,-1.));
#2032=DIRECTION('',(0.,0.,-1.));
#2033=DIRECTION('',(-1.,0.,0.));
#2034=DIRECTION('',(0.,0.,1.));
#2035=DIRECTION('',(1.,0.,0.));
#2036=DIRECTION('',(0.,0.,-1.));
#2037=DIRECTION('',(0.,-1.,0.));
#2038=DIRECTION('',(0.,0.,-1.));
#2039=DIRECTION('',(0.,0.,-1.));
#2040=DIRECTION('',(1.,0.,0.));
#2041=DIRECTION('',(0.,0.,-1.));
#2042=DIRECTION('',(-1.,0.,0.));
#2043=DIRECTION('',(0.,0.,-1.));
#2044=DIRECTION('',(0.,0.,-1.));
#2045=DIRECTION('',(-1.,0.,0.));
#2046=DIRECTION('',(0.,0.,1.));
#2047=DIRECTION('',(1.,0.,0.));
#2048=DIRECTION('',(0.,0.,-1.));
#2049=DIRECTION('',(-1.,0.,0.));
#2050=DIRECTION('',(0.,0.,1.));
#2051=DIRECTION('',(1.,0.,0.));
#2052=DIRECTION('',(0.,0.,-1.));
#2053=DIRECTION('',(-1.,0.,0.));
#2054=DIRECTION('',(0.,0.,1.));
#2055=DIRECTION('',(1.,0.,0.));
#2056=DIRECTION('',(0.,0.,-1.));
#2057=DIRECTION('',(-1.,0.,0.));
#2058=DIRECTION('',(0.,0.,1.));
#2059=DIRECTION('',(1.,0.,0.));
#2060=DIRECTION('',(0.,0.,1.));
#2061=DIRECTION('',(1.,0.,0.));
#2062=DIRECTION('',(-1.,0.,0.));
#2063=DIRECTION('',(0.,0.,1.));
#2064=DIRECTION('',(1.,0.,0.));
#2065=DIRECTION('',(-9.91270557701033E-17,-1.,0.));
#2066=DIRECTION('',(0.,0.,1.));
#2067=DIRECTION('',(1.,0.,0.));
#2068=DIRECTION('',(-1.,0.,0.));
#2069=DIRECTION('',(0.,0.,1.));
#2070=DIRECTION('',(1.,0.,0.));
#2071=DIRECTION('',(-9.91270557701033E-17,-1.,0.));
#2072=DIRECTION('',(0.,0.,1.));
#2073=DIRECTION('',(1.,0.,0.));
#2074=DIRECTION('',(0.,0.,1.));
#2075=DIRECTION('',(1.,0.,0.));
#2076=DIRECTION('',(0.,0.,-1.));
#2077=DIRECTION('',(-1.,0.,0.));
#2078=DIRECTION('',(-1.,0.,0.));
#2079=DIRECTION('',(0.,0.,1.));
#2080=DIRECTION('',(1.,0.,0.));
#2081=DIRECTION('',(0.,-1.,0.));
#2082=DIRECTION('',(0.,-1.,0.));
#2083=DIRECTION('',(0.,0.,-1.));
#2084=DIRECTION('',(0.,0.,-1.));
#2085=DIRECTION('',(0.,0.,-1.));
#2086=DIRECTION('',(-1.,0.,0.));
#2087=DIRECTION('',(0.,0.,-1.));
#2088=DIRECTION('',(1.,0.,0.));
#2089=DIRECTION('',(0.,0.,-1.));
#2090=DIRECTION('',(0.,0.,1.));
#2091=DIRECTION('',(1.,0.,0.));
#2092=DIRECTION('',(0.,0.,-1.));
#2093=DIRECTION('',(-1.,0.,0.));
#2094=DIRECTION('',(0.,0.,-1.));
#2095=DIRECTION('',(-1.,0.,0.));
#2096=DIRECTION('',(0.,0.,1.));
#2097=DIRECTION('',(-1.,0.,0.));
#2098=DIRECTION('',(0.,0.,-1.));
#2099=DIRECTION('',(-1.,0.,0.));
#2100=DIRECTION('',(0.,-1.,0.));
#2101=DIRECTION('',(0.,0.,-1.));
#2102=DIRECTION('',(-1.,0.,0.));
#2103=DIRECTION('',(1.,0.,0.));
#2104=DIRECTION('',(1.,0.,0.));
#2105=DIRECTION('',(0.,0.,-1.));
#2106=DIRECTION('',(0.,0.,-1.));
#2107=DIRECTION('',(0.,0.,-1.));
#2108=DIRECTION('',(-1.,0.,0.));
#2109=DIRECTION('',(0.,0.,-1.));
#2110=DIRECTION('',(0.,1.,0.));
#2111=DIRECTION('',(0.,0.,1.));
#2112=DIRECTION('',(0.,0.,1.));
#2113=DIRECTION('',(1.,0.,0.));
#2114=DIRECTION('',(0.,0.,-1.));
#2115=DIRECTION('',(-1.,0.,0.));
#2116=DIRECTION('',(0.,0.,-1.));
#2117=DIRECTION('',(-1.,0.,0.));
#2118=DIRECTION('',(0.,0.,1.));
#2119=DIRECTION('',(1.,0.,0.));
#2120=DIRECTION('',(0.,0.,-1.));
#2121=DIRECTION('',(-1.,0.,0.));
#2122=DIRECTION('',(0.,1.,0.));
#2123=DIRECTION('',(0.,0.,-1.));
#2124=DIRECTION('',(1.,0.,0.));
#2125=DIRECTION('',(-1.,0.,0.));
#2126=DIRECTION('',(-1.,0.,0.));
#2127=DIRECTION('',(0.,0.,1.));
#2128=DIRECTION('',(0.,0.,-1.));
#2129=DIRECTION('',(0.,0.,-1.));
#2130=DIRECTION('',(-1.,0.,0.));
#2131=DIRECTION('',(0.,0.,-1.));
#2132=DIRECTION('',(0.,-1.,0.));
#2133=DIRECTION('',(0.,0.,-1.));
#2134=DIRECTION('',(0.,0.,1.));
#2135=DIRECTION('',(1.,0.,0.));
#2136=DIRECTION('',(0.,0.,-1.));
#2137=DIRECTION('',(-1.,0.,0.));
#2138=DIRECTION('',(0.,0.,-1.));
#2139=DIRECTION('',(-1.,0.,0.));
#2140=DIRECTION('',(0.,0.,1.));
#2141=DIRECTION('',(-1.,0.,0.));
#2142=DIRECTION('',(0.,0.,-1.));
#2143=DIRECTION('',(-1.,0.,0.));
#2144=DIRECTION('',(1.,0.,0.));
#2145=DIRECTION('',(0.,0.,1.));
#2146=DIRECTION('',(-1.,0.,0.));
#2147=DIRECTION('',(0.,1.,0.));
#2148=DIRECTION('',(0.,1.,0.));
#2149=DIRECTION('',(0.,0.,1.));
#2150=DIRECTION('',(0.,0.,-1.));
#2151=DIRECTION('',(0.,0.,-1.));
#2152=DIRECTION('',(-1.,0.,0.));
#2153=DIRECTION('',(0.,0.,-1.));
#2154=DIRECTION('',(-1.,0.,0.));
#2155=DIRECTION('',(0.,0.,1.));
#2156=DIRECTION('',(0.,0.,1.));
#2157=DIRECTION('',(1.,0.,0.));
#2158=DIRECTION('',(0.,0.,-1.));
#2159=DIRECTION('',(-1.,0.,0.));
#2160=DIRECTION('',(0.,0.,-1.));
#2161=DIRECTION('',(-1.,0.,0.));
#2162=DIRECTION('',(0.,0.,-1.));
#2163=DIRECTION('',(-1.,0.,0.));
#2164=DIRECTION('',(0.,0.,1.));
#2165=DIRECTION('',(1.,0.,0.));
#2166=DIRECTION('',(0.,0.,1.));
#2167=DIRECTION('',(1.,0.,0.));
#2168=DIRECTION('',(0.,0.,-1.));
#2169=DIRECTION('',(-1.,0.,0.));
#2170=DIRECTION('',(0.,0.,1.));
#2171=DIRECTION('',(1.,0.,0.));
#2172=DIRECTION('',(0.,0.,-1.));
#2173=DIRECTION('',(-1.,0.,0.));
#2174=DIRECTION('',(0.,0.,-1.));
#2175=DIRECTION('',(-1.,0.,0.));
#2176=DIRECTION('',(9.91270557701033E-17,1.,5.78241158658924E-15));
#2177=DIRECTION('',(0.,-5.78241158658924E-15,1.));
#2178=DIRECTION('',(-1.,9.91270557701033E-17,0.));
#2179=DIRECTION('',(-1.,9.91270557701033E-17,0.));
#2180=DIRECTION('',(-1.,9.91270557701033E-17,0.));
#2181=DIRECTION('',(-9.91270557701033E-17,-1.,0.));
#2182=DIRECTION('',(-1.,9.91270557701033E-17,0.));
#2183=DIRECTION('',(-9.91270557701033E-17,-1.,0.));
#2184=DIRECTION('',(-1.,9.91270557701033E-17,0.));
#2185=DIRECTION('',(9.91270557701033E-17,1.,0.));
#2186=DIRECTION('',(-1.,9.91270557701033E-17,0.));
#2187=DIRECTION('',(-1.,9.91270557701033E-17,0.));
#2188=DIRECTION('',(-1.,9.91270557701033E-17,0.));
#2189=DIRECTION('',(-9.91270557701033E-17,-1.,0.));
#2190=DIRECTION('',(-1.,9.91270557701033E-17,0.));
#2191=DIRECTION('',(0.,0.,-1.));
#2192=DIRECTION('',(-1.,0.,0.));
#2193=DIRECTION('',(-1.,9.91270557701033E-17,0.));
#2194=DIRECTION('',(-1.,9.91270557701033E-17,0.));
#2195=DIRECTION('',(-9.91270557701033E-17,-1.,0.));
#2196=DIRECTION('',(-1.,1.83697019872067E-16,0.));
#2197=DIRECTION('',(-1.83697019872067E-16,-1.,0.));
#2198=DIRECTION('',(-9.91270557701033E-17,-1.,0.));
#2199=DIRECTION('',(1.,-9.91270557701033E-17,0.));
#2200=DIRECTION('',(0.,0.,-1.));
#2201=DIRECTION('',(-1.,9.91270557701033E-17,0.));
#2202=DIRECTION('',(0.,0.,1.));
#2203=DIRECTION('',(1.,0.,0.));
#2204=DIRECTION('',(0.,0.,1.));
#2205=DIRECTION('',(1.,0.,0.));
#2206=DIRECTION('',(-1.,9.91270557701033E-17,0.));
#2207=DIRECTION('',(0.,-1.,0.));
#2208=DIRECTION('',(0.,0.,1.));
#2209=DIRECTION('',(1.,0.,0.));
#2210=DIRECTION('',(-0.201652895644032,-0.979457048409157,0.));
#2211=DIRECTION('',(0.,0.,1.));
#2212=DIRECTION('',(1.,0.,0.));
#2213=DIRECTION('',(0.,-1.,0.));
#2214=DIRECTION('',(9.91270557701033E-17,1.,0.));
#2215=DIRECTION('',(-1.,9.91270557701033E-17,0.));
#2216=DIRECTION('',(0.,0.,1.));
#2217=DIRECTION('',(-1.,0.,0.));
#2218=DIRECTION('',(0.,0.,1.));
#2219=DIRECTION('',(0.,0.,1.));
#2220=DIRECTION('',(0.,1.,-5.52779627684135E-33));
#2221=DIRECTION('',(0.,0.,1.));
#2222=DIRECTION('',(0.,0.,1.));
#2223=DIRECTION('',(0.,0.,1.));
#2224=DIRECTION('',(1.,0.,0.));
#2225=DIRECTION('',(0.,0.,1.));
#2226=DIRECTION('',(-0.979457048409157,0.201652895644032,0.));
#2227=DIRECTION('',(-0.201652895644032,-0.979457048409157,0.));
#2228=DIRECTION('',(0.,0.,1.));
#2229=DIRECTION('',(0.,0.,1.));
#2230=DIRECTION('',(1.,0.,0.));
#2231=DIRECTION('',(0.,0.,1.));
#2232=DIRECTION('',(-1.,0.,0.));
#2233=DIRECTION('',(0.,0.,1.));
#2234=DIRECTION('',(0.,0.,1.));
#2235=DIRECTION('',(0.,1.,-5.52779627684135E-33));
#2236=DIRECTION('',(0.,0.,1.));
#2237=DIRECTION('',(1.110223024625E-16,5.52779627684135E-33,1.));
#2238=DIRECTION('',(-1.,-4.97899625051323E-17,1.110223024625E-16));
#2239=DIRECTION('',(1.,0.,-1.110223024625E-16));
#2240=DIRECTION('',(1.,0.,-1.110223024625E-16));
#2241=DIRECTION('',(1.110223024625E-16,5.52779627684135E-33,1.));
#2242=DIRECTION('',(1.,0.,-1.110223024625E-16));
#2243=DIRECTION('',(0.201652895644032,0.979457048409157,-2.23879687726307E-17));
#2244=DIRECTION('',(1.110223024625E-16,5.52779627684135E-33,1.));
#2245=DIRECTION('',(1.,0.,-1.110223024625E-16));
#2246=DIRECTION('',(0.,0.,1.));
#2247=DIRECTION('',(1.,0.,0.));
#2248=DIRECTION('',(0.,0.,1.));
#2249=DIRECTION('',(-0.979457048409157,0.201652895644032,0.));
#2250=DIRECTION('',(-0.201652895644032,-0.979457048409157,0.));
#2251=DIRECTION('',(0.,0.,1.));
#2252=DIRECTION('',(0.,0.,1.));
#2253=DIRECTION('',(1.,0.,0.));
#2254=DIRECTION('',(0.,1.,0.));
#2255=DIRECTION('',(0.,0.,1.));
#2256=DIRECTION('',(0.,1.,0.));
#2257=DIRECTION('',(0.,0.,1.));
#2258=DIRECTION('',(0.,0.,1.));
#2259=DIRECTION('',(1.,0.,0.));
#2260=DIRECTION('',(0.,0.,1.));
#2261=DIRECTION('',(1.,0.,0.));
#2262=DIRECTION('',(0.,0.,1.));
#2263=DIRECTION('',(1.,0.,0.));
#2264=DIRECTION('',(0.,1.,0.));
#2265=DIRECTION('',(0.,0.,1.));
#2266=DIRECTION('',(1.,0.,0.));
#2267=DIRECTION('',(0.,0.,-1.));
#2268=DIRECTION('',(1.,0.,0.));
#2269=DIRECTION('',(0.,0.,-1.));
#2270=DIRECTION('',(1.,0.,0.));
#2271=DIRECTION('',(0.,0.,-1.));
#2272=DIRECTION('',(-9.91270557701033E-17,-1.,0.));
#2273=DIRECTION('',(1.,-9.91270557701033E-17,0.));
#2274=DIRECTION('',(0.,1.,0.));
#2275=DIRECTION('',(0.,0.,1.));
#2276=DIRECTION('',(0.,0.,1.));
#2277=DIRECTION('',(1.,0.,0.));
#2278=DIRECTION('',(0.,1.,0.));
#2279=DIRECTION('',(0.,0.,1.));
#2280=DIRECTION('',(0.,0.,1.));
#2281=DIRECTION('',(1.,0.,0.));
#2282=DIRECTION('',(1.,0.,0.));
#2283=DIRECTION('',(0.,0.,-1.));
#2284=DIRECTION('',(9.91270557701033E-17,1.,0.));
#2285=DIRECTION('',(-1.,9.91270557701033E-17,0.));
#2286=DIRECTION('',(0.,1.,-3.46944695195361E-15));
#2287=DIRECTION('',(0.,3.46944695195361E-15,1.));
#2288=DIRECTION('',(-1.,0.,0.));
#2289=DIRECTION('',(0.,0.,1.));
#2290=DIRECTION('',(1.,0.,0.));
#2291=DIRECTION('',(0.,0.,-1.));
#2292=DIRECTION('',(0.,0.,1.));
#2293=DIRECTION('',(1.,0.,0.));
#2294=CARTESIAN_POINT('',(0.,0.,0.));
#2295=CARTESIAN_POINT('',(-0.035,0.,0.0075));
#2296=CARTESIAN_POINT('',(-0.035,-0.03422027656377,0.0075));
#2297=CARTESIAN_POINT('',(-0.0350000000000005,-0.0342202765637699,0.004945));
#2298=CARTESIAN_POINT('',(-0.0350000000000005,-0.0342202765637699,0.006395));
#2299=CARTESIAN_POINT('',(-0.0350000000000005,-0.0342202765637699,0.004945));
#2300=CARTESIAN_POINT('',(-0.0350000000000005,-0.0342202765637699,0.00487844576289931));
#2301=CARTESIAN_POINT('',(-0.0349999999999998,-0.0341391983596874,0.00476360352540297));
#2302=CARTESIAN_POINT('',(-0.0350000000000001,-0.0339180117692299,0.00462492201104188));
#2303=CARTESIAN_POINT('',(-0.035,-0.0336128663426535,0.00451083223405408));
#2304=CARTESIAN_POINT('',(-0.035,-0.0332370648351238,0.00441423212046837));
#2305=CARTESIAN_POINT('',(-0.035,-0.0327315996886981,0.00431714880143891));
#2306=CARTESIAN_POINT('',(-0.035,-0.0320930522142725,0.0042338228131973));
#2307=CARTESIAN_POINT('',(-0.035,-0.0313209459953107,0.00416769402082635));
#2308=CARTESIAN_POINT('',(-0.035,-0.0305484241577477,0.00412439902497904));
#2309=CARTESIAN_POINT('',(-0.035,-0.0295175335607482,0.00408810881097297));
#2310=CARTESIAN_POINT('',(-0.035,-0.0282276850743544,0.00407285033132479));
#2311=CARTESIAN_POINT('',(-0.035,-0.0269375895378755,0.00408821342973686));
#2312=CARTESIAN_POINT('',(-0.035,-0.0259060237881875,0.00412465105687758));
#2313=CARTESIAN_POINT('',(-0.035,-0.0251331445629941,0.00416813714160433));
#2314=CARTESIAN_POINT('',(-0.035,-0.0243619403204428,0.00423434100306706));
#2315=CARTESIAN_POINT('',(-0.035,-0.0237214166882621,0.00431829801699185));
#2316=CARTESIAN_POINT('',(-0.035,-0.0232156765869756,0.00441577747501675));
#2317=CARTESIAN_POINT('',(-0.035,-0.0228369230892031,0.00451420112921255));
#2318=CARTESIAN_POINT('',(-0.035,-0.0224878449570687,0.00464631057531435));
#2319=CARTESIAN_POINT('',(-0.035,-0.0222399989999988,0.0048138164788587));
#2320=CARTESIAN_POINT('',(-0.035,-0.0222399989999986,0.00494499999999964));
#2321=CARTESIAN_POINT('',(-0.035,-0.022239999,0.004945));
#2322=CARTESIAN_POINT('',(-0.035,-0.022239999,0.0075));
#2323=CARTESIAN_POINT('',(-0.0350000000000005,-0.0222399990000001,0.006395));
#2324=CARTESIAN_POINT('',(-0.0350000000000005,-0.0222399990000001,0.006395));
#2325=CARTESIAN_POINT('',(-0.0350000000000005,-0.0222399990000001,0.00646155423710068));
#2326=CARTESIAN_POINT('',(-0.0349999999999998,-0.0223210772040826,0.00657639647459697));
#2327=CARTESIAN_POINT('',(-0.0350000000000001,-0.0225422637945401,0.00671507798895815));
#2328=CARTESIAN_POINT('',(-0.035,-0.0228474092211165,0.00682916776594589));
#2329=CARTESIAN_POINT('',(-0.035,-0.0232232107286462,0.00692576787953162));
#2330=CARTESIAN_POINT('',(-0.035,-0.023728675875072,0.0070228511985611));
#2331=CARTESIAN_POINT('',(-0.035,-0.0243672233494975,0.00710617718680269));
#2332=CARTESIAN_POINT('',(-0.035,-0.0251393295684594,0.00717230597917365));
#2333=CARTESIAN_POINT('',(-0.035,-0.0259118514060223,0.00721560097502096));
#2334=CARTESIAN_POINT('',(-0.035,-0.0269427420030218,0.00725189118902703));
#2335=CARTESIAN_POINT('',(-0.035,-0.0282325904894156,0.00726714966867521));
#2336=CARTESIAN_POINT('',(-0.035,-0.0295226860258945,0.00725178657026313));
#2337=CARTESIAN_POINT('',(-0.035,-0.0305542517755825,0.00721534894312242));
#2338=CARTESIAN_POINT('',(-0.035,-0.0313271310007759,0.00717186285839567));
#2339=CARTESIAN_POINT('',(-0.035,-0.0320983352433272,0.00710565899693294));
#2340=CARTESIAN_POINT('',(-0.035,-0.032738858875508,0.00702170198300815));
#2341=CARTESIAN_POINT('',(-0.035,-0.0332445989767944,0.00692422252498325));
#2342=CARTESIAN_POINT('',(-0.035,-0.0336233524745669,0.00682579887078745));
#2343=CARTESIAN_POINT('',(-0.035,-0.0339724306067013,0.00669368942468564));
#2344=CARTESIAN_POINT('',(-0.035,-0.0342202765637713,0.00652618352114133));
#2345=CARTESIAN_POINT('',(-0.035,-0.0342202765637716,0.00639500000000037));
#2346=CARTESIAN_POINT('',(-0.035,0.07,0.0075));
#2347=CARTESIAN_POINT('',(-0.035,0.07,0.0075));
#2348=CARTESIAN_POINT('',(-0.035,0.07,0.004));
#2349=CARTESIAN_POINT('',(-0.035,0.,0.004));
#2350=CARTESIAN_POINT('',(-0.035,-0.0437634744474913,0.004));
#2351=CARTESIAN_POINT('',(-0.035,-0.0446,0.006985));
#2352=CARTESIAN_POINT('',(-0.035,-0.0415430775279703,0.0075));
#2353=CARTESIAN_POINT('',(-0.035,0.,0.0075));
#2354=CARTESIAN_POINT('',(-0.035,-0.0195172133602881,0.0075));
#2355=CARTESIAN_POINT('',(-0.035,-0.01789,0.00677849));
#2356=CARTESIAN_POINT('',(-0.035,-0.01967,0.00677849));
#2357=CARTESIAN_POINT('',(-0.035,-0.01967,0.00647849));
#2358=CARTESIAN_POINT('',(-0.035,-0.01967,0.00617849));
#2359=CARTESIAN_POINT('',(-0.035,-0.01789,0.00617849));
#2360=CARTESIAN_POINT('',(-0.035,-0.01789,0.00439849));
#2361=CARTESIAN_POINT('',(-0.035,-0.013105,0.00439849));
#2362=CARTESIAN_POINT('',(-0.035,-0.01151,0.00439849));
#2363=CARTESIAN_POINT('',(-0.035,-0.01151,0.00617849));
#2364=CARTESIAN_POINT('',(-0.035,-0.00973,0.00617849));
#2365=CARTESIAN_POINT('',(-0.035,-0.00973,0.00647849));
#2366=CARTESIAN_POINT('',(-0.035,-0.00973,0.00677849));
#2367=CARTESIAN_POINT('',(-0.035,-0.01151,0.00677849));
#2368=CARTESIAN_POINT('',(-0.035,-0.00988278663971194,0.0075));
#2369=CARTESIAN_POINT('',(-0.035,0.,0.0075));
#2370=CARTESIAN_POINT('',(-0.0325,-0.034032197106435,0.006395));
#2371=CARTESIAN_POINT('',(-0.0706317626262436,-0.028230137781885,0.006395));
#2372=CARTESIAN_POINT('',(-0.0325,-0.022239999,0.006395));
#2373=CARTESIAN_POINT('',(-0.0338000027999869,-0.022239999,0.006395));
#2374=CARTESIAN_POINT('',(-0.0338000027999869,-0.034032197106435,0.006395));
#2375=CARTESIAN_POINT('',(-0.0338000027999869,-0.029325634693385,0.006395));
#2376=CARTESIAN_POINT('',(-0.0387000027999917,-0.0293256346933851,0.006395));
#2377=CARTESIAN_POINT('',(-0.0339006632627831,-0.0303137338820416,0.006395));
#2378=CARTESIAN_POINT('',(-0.0345781418182907,-0.03360434443449,0.006395));
#2379=CARTESIAN_POINT('',(-0.034395416067023,-0.0327168192420872,0.006395));
#2380=CARTESIAN_POINT('',(-0.0283723609549676,-0.0338441176490999,0.006395));
#2381=CARTESIAN_POINT('',(-0.034500002800026,-0.0338441176491,0.006395));
#2382=CARTESIAN_POINT('',(-0.0345,-0.034032197106435,0.006395));
#2383=CARTESIAN_POINT('',(-0.0345,-0.03422027656377,0.006395));
#2384=CARTESIAN_POINT('',(-0.0325,-0.03422027656377,0.006395));
#2385=CARTESIAN_POINT('',(0.,0.,0.0075));
#2386=CARTESIAN_POINT('',(-0.033,0.,0.0075));
#2387=CARTESIAN_POINT('',(-0.033,-0.03651999905629,0.0075));
#2388=CARTESIAN_POINT('',(-0.033,-0.0415430775279703,0.0075));
#2389=CARTESIAN_POINT('',(-0.0337,-0.03651999905629,0.0075));
#2390=CARTESIAN_POINT('',(-0.0345,-0.03651999905629,0.0075));
#2391=CARTESIAN_POINT('',(-0.0345,-0.03522013781003,0.0075));
#2392=CARTESIAN_POINT('',(-0.034500002800026,-0.0338441176491,0.0075));
#2393=CARTESIAN_POINT('',(-0.0283723609549676,-0.0338441176490999,0.0075));
#2394=CARTESIAN_POINT('',(-0.034395416067023,-0.0327168192420872,0.0075));
#2395=CARTESIAN_POINT('',(-0.034148039664903,-0.0315152765620644,0.0075));
#2396=CARTESIAN_POINT('',(-0.0339006632627831,-0.0303137338820416,0.0075));
#2397=CARTESIAN_POINT('',(-0.0387000027999917,-0.0293256346933851,0.0075));
#2398=CARTESIAN_POINT('',(-0.0338000027999869,-0.029325634693385,0.0075));
#2399=CARTESIAN_POINT('',(-0.0338000027999869,-0.022314999,0.0075));
#2400=CARTESIAN_POINT('',(-0.0338000027999869,-0.021769999,0.0075));
#2401=CARTESIAN_POINT('',(-0.0294809049211834,-0.021769999,0.0075));
#2402=CARTESIAN_POINT('',(-0.033,-0.021769999,0.0075));
#2403=CARTESIAN_POINT('',(-0.033,0.,0.0075));
#2404=CARTESIAN_POINT('',(-0.033,-0.0195172133602881,0.0075));
#2405=CARTESIAN_POINT('',(-0.01,-0.0195172133602881,0.0075));
#2406=CARTESIAN_POINT('',(-0.0288,-0.0415430775279703,0.0075));
#2407=CARTESIAN_POINT('',(-0.033,0.,0.0075));
#2408=CARTESIAN_POINT('',(-0.033,3.37135918994125E-38,0.004595));
#2409=CARTESIAN_POINT('',(-0.033,-0.03651999905629,0.004595));
#2410=CARTESIAN_POINT('',(-0.033,-0.021769999,0.004595));
#2411=CARTESIAN_POINT('',(-0.033,-0.03651999905629,0.004593));
#2412=CARTESIAN_POINT('',(-0.033,-0.0446,0.006985));
#2413=CARTESIAN_POINT('',(-0.033,-0.0476569224720297,0.0075));
#2414=CARTESIAN_POINT('',(-0.033,0.,0.0075));
#2415=CARTESIAN_POINT('',(-0.033,-0.068,0.0075));
#2416=CARTESIAN_POINT('',(-0.033,-0.068,0.0075));
#2417=CARTESIAN_POINT('',(-0.033,-0.068,0.0045));
#2418=CARTESIAN_POINT('',(-0.033,-0.068,0.0045));
#2419=CARTESIAN_POINT('',(-0.033,-0.063,0.0045));
#2420=CARTESIAN_POINT('',(-0.033,-0.063,0.0045));
#2421=CARTESIAN_POINT('',(-0.033,-0.063,0.002));
#2422=CARTESIAN_POINT('',(-0.033,0.,0.002));
#2423=CARTESIAN_POINT('',(-0.033,0.063,0.002));
#2424=CARTESIAN_POINT('',(-0.033,0.063,0.0045));
#2425=CARTESIAN_POINT('',(-0.033,0.063,0.0045));
#2426=CARTESIAN_POINT('',(-0.033,0.068,0.0045));
#2427=CARTESIAN_POINT('',(-0.033,0.068,0.0045));
#2428=CARTESIAN_POINT('',(-0.033,0.068,0.0075));
#2429=CARTESIAN_POINT('',(-0.033,0.068,0.0075));
#2430=CARTESIAN_POINT('',(-0.033,0.,0.0075));
#2431=CARTESIAN_POINT('',(-0.033,-0.00988278663971194,0.0075));
#2432=CARTESIAN_POINT('',(-0.033,-0.01151,0.00677849));
#2433=CARTESIAN_POINT('',(-0.033,-0.00973,0.00677849));
#2434=CARTESIAN_POINT('',(-0.033,-0.00973,0.0075));
#2435=CARTESIAN_POINT('',(-0.033,-0.00973,0.00617849));
#2436=CARTESIAN_POINT('',(-0.033,-0.01151,0.00617849));
#2437=CARTESIAN_POINT('',(-0.033,-0.01151,0.00439849));
#2438=CARTESIAN_POINT('',(-0.033,0.,0.00439849));
#2439=CARTESIAN_POINT('',(-0.033,-0.01789,0.00439849));
#2440=CARTESIAN_POINT('',(-0.033,-0.01789,0.00617849));
#2441=CARTESIAN_POINT('',(-0.033,-0.01967,0.00617849));
#2442=CARTESIAN_POINT('',(-0.033,-0.01967,0.00749999999999989));
#2443=CARTESIAN_POINT('',(-0.033,-0.01967,0.00677849));
#2444=CARTESIAN_POINT('',(-0.033,-0.01789,0.00677849));
#2445=CARTESIAN_POINT('',(-0.033,-0.021769999,0.004593));
#2446=CARTESIAN_POINT('',(-0.035,0.,0.0075));
#2447=CARTESIAN_POINT('',(-0.035,-0.0446,0.006985));
#2448=CARTESIAN_POINT('',(-0.035,-0.0476569224720297,0.0075));
#2449=CARTESIAN_POINT('',(-0.035,-0.0454365255525087,0.004));
#2450=CARTESIAN_POINT('',(-0.035,0.,0.004));
#2451=CARTESIAN_POINT('',(-0.035,-0.07,0.004));
#2452=CARTESIAN_POINT('',(-0.035,-0.07,0.0075));
#2453=CARTESIAN_POINT('',(-0.035,-0.07,0.0075));
#2454=CARTESIAN_POINT('',(-0.035,0.,0.0075));
#2455=CARTESIAN_POINT('',(0.,0.,0.0075));
#2456=CARTESIAN_POINT('',(-0.0288,-0.0476569224720297,0.0075));
#2457=CARTESIAN_POINT('',(-0.03,-0.07,0.0075));
#2458=CARTESIAN_POINT('',(-0.03,-0.075,0.0075));
#2459=CARTESIAN_POINT('',(-3.46944695195361E-18,-0.075,0.0075));
#2460=CARTESIAN_POINT('',(0.03,-0.075,0.0075));
#2461=CARTESIAN_POINT('',(0.03,-0.07,0.0075));
#2462=CARTESIAN_POINT('',(0.035,-0.07,0.0075));
#2463=CARTESIAN_POINT('',(0.035,0.,0.0075));
#2464=CARTESIAN_POINT('',(0.035,0.07,0.0075));
#2465=CARTESIAN_POINT('',(0.03,0.07,0.0075));
#2466=CARTESIAN_POINT('',(0.03,0.075,0.0075));
#2467=CARTESIAN_POINT('',(3.46944695195361E-18,0.075,0.0075));
#2468=CARTESIAN_POINT('',(-0.03,0.075,0.0075));
#2469=CARTESIAN_POINT('',(-0.03,0.07,0.0075));
#2470=CARTESIAN_POINT('',(-0.01,-0.00988278663971194,0.0075));
#2471=CARTESIAN_POINT('',(-0.028,0.068,0.0075));
#2472=CARTESIAN_POINT('',(-0.028,0.073,0.0075));
#2473=CARTESIAN_POINT('',(3.46944695195361E-18,0.073,0.0075));
#2474=CARTESIAN_POINT('',(0.028,0.073,0.0075));
#2475=CARTESIAN_POINT('',(0.028,0.068,0.0075));
#2476=CARTESIAN_POINT('',(0.033,0.068,0.0075));
#2477=CARTESIAN_POINT('',(0.033,0.,0.0075));
#2478=CARTESIAN_POINT('',(0.033,-0.068,0.0075));
#2479=CARTESIAN_POINT('',(0.028,-0.068,0.0075));
#2480=CARTESIAN_POINT('',(0.028,-0.073,0.0075));
#2481=CARTESIAN_POINT('',(-3.46944695195361E-18,-0.073,0.0075));
#2482=CARTESIAN_POINT('',(-0.028,-0.073,0.0075));
#2483=CARTESIAN_POINT('',(-0.028,-0.068,0.0075));
#2484=CARTESIAN_POINT('',(0.0135,-0.011,0.003));
#2485=CARTESIAN_POINT('',(0.0135,-0.011,0.001));
#2486=CARTESIAN_POINT('',(0.0135,-0.0099,0.001));
#2487=CARTESIAN_POINT('',(0.0135,-0.011,0.003));
#2488=CARTESIAN_POINT('',(0.0135,-0.0099,0.003));
#2489=CARTESIAN_POINT('',(0.0135,-0.011,0.001));
#2490=CARTESIAN_POINT('',(0.0135,-0.011,0.000339053319069682));
#2491=CARTESIAN_POINT('',(0.0135,-0.011,0.003));
#2492=CARTESIAN_POINT('',(0.0135,-0.011,0.003));
#2493=CARTESIAN_POINT('',(0.0135,-0.013,0.003));
#2494=CARTESIAN_POINT('',(0.0135,-0.011,0.003));
#2495=CARTESIAN_POINT('',(0.0135,-0.011,0.002));
#2496=CARTESIAN_POINT('',(0.0135,-0.0135,0.002));
#2497=CARTESIAN_POINT('',(0.0135,-0.053,0.003));
#2498=CARTESIAN_POINT('',(0.0135,-0.053,0.001));
#2499=CARTESIAN_POINT('',(0.0146,-0.053,0.001));
#2500=CARTESIAN_POINT('',(0.0135,-0.053,0.003));
#2501=CARTESIAN_POINT('',(0.0146,-0.053,0.003));
#2502=CARTESIAN_POINT('',(0.0135,-0.053,0.001));
#2503=CARTESIAN_POINT('',(0.0135,-0.053,0.000339053319069682));
#2504=CARTESIAN_POINT('',(0.0135,-0.053,0.003));
#2505=CARTESIAN_POINT('',(0.0135,-0.053,0.003));
#2506=CARTESIAN_POINT('',(0.0115,-0.053,0.003));
#2507=CARTESIAN_POINT('',(0.0135,-0.053,0.003));
#2508=CARTESIAN_POINT('',(0.0135,-0.053,0.002));
#2509=CARTESIAN_POINT('',(0.011,-0.053,0.002));
#2510=CARTESIAN_POINT('',(-0.0285,-0.053,0.003));
#2511=CARTESIAN_POINT('',(-0.0285,-0.053,0.001));
#2512=CARTESIAN_POINT('',(-0.0285,-0.0541,0.001));
#2513=CARTESIAN_POINT('',(-0.0285,-0.053,0.003));
#2514=CARTESIAN_POINT('',(-0.0285,-0.0541,0.003));
#2515=CARTESIAN_POINT('',(-0.0285,-0.053,0.001));
#2516=CARTESIAN_POINT('',(-0.0285,-0.053,0.000339053319069682));
#2517=CARTESIAN_POINT('',(-0.0285,-0.053,0.003));
#2518=CARTESIAN_POINT('',(-0.0285,-0.053,0.003));
#2519=CARTESIAN_POINT('',(-0.0285,-0.051,0.003));
#2520=CARTESIAN_POINT('',(-0.0285,-0.053,0.003));
#2521=CARTESIAN_POINT('',(-0.0285,-0.053,0.002));
#2522=CARTESIAN_POINT('',(-0.0285,-0.0505,0.002));
#2523=CARTESIAN_POINT('',(-3.46944695195361E-18,-0.073,0.0075));
#2524=CARTESIAN_POINT('',(0.028,-0.073,0.0045));
#2525=CARTESIAN_POINT('',(0.023,-0.073,0.0045));
#2526=CARTESIAN_POINT('',(0.028,-0.073,0.0045));
#2527=CARTESIAN_POINT('',(0.023,-0.073,0.0045));
#2528=CARTESIAN_POINT('',(0.023,-0.073,0.002));
#2529=CARTESIAN_POINT('',(-3.46944695195361E-18,-0.073,0.002));
#2530=CARTESIAN_POINT('',(-0.023,-0.073,0.002));
#2531=CARTESIAN_POINT('',(-0.023,-0.073,0.0045));
#2532=CARTESIAN_POINT('',(-0.023,-0.073,0.0045));
#2533=CARTESIAN_POINT('',(-0.028,-0.073,0.0045));
#2534=CARTESIAN_POINT('',(-0.028,-0.073,0.0045));
#2535=CARTESIAN_POINT('',(-0.028,-0.073,0.0075));
#2536=CARTESIAN_POINT('',(0.028,-0.073,0.0075));
#2537=CARTESIAN_POINT('',(0.033,0.,0.0075));
#2538=CARTESIAN_POINT('',(0.033,-0.063,0.0045));
#2539=CARTESIAN_POINT('',(0.033,-0.063,0.0045));
#2540=CARTESIAN_POINT('',(0.033,-0.063,0.002));
#2541=CARTESIAN_POINT('',(0.033,-0.068,0.0045));
#2542=CARTESIAN_POINT('',(0.033,-0.068,0.0045));
#2543=CARTESIAN_POINT('',(0.033,-0.068,0.0075));
#2544=CARTESIAN_POINT('',(0.033,0.068,0.0075));
#2545=CARTESIAN_POINT('',(0.033,0.068,0.0045));
#2546=CARTESIAN_POINT('',(0.033,0.068,0.0045));
#2547=CARTESIAN_POINT('',(0.033,0.063,0.0045));
#2548=CARTESIAN_POINT('',(0.033,0.063,0.0045));
#2549=CARTESIAN_POINT('',(0.033,0.063,0.002));
#2550=CARTESIAN_POINT('',(0.033,0.,0.002));
#2551=CARTESIAN_POINT('',(0.,0.,0.002));
#2552=CARTESIAN_POINT('',(-0.0285,-0.011,0.002));
#2553=CARTESIAN_POINT('',(-0.026,-0.011,0.002));
#2554=CARTESIAN_POINT('',(0.023,-0.069,0.002));
#2555=CARTESIAN_POINT('',(0.023,-0.065,0.002));
#2556=CARTESIAN_POINT('',(0.025,-0.065,0.002));
#2557=CARTESIAN_POINT('',(0.025,-0.063,0.002));
#2558=CARTESIAN_POINT('',(0.029,-0.063,0.002));
#2559=CARTESIAN_POINT('',(0.029,0.063,0.002));
#2560=CARTESIAN_POINT('',(0.025,0.063,0.002));
#2561=CARTESIAN_POINT('',(0.025,0.065,0.002));
#2562=CARTESIAN_POINT('',(0.023,0.065,0.002));
#2563=CARTESIAN_POINT('',(0.023,0.069,0.002));
#2564=CARTESIAN_POINT('',(0.023,0.073,0.002));
#2565=CARTESIAN_POINT('',(3.46944695195361E-18,0.073,0.002));
#2566=CARTESIAN_POINT('',(-0.023,0.073,0.002));
#2567=CARTESIAN_POINT('',(-0.023,0.069,0.002));
#2568=CARTESIAN_POINT('',(-0.023,0.065,0.002));
#2569=CARTESIAN_POINT('',(-0.025,0.065,0.002));
#2570=CARTESIAN_POINT('',(-0.025,0.063,0.002));
#2571=CARTESIAN_POINT('',(-0.029,0.063,0.002));
#2572=CARTESIAN_POINT('',(-0.029,-0.063,0.002));
#2573=CARTESIAN_POINT('',(-0.025,-0.063,0.002));
#2574=CARTESIAN_POINT('',(-0.025,-0.065,0.002));
#2575=CARTESIAN_POINT('',(-0.023,-0.065,0.002));
#2576=CARTESIAN_POINT('',(-0.023,-0.069,0.002));
#2577=CARTESIAN_POINT('',(3.46944695195361E-18,0.075,0.0075));
#2578=CARTESIAN_POINT('',(0.03,0.075,0.0075));
#2579=CARTESIAN_POINT('',(0.03,0.075,0.004));
#2580=CARTESIAN_POINT('',(3.46944695195361E-18,0.075,0.004));
#2581=CARTESIAN_POINT('',(-0.03,0.075,0.004));
#2582=CARTESIAN_POINT('',(-0.03,0.075,0.0075));
#2583=CARTESIAN_POINT('',(-0.03,0.07,0.0075));
#2584=CARTESIAN_POINT('',(-0.03,0.07,0.004));
#2585=CARTESIAN_POINT('',(-0.03,-0.07,0.0075));
#2586=CARTESIAN_POINT('',(-0.03,-0.07,0.004));
#2587=CARTESIAN_POINT('',(-0.03,-0.075,0.004));
#2588=CARTESIAN_POINT('',(-0.03,-0.075,0.0075));
#2589=CARTESIAN_POINT('',(-3.46944695195361E-18,-0.075,0.0075));
#2590=CARTESIAN_POINT('',(0.03,-0.075,0.004));
#2591=CARTESIAN_POINT('',(0.03,-0.075,0.004));
#2592=CARTESIAN_POINT('',(0.03,-0.075,0.0075));
#2593=CARTESIAN_POINT('',(0.03,-0.07,0.0075));
#2594=CARTESIAN_POINT('',(0.03,-0.07,0.004));
#2595=CARTESIAN_POINT('',(0.035,-0.07,0.004));
#2596=CARTESIAN_POINT('',(0.035,-0.07,0.0075));
#2597=CARTESIAN_POINT('',(0.035,0.,0.0075));
#2598=CARTESIAN_POINT('',(0.035,0.07,0.004));
#2599=CARTESIAN_POINT('',(0.035,0.07,0.004));
#2600=CARTESIAN_POINT('',(0.035,0.07,0.0075));
#2601=CARTESIAN_POINT('',(-0.028,0.068,0.0075));
#2602=CARTESIAN_POINT('',(-0.028,0.068,0.0045));
#2603=CARTESIAN_POINT('',(-0.028,0.073,0.0045));
#2604=CARTESIAN_POINT('',(-0.028,0.073,0.0075));
#2605=CARTESIAN_POINT('',(3.46944695195361E-18,0.073,0.0075));
#2606=CARTESIAN_POINT('',(0.023,0.073,0.0045));
#2607=CARTESIAN_POINT('',(0.023,0.073,0.0045));
#2608=CARTESIAN_POINT('',(0.028,0.073,0.0045));
#2609=CARTESIAN_POINT('',(0.028,0.073,0.0045));
#2610=CARTESIAN_POINT('',(0.028,0.073,0.0075));
#2611=CARTESIAN_POINT('',(-0.028,0.073,0.0045));
#2612=CARTESIAN_POINT('',(-0.023,0.073,0.0045));
#2613=CARTESIAN_POINT('',(-0.023,0.073,0.0045));
#2614=CARTESIAN_POINT('',(0.028,0.068,0.0075));
#2615=CARTESIAN_POINT('',(0.028,0.068,0.0045));
#2616=CARTESIAN_POINT('',(0.028,-0.068,0.0075));
#2617=CARTESIAN_POINT('',(0.028,-0.068,0.0045));
#2618=CARTESIAN_POINT('',(-0.028,-0.068,0.0075));
#2619=CARTESIAN_POINT('',(-0.028,-0.068,0.0045));
#2620=CARTESIAN_POINT('',(0.03,0.07,0.0075));
#2621=CARTESIAN_POINT('',(0.03,0.07,0.004));
#2622=CARTESIAN_POINT('',(0.,0.,0.));
#2623=CARTESIAN_POINT('',(0.,0.071,0.));
#2624=CARTESIAN_POINT('',(-0.03,0.071,0.));
#2625=CARTESIAN_POINT('',(0.03,0.071,0.));
#2626=CARTESIAN_POINT('',(0.03,0.07,0.));
#2627=CARTESIAN_POINT('',(0.031,0.07,0.));
#2628=CARTESIAN_POINT('',(0.031,-0.07,0.));
#2629=CARTESIAN_POINT('',(0.031,-0.07,0.));
#2630=CARTESIAN_POINT('',(0.03,-0.07,0.));
#2631=CARTESIAN_POINT('',(0.03,-0.071,0.));
#2632=CARTESIAN_POINT('',(-0.03,-0.071,0.));
#2633=CARTESIAN_POINT('',(-0.03,-0.071,0.));
#2634=CARTESIAN_POINT('',(-0.03,-0.07,0.));
#2635=CARTESIAN_POINT('',(-0.031,-0.07,0.));
#2636=CARTESIAN_POINT('',(-0.031,3.0729387288732E-18,0.));
#2637=CARTESIAN_POINT('',(-0.031,0.07,0.));
#2638=CARTESIAN_POINT('',(-0.03,0.07,0.));
#2639=CARTESIAN_POINT('',(0.,0.,0.0045));
#2640=CARTESIAN_POINT('',(-0.028,0.068,0.0045));
#2641=CARTESIAN_POINT('',(-0.0296,0.068,0.0045));
#2642=CARTESIAN_POINT('',(-0.029,0.063,0.0045));
#2643=CARTESIAN_POINT('',(-0.025,0.063,0.0045));
#2644=CARTESIAN_POINT('',(-0.025,0.065,0.0045));
#2645=CARTESIAN_POINT('',(-0.023,0.065,0.0045));
#2646=CARTESIAN_POINT('',(-0.023,0.069,0.0045));
#2647=CARTESIAN_POINT('',(-0.029,0.063,0.0045));
#2648=CARTESIAN_POINT('',(-0.025,0.063,0.0045));
#2649=CARTESIAN_POINT('',(-0.025,0.065,0.0045));
#2650=CARTESIAN_POINT('',(-0.023,0.065,0.0045));
#2651=CARTESIAN_POINT('',(-0.023,0.069,0.0045));
#2652=CARTESIAN_POINT('',(-0.0264,0.068,0.0025));
#2653=CARTESIAN_POINT('',(-0.028,0.068,0.0025));
#2654=CARTESIAN_POINT('',(-0.0296,0.068,0.0025));
#2655=CARTESIAN_POINT('',(-0.028,0.068,0.0045));
#2656=CARTESIAN_POINT('',(0.,0.,0.0045));
#2657=CARTESIAN_POINT('',(0.028,0.068,0.0045));
#2658=CARTESIAN_POINT('',(0.0264,0.068,0.0045));
#2659=CARTESIAN_POINT('',(0.023,0.069,0.0045));
#2660=CARTESIAN_POINT('',(0.023,0.065,0.0045));
#2661=CARTESIAN_POINT('',(0.025,0.065,0.0045));
#2662=CARTESIAN_POINT('',(0.025,0.063,0.0045));
#2663=CARTESIAN_POINT('',(0.029,0.063,0.0045));
#2664=CARTESIAN_POINT('',(0.023,0.069,0.0045));
#2665=CARTESIAN_POINT('',(0.023,0.065,0.0045));
#2666=CARTESIAN_POINT('',(0.025,0.065,0.0045));
#2667=CARTESIAN_POINT('',(0.025,0.063,0.0045));
#2668=CARTESIAN_POINT('',(0.029,0.063,0.0045));
#2669=CARTESIAN_POINT('',(0.0296,0.068,0.0025));
#2670=CARTESIAN_POINT('',(0.028,0.068,0.0025));
#2671=CARTESIAN_POINT('',(0.0264,0.068,0.0025));
#2672=CARTESIAN_POINT('',(0.028,0.068,0.0045));
#2673=CARTESIAN_POINT('',(0.,0.,0.0045));
#2674=CARTESIAN_POINT('',(-0.028,-0.068,0.0045));
#2675=CARTESIAN_POINT('',(-0.0296,-0.068,0.0045));
#2676=CARTESIAN_POINT('',(-0.023,-0.069,0.0045));
#2677=CARTESIAN_POINT('',(-0.023,-0.065,0.0045));
#2678=CARTESIAN_POINT('',(-0.025,-0.065,0.0045));
#2679=CARTESIAN_POINT('',(-0.025,-0.063,0.0045));
#2680=CARTESIAN_POINT('',(-0.029,-0.063,0.0045));
#2681=CARTESIAN_POINT('',(-0.023,-0.069,0.0045));
#2682=CARTESIAN_POINT('',(-0.023,-0.065,0.0045));
#2683=CARTESIAN_POINT('',(-0.025,-0.065,0.0045));
#2684=CARTESIAN_POINT('',(-0.025,-0.063,0.0045));
#2685=CARTESIAN_POINT('',(-0.029,-0.063,0.0045));
#2686=CARTESIAN_POINT('',(-0.0264,-0.068,0.0025));
#2687=CARTESIAN_POINT('',(-0.028,-0.068,0.0025));
#2688=CARTESIAN_POINT('',(-0.0296,-0.068,0.0025));
#2689=CARTESIAN_POINT('',(-0.028,-0.068,0.0045));
#2690=CARTESIAN_POINT('',(0.,0.,0.0045));
#2691=CARTESIAN_POINT('',(0.028,-0.068,0.0045));
#2692=CARTESIAN_POINT('',(0.0264,-0.068,0.0045));
#2693=CARTESIAN_POINT('',(0.029,-0.063,0.0045));
#2694=CARTESIAN_POINT('',(0.025,-0.063,0.0045));
#2695=CARTESIAN_POINT('',(0.025,-0.065,0.0045));
#2696=CARTESIAN_POINT('',(0.023,-0.065,0.0045));
#2697=CARTESIAN_POINT('',(0.023,-0.069,0.0045));
#2698=CARTESIAN_POINT('',(0.029,-0.063,0.0045));
#2699=CARTESIAN_POINT('',(0.025,-0.063,0.0045));
#2700=CARTESIAN_POINT('',(0.025,-0.065,0.0045));
#2701=CARTESIAN_POINT('',(0.023,-0.065,0.0045));
#2702=CARTESIAN_POINT('',(0.023,-0.069,0.0045));
#2703=CARTESIAN_POINT('',(0.0296,-0.068,0.0025));
#2704=CARTESIAN_POINT('',(0.028,-0.068,0.0025));
#2705=CARTESIAN_POINT('',(0.0264,-0.068,0.0025));
#2706=CARTESIAN_POINT('',(0.028,-0.068,0.0045));
#2707=CARTESIAN_POINT('',(-0.0285,-0.011,0.003));
#2708=CARTESIAN_POINT('',(-0.0285,-0.011,0.003));
#2709=CARTESIAN_POINT('',(-0.0265,-0.011,0.003));
#2710=CARTESIAN_POINT('',(-0.0285,-0.011,0.003));
#2711=CARTESIAN_POINT('',(-0.0285,-0.011,0.003));
#2712=CARTESIAN_POINT('',(-0.0296,-0.011,0.003));
#2713=CARTESIAN_POINT('',(-0.0285,-0.011,0.001));
#2714=CARTESIAN_POINT('',(-0.0285,-0.011,0.000339053319069682));
#2715=CARTESIAN_POINT('',(-0.0285,-0.011,0.001));
#2716=CARTESIAN_POINT('',(-0.0296,-0.011,0.001));
#2717=CARTESIAN_POINT('',(-0.0285,-0.011,0.003));
#2718=CARTESIAN_POINT('',(-0.01,-0.01967,0.00647849));
#2719=CARTESIAN_POINT('',(-0.01,-0.01967,0.00617849));
#2720=CARTESIAN_POINT('',(-0.01,-0.01967,0.00677849));
#2721=CARTESIAN_POINT('',(-0.01,-0.01789,0.00677849));
#2722=CARTESIAN_POINT('',(-0.01,-0.01151,0.00677849));
#2723=CARTESIAN_POINT('',(-0.01,-0.00973,0.00677849));
#2724=CARTESIAN_POINT('',(-0.01,-0.00973,0.00647849));
#2725=CARTESIAN_POINT('',(-0.01,-0.00973,0.00617849));
#2726=CARTESIAN_POINT('',(-0.01,-0.01151,0.00617849));
#2727=CARTESIAN_POINT('',(-0.01,-0.01151,0.00439849));
#2728=CARTESIAN_POINT('',(-0.01,-0.013105,0.00439849));
#2729=CARTESIAN_POINT('',(-0.01,-0.01789,0.00439849));
#2730=CARTESIAN_POINT('',(-0.01,-0.01789,0.00617849));
#2731=CARTESIAN_POINT('',(-0.0288,-0.0446,0.006985));
#2732=CARTESIAN_POINT('',(-0.035,-0.0437634744474913,0.004));
#2733=CARTESIAN_POINT('',(-0.035,-0.0443111926115971,0.00384650578229559));
#2734=CARTESIAN_POINT('',(-0.035,-0.0448888038310435,0.00384650478537029));
#2735=CARTESIAN_POINT('',(-0.035,-0.0454365255525087,0.004));
#2736=CARTESIAN_POINT('',(-0.0325,-0.022239999,0.00567));
#2737=CARTESIAN_POINT('',(-0.0338000027999869,-0.022239999,0.00567));
#2738=CARTESIAN_POINT('',(-0.0338000027999869,-0.022239999,0.004945));
#2739=CARTESIAN_POINT('',(-0.0325,-0.022239999,0.004945));
#2740=CARTESIAN_POINT('',(-0.0325,-0.033799726626935,0.004945));
#2741=CARTESIAN_POINT('',(-0.0706317626262437,-0.0282301377818851,0.004945));
#2742=CARTESIAN_POINT('',(-0.0325,-0.03422027656377,0.004945));
#2743=CARTESIAN_POINT('',(-0.0345,-0.03422027656377,0.004945));
#2744=CARTESIAN_POINT('',(-0.0345,-0.033799726626935,0.004945));
#2745=CARTESIAN_POINT('',(-0.034500002800026,-0.0338441176491,0.004945));
#2746=CARTESIAN_POINT('',(-0.0283723609549676,-0.0338441176490999,0.004945));
#2747=CARTESIAN_POINT('',(-0.034395416067023,-0.0327168192420872,0.004945));
#2748=CARTESIAN_POINT('',(-0.0345322264925268,-0.0333813271090713,0.004945));
#2749=CARTESIAN_POINT('',(-0.0339006632627831,-0.0303137338820416,0.004945));
#2750=CARTESIAN_POINT('',(-0.0387000027999917,-0.0293256346933851,0.004945));
#2751=CARTESIAN_POINT('',(-0.0338000027999869,-0.029325634693385,0.004945));
#2752=CARTESIAN_POINT('',(-0.0338000027999869,-0.033799726626935,0.004945));
#2753=CARTESIAN_POINT('',(-0.0325,-0.03422027656377,0.00567));
#2754=CARTESIAN_POINT('',(-0.0345,-0.03422027656377,0.00567));
#2755=CARTESIAN_POINT('',(-0.0338000027999869,-0.022314999,0.004593));
#2756=CARTESIAN_POINT('',(-0.0338000027999869,-0.029325634693385,0.004593));
#2757=CARTESIAN_POINT('',(-0.0338000027999869,-0.029325634693385,0.004595));
#2758=CARTESIAN_POINT('',(-0.0338000027999869,-0.022314999,0.004595));
#2759=CARTESIAN_POINT('',(-0.0338000027999869,-0.021769999,0.004595));
#2760=CARTESIAN_POINT('',(-0.0338000027999869,-0.021769999,0.004593));
#2761=CARTESIAN_POINT('',(-0.0338000027999869,-0.029325634693385,0.004593));
#2762=CARTESIAN_POINT('',(-0.0387000027999917,-0.0293256346933851,0.004593));
#2763=CARTESIAN_POINT('',(-0.0339006632627831,-0.0303137338820416,0.004593));
#2764=CARTESIAN_POINT('',(-0.034148039664903,-0.0315152765620644,0.004593));
#2765=CARTESIAN_POINT('',(-0.034395416067023,-0.0327168192420872,0.004593));
#2766=CARTESIAN_POINT('',(-0.0283723609549676,-0.0338441176490999,0.004593));
#2767=CARTESIAN_POINT('',(-0.034500002800026,-0.0338441176491,0.004593));
#2768=CARTESIAN_POINT('',(-0.0345,-0.03522013781003,0.004593));
#2769=CARTESIAN_POINT('',(-0.0345,-0.03651999905629,0.004593));
#2770=CARTESIAN_POINT('',(-0.0345,-0.03651999905629,0.004595));
#2771=CARTESIAN_POINT('',(-0.0345,-0.03522013781003,0.004595));
#2772=CARTESIAN_POINT('',(-0.034500002800026,-0.0338441176491,0.004595));
#2773=CARTESIAN_POINT('',(-0.034500002800026,-0.0338441176491,0.004593));
#2774=CARTESIAN_POINT('',(-0.027150029,-0.029144999,0.004595));
#2775=CARTESIAN_POINT('',(-0.0337,-0.03651999905629,0.004595));
#2776=CARTESIAN_POINT('',(-0.0294809049211834,-0.021769999,0.004595));
#2777=CARTESIAN_POINT('',(-0.0387000027999917,-0.0293256346933851,0.004595));
#2778=CARTESIAN_POINT('',(-0.0339006632627831,-0.0303137338820416,0.004595));
#2779=CARTESIAN_POINT('',(-0.034148039664903,-0.0315152765620644,0.004595));
#2780=CARTESIAN_POINT('',(-0.034395416067023,-0.0327168192420872,0.004595));
#2781=CARTESIAN_POINT('',(-0.0283723609549676,-0.0338441176490999,0.004595));
#2782=CARTESIAN_POINT('',(-0.0283723609549676,-0.0338441176490999,0.004593));
#2783=CARTESIAN_POINT('',(-0.034395416067023,-0.0327168192420872,0.004593));
#2784=CARTESIAN_POINT('',(-0.034148039664903,-0.0315152765620644,0.004593));
#2785=CARTESIAN_POINT('',(-0.0339006632627831,-0.0303137338820416,0.004593));
#2786=CARTESIAN_POINT('',(-0.0387000027999917,-0.0293256346933851,0.004593));
#2787=CARTESIAN_POINT('',(-0.0294809049211834,-0.021769999,0.004593));
#2788=CARTESIAN_POINT('',(-0.0337,-0.03651999905629,0.004593));
#2789=CARTESIAN_POINT('',(-0.0706317626262437,-0.0282301377818851,0.004945));
#2790=CARTESIAN_POINT('',(-0.0706317626262436,-0.028230137781885,0.006395));
#2791=CARTESIAN_POINT('',(-0.03,-0.07,0.004));
#2792=CARTESIAN_POINT('',(-0.031,-0.07,0.004));
#2793=CARTESIAN_POINT('',(-0.03,-0.071,0.004));
#2794=CARTESIAN_POINT('',(0.,-0.071,0.004));
#2795=CARTESIAN_POINT('',(0.03,-0.071,0.004));
#2796=CARTESIAN_POINT('',(-0.031,-3.96508223080413E-19,0.004));
#2797=CARTESIAN_POINT('',(-0.031,0.07,0.004));
#2798=CARTESIAN_POINT('',(0.03,-0.07,0.004));
#2799=CARTESIAN_POINT('',(0.031,-0.07,0.004));
#2800=CARTESIAN_POINT('',(-0.03,0.07,0.004));
#2801=CARTESIAN_POINT('',(-0.03,0.071,0.004));
#2802=CARTESIAN_POINT('',(0.031,-3.0729387288732E-18,0.004));
#2803=CARTESIAN_POINT('',(0.031,0.07,0.004));
#2804=CARTESIAN_POINT('',(3.46944695195361E-18,0.071,0.004));
#2805=CARTESIAN_POINT('',(0.03,0.071,0.004));
#2806=CARTESIAN_POINT('',(0.03,0.07,0.004));
#2807=MECHANICAL_DESIGN_GEOMETRIC_PRESENTATION_REPRESENTATION('',(#1620),
#2808);
#2808=(
GEOMETRIC_REPRESENTATION_CONTEXT(3)
GLOBAL_UNCERTAINTY_ASSIGNED_CONTEXT((#2809))
GLOBAL_UNIT_ASSIGNED_CONTEXT((#2812,#2811,#2810))
REPRESENTATION_CONTEXT('BottomHalf','TOP_LEVEL_ASSEMBLY_PART')
);
#2809=UNCERTAINTY_MEASURE_WITH_UNIT(LENGTH_MEASURE(2.E-5),#2812,
'DISTANCE_ACCURACY_VALUE','Maximum Tolerance applied to model');
#2810=(
NAMED_UNIT(*)
SI_UNIT($,.STERADIAN.)
SOLID_ANGLE_UNIT()
);
#2811=(
NAMED_UNIT(*)
PLANE_ANGLE_UNIT()
SI_UNIT($,.RADIAN.)
);
#2812=(
LENGTH_UNIT()
NAMED_UNIT(*)
SI_UNIT($,.METRE.)
);
#2813=PRODUCT_DEFINITION_SHAPE('','',#2814);
#2814=PRODUCT_DEFINITION('','',#2816,#2815);
#2815=PRODUCT_DEFINITION_CONTEXT('',#2822,'design');
#2816=PRODUCT_DEFINITION_FORMATION_WITH_SPECIFIED_SOURCE('','',#2818,
 .NOT_KNOWN.);
#2817=PRODUCT_RELATED_PRODUCT_CATEGORY('','',(#2818));
#2818=PRODUCT('BottomHalf','BottomHalf','BottomHalf',(#2820));
#2819=PRODUCT_CATEGORY('','');
#2820=PRODUCT_CONTEXT('',#2822,'mechanical');
#2821=APPLICATION_PROTOCOL_DEFINITION('international standard',
'automotive_design',2010,#2822);
#2822=APPLICATION_CONTEXT(
'core data for automotive mechanical design processes');
ENDSEC;
END-ISO-10303-21;
