ISO-10303-21;
HEADER;
/* Generated by software containing ST-Developer
 * from STEP Tools, Inc. (www.steptools.com) 
 */
/* OPTION: using custom renumber hook */

FILE_DESCRIPTION(
/* description */ ('STEP AP214',
'CAx-IF Rec.Pracs.---User Defined Attributes---1.5---2016-08-15'),
/* implementation_level */ '2;1');

FILE_NAME(
/* name */ 'CASE - TopHalf',
/* time_stamp */ '2026-06-13T05:17:18Z',
/* author */ (''),
/* organization */ (''),
/* preprocessor_version */ 'ST-DEVELOPER v20',
/* originating_system */ 'ONSHAPE BY PTC INC, 1.216',
/* authorisation */ '  ');

FILE_SCHEMA (('AUTOMOTIVE_DESIGN {1 0 10303 214 3 1 1}'));
ENDSEC;

DATA;
#10=PROPERTY_DEFINITION_REPRESENTATION(#14,#12);
#11=PROPERTY_DEFINITION_REPRESENTATION(#15,#13);
#12=REPRESENTATION('',(#16),#5339);
#13=REPRESENTATION('',(#17),#5339);
#14=PROPERTY_DEFINITION('pmi validation property','',#5344);
#15=PROPERTY_DEFINITION('pmi validation property','',#5344);
#16=VALUE_REPRESENTATION_ITEM('number of annotations',COUNT_MEASURE(0.));
#17=VALUE_REPRESENTATION_ITEM('number of views',COUNT_MEASURE(0.));
#18=SHAPE_REPRESENTATION_RELATIONSHIP('','',#3201,#19);
#19=ADVANCED_BREP_SHAPE_REPRESENTATION('',(#3199),#5339);
#20=DEGENERATE_TOROIDAL_SURFACE('',#3486,0.001,0.004,.T.);
#21=DEGENERATE_TOROIDAL_SURFACE('',#3493,0.00100000000000001,0.004,.T.);
#22=DEGENERATE_TOROIDAL_SURFACE('',#3495,0.001,0.004,.T.);
#23=DEGENERATE_TOROIDAL_SURFACE('',#3501,0.001,0.004,.T.);
#24=CONICAL_SURFACE('',#3482,0.00225,0.785398163397448);
#25=CONICAL_SURFACE('',#3483,0.00225,0.785398163397448);
#26=CONICAL_SURFACE('',#3484,0.00225,0.785398163397448);
#27=CONICAL_SURFACE('',#3485,0.00225,0.785398163397448);
#28=CYLINDRICAL_SURFACE('',#3245,0.002);
#29=CYLINDRICAL_SURFACE('',#3249,0.0016);
#30=CYLINDRICAL_SURFACE('',#3253,0.002);
#31=CYLINDRICAL_SURFACE('',#3257,0.0016);
#32=CYLINDRICAL_SURFACE('',#3260,0.002);
#33=CYLINDRICAL_SURFACE('',#3263,0.0016);
#34=CYLINDRICAL_SURFACE('',#3267,0.002);
#35=CYLINDRICAL_SURFACE('',#3270,0.0016);
#36=CYLINDRICAL_SURFACE('',#3289,0.002);
#37=CYLINDRICAL_SURFACE('',#3291,0.0011);
#38=CYLINDRICAL_SURFACE('',#3296,0.002);
#39=CYLINDRICAL_SURFACE('',#3299,0.0011);
#40=CYLINDRICAL_SURFACE('',#3305,0.002);
#41=CYLINDRICAL_SURFACE('',#3307,0.0011);
#42=CYLINDRICAL_SURFACE('',#3311,0.002);
#43=CYLINDRICAL_SURFACE('',#3314,0.0011);
#44=CYLINDRICAL_SURFACE('',#3319,0.005);
#45=CYLINDRICAL_SURFACE('',#3324,0.005);
#46=CYLINDRICAL_SURFACE('',#3329,0.005);
#47=CYLINDRICAL_SURFACE('',#3334,0.005);
#48=CYLINDRICAL_SURFACE('',#3339,0.005);
#49=CYLINDRICAL_SURFACE('',#3345,0.005);
#50=CYLINDRICAL_SURFACE('',#3348,0.005);
#51=CYLINDRICAL_SURFACE('',#3351,0.005);
#52=CYLINDRICAL_SURFACE('',#3353,0.00178);
#53=CYLINDRICAL_SURFACE('',#3355,0.00178);
#54=CYLINDRICAL_SURFACE('',#3356,0.0031);
#55=CYLINDRICAL_SURFACE('',#3357,0.002);
#56=CYLINDRICAL_SURFACE('',#3360,0.002);
#57=CYLINDRICAL_SURFACE('',#3363,0.002);
#58=CYLINDRICAL_SURFACE('',#3367,0.002);
#59=CYLINDRICAL_SURFACE('',#3370,0.002);
#60=CYLINDRICAL_SURFACE('',#3373,0.002);
#61=CYLINDRICAL_SURFACE('',#3376,0.002);
#62=CYLINDRICAL_SURFACE('',#3379,0.002);
#63=CYLINDRICAL_SURFACE('',#3382,0.002);
#64=CYLINDRICAL_SURFACE('',#3387,0.002);
#65=CYLINDRICAL_SURFACE('',#3390,0.002);
#66=CYLINDRICAL_SURFACE('',#3393,0.002);
#67=CYLINDRICAL_SURFACE('',#3407,0.002);
#68=CYLINDRICAL_SURFACE('',#3410,0.002);
#69=CYLINDRICAL_SURFACE('',#3413,0.002);
#70=CYLINDRICAL_SURFACE('',#3417,0.002);
#71=CYLINDRICAL_SURFACE('',#3422,0.002);
#72=CYLINDRICAL_SURFACE('',#3425,0.002);
#73=CYLINDRICAL_SURFACE('',#3429,0.002);
#74=CYLINDRICAL_SURFACE('',#3432,0.002);
#75=CYLINDRICAL_SURFACE('',#3437,0.002);
#76=CYLINDRICAL_SURFACE('',#3440,0.002);
#77=CYLINDRICAL_SURFACE('',#3444,0.002);
#78=CYLINDRICAL_SURFACE('',#3447,0.002);
#79=CYLINDRICAL_SURFACE('',#3452,0.002);
#80=CYLINDRICAL_SURFACE('',#3455,0.002);
#81=CYLINDRICAL_SURFACE('',#3458,0.002);
#82=CYLINDRICAL_SURFACE('',#3462,0.002);
#83=CYLINDRICAL_SURFACE('',#3466,0.00135);
#84=CYLINDRICAL_SURFACE('',#3468,0.00135);
#85=CYLINDRICAL_SURFACE('',#3470,0.00135);
#86=CYLINDRICAL_SURFACE('',#3472,0.00135);
#87=CYLINDRICAL_SURFACE('',#3489,0.004);
#88=CYLINDRICAL_SURFACE('',#3491,0.004);
#89=CYLINDRICAL_SURFACE('',#3497,0.004);
#90=CYLINDRICAL_SURFACE('',#3499,0.004);
#91=CIRCLE('',#3204,0.002);
#92=CIRCLE('',#3205,0.002);
#93=CIRCLE('',#3206,0.002);
#94=CIRCLE('',#3207,0.002);
#95=CIRCLE('',#3208,0.002);
#96=CIRCLE('',#3209,0.002);
#97=CIRCLE('',#3210,0.002);
#98=CIRCLE('',#3211,0.002);
#99=CIRCLE('',#3212,0.002);
#100=CIRCLE('',#3213,0.002);
#101=CIRCLE('',#3214,0.002);
#102=CIRCLE('',#3215,0.002);
#103=CIRCLE('',#3216,0.002);
#104=CIRCLE('',#3217,0.002);
#105=CIRCLE('',#3218,0.002);
#106=CIRCLE('',#3219,0.002);
#107=CIRCLE('',#3220,0.002);
#108=CIRCLE('',#3221,0.002);
#109=CIRCLE('',#3222,0.002);
#110=CIRCLE('',#3223,0.002);
#111=CIRCLE('',#3224,0.002);
#112=CIRCLE('',#3225,0.002);
#113=CIRCLE('',#3226,0.002);
#114=CIRCLE('',#3227,0.002);
#115=CIRCLE('',#3228,0.002);
#116=CIRCLE('',#3229,0.002);
#117=CIRCLE('',#3230,0.002);
#118=CIRCLE('',#3231,0.002);
#119=CIRCLE('',#3233,0.001);
#120=CIRCLE('',#3234,0.001);
#121=CIRCLE('',#3235,0.001);
#122=CIRCLE('',#3236,0.00100000000000001);
#123=CIRCLE('',#3237,0.00225);
#124=CIRCLE('',#3238,0.00225);
#125=CIRCLE('',#3239,0.00225);
#126=CIRCLE('',#3240,0.00225);
#127=CIRCLE('',#3246,0.002);
#128=CIRCLE('',#3247,0.002);
#129=CIRCLE('',#3250,0.0016);
#130=CIRCLE('',#3251,0.0016);
#131=CIRCLE('',#3254,0.002);
#132=CIRCLE('',#3255,0.002);
#133=CIRCLE('',#3258,0.0016);
#134=CIRCLE('',#3259,0.0016);
#135=CIRCLE('',#3261,0.002);
#136=CIRCLE('',#3262,0.002);
#137=CIRCLE('',#3264,0.0016);
#138=CIRCLE('',#3265,0.0016);
#139=CIRCLE('',#3268,0.002);
#140=CIRCLE('',#3269,0.002);
#141=CIRCLE('',#3271,0.0016);
#142=CIRCLE('',#3272,0.0016);
#143=CIRCLE('',#3275,0.0031);
#144=CIRCLE('',#3276,0.00178);
#145=CIRCLE('',#3277,0.00178);
#146=CIRCLE('',#3279,0.005);
#147=CIRCLE('',#3280,0.005);
#148=CIRCLE('',#3281,0.005);
#149=CIRCLE('',#3282,0.005);
#150=CIRCLE('',#3283,0.005);
#151=CIRCLE('',#3284,0.005);
#152=CIRCLE('',#3285,0.005);
#153=CIRCLE('',#3286,0.005);
#154=CIRCLE('',#3290,0.002);
#155=CIRCLE('',#3292,0.0011);
#156=CIRCLE('',#3293,0.0011);
#157=CIRCLE('',#3297,0.002);
#158=CIRCLE('',#3300,0.0011);
#159=CIRCLE('',#3301,0.0011);
#160=CIRCLE('',#3306,0.002);
#161=CIRCLE('',#3308,0.0011);
#162=CIRCLE('',#3309,0.0011);
#163=CIRCLE('',#3312,0.002);
#164=CIRCLE('',#3315,0.0011);
#165=CIRCLE('',#3316,0.0011);
#166=CIRCLE('',#3320,0.005);
#167=CIRCLE('',#3325,0.005);
#168=CIRCLE('',#3330,0.005);
#169=CIRCLE('',#3335,0.005);
#170=CIRCLE('',#3340,0.005);
#171=CIRCLE('',#3342,0.00178);
#172=CIRCLE('',#3343,0.00178);
#173=CIRCLE('',#3344,0.0031);
#174=CIRCLE('',#3346,0.005);
#175=CIRCLE('',#3349,0.005);
#176=CIRCLE('',#3352,0.005);
#177=CIRCLE('',#3358,0.002);
#178=CIRCLE('',#3361,0.002);
#179=CIRCLE('',#3364,0.002);
#180=CIRCLE('',#3368,0.002);
#181=CIRCLE('',#3371,0.002);
#182=CIRCLE('',#3374,0.002);
#183=CIRCLE('',#3377,0.002);
#184=CIRCLE('',#3380,0.002);
#185=CIRCLE('',#3383,0.002);
#186=CIRCLE('',#3388,0.002);
#187=CIRCLE('',#3391,0.002);
#188=CIRCLE('',#3394,0.002);
#189=CIRCLE('',#3408,0.002);
#190=CIRCLE('',#3411,0.002);
#191=CIRCLE('',#3414,0.002);
#192=CIRCLE('',#3415,0.002);
#193=CIRCLE('',#3418,0.002);
#194=CIRCLE('',#3420,0.00135);
#195=CIRCLE('',#3423,0.002);
#196=CIRCLE('',#3426,0.002);
#197=CIRCLE('',#3427,0.002);
#198=CIRCLE('',#3430,0.002);
#199=CIRCLE('',#3433,0.002);
#200=CIRCLE('',#3435,0.00135);
#201=CIRCLE('',#3438,0.002);
#202=CIRCLE('',#3441,0.002);
#203=CIRCLE('',#3442,0.002);
#204=CIRCLE('',#3445,0.002);
#205=CIRCLE('',#3448,0.002);
#206=CIRCLE('',#3450,0.00135);
#207=CIRCLE('',#3453,0.002);
#208=CIRCLE('',#3456,0.002);
#209=CIRCLE('',#3459,0.002);
#210=CIRCLE('',#3460,0.002);
#211=CIRCLE('',#3463,0.002);
#212=CIRCLE('',#3465,0.00135);
#213=CIRCLE('',#3467,0.00135);
#214=CIRCLE('',#3469,0.00135);
#215=CIRCLE('',#3471,0.00135);
#216=CIRCLE('',#3473,0.00135);
#217=CIRCLE('',#3487,0.004);
#218=CIRCLE('',#3488,0.004);
#219=CIRCLE('',#3490,0.004);
#220=CIRCLE('',#3492,0.004);
#221=CIRCLE('',#3494,0.004);
#222=CIRCLE('',#3496,0.004);
#223=CIRCLE('',#3498,0.004);
#224=CIRCLE('',#3500,0.004);
#225=ORIENTED_EDGE('',*,*,#1125,.F.);
#226=ORIENTED_EDGE('',*,*,#1126,.T.);
#227=ORIENTED_EDGE('',*,*,#1127,.F.);
#228=ORIENTED_EDGE('',*,*,#1128,.F.);
#229=ORIENTED_EDGE('',*,*,#1129,.T.);
#230=ORIENTED_EDGE('',*,*,#1130,.F.);
#231=ORIENTED_EDGE('',*,*,#1131,.T.);
#232=ORIENTED_EDGE('',*,*,#1132,.T.);
#233=ORIENTED_EDGE('',*,*,#1133,.F.);
#234=ORIENTED_EDGE('',*,*,#1134,.T.);
#235=ORIENTED_EDGE('',*,*,#1135,.F.);
#236=ORIENTED_EDGE('',*,*,#1136,.T.);
#237=ORIENTED_EDGE('',*,*,#1137,.T.);
#238=ORIENTED_EDGE('',*,*,#1138,.F.);
#239=ORIENTED_EDGE('',*,*,#1139,.T.);
#240=ORIENTED_EDGE('',*,*,#1140,.F.);
#241=ORIENTED_EDGE('',*,*,#1141,.F.);
#242=ORIENTED_EDGE('',*,*,#1142,.F.);
#243=ORIENTED_EDGE('',*,*,#1143,.F.);
#244=ORIENTED_EDGE('',*,*,#1144,.T.);
#245=ORIENTED_EDGE('',*,*,#1145,.F.);
#246=ORIENTED_EDGE('',*,*,#1146,.F.);
#247=ORIENTED_EDGE('',*,*,#1147,.F.);
#248=ORIENTED_EDGE('',*,*,#1148,.T.);
#249=ORIENTED_EDGE('',*,*,#1149,.T.);
#250=ORIENTED_EDGE('',*,*,#1150,.F.);
#251=ORIENTED_EDGE('',*,*,#1151,.T.);
#252=ORIENTED_EDGE('',*,*,#1152,.T.);
#253=ORIENTED_EDGE('',*,*,#1153,.T.);
#254=ORIENTED_EDGE('',*,*,#1154,.F.);
#255=ORIENTED_EDGE('',*,*,#1155,.T.);
#256=ORIENTED_EDGE('',*,*,#1156,.T.);
#257=ORIENTED_EDGE('',*,*,#1157,.T.);
#258=ORIENTED_EDGE('',*,*,#1158,.F.);
#259=ORIENTED_EDGE('',*,*,#1159,.F.);
#260=ORIENTED_EDGE('',*,*,#1160,.T.);
#261=ORIENTED_EDGE('',*,*,#1161,.F.);
#262=ORIENTED_EDGE('',*,*,#1162,.F.);
#263=ORIENTED_EDGE('',*,*,#1163,.F.);
#264=ORIENTED_EDGE('',*,*,#1164,.T.);
#265=ORIENTED_EDGE('',*,*,#1165,.F.);
#266=ORIENTED_EDGE('',*,*,#1166,.F.);
#267=ORIENTED_EDGE('',*,*,#1167,.T.);
#268=ORIENTED_EDGE('',*,*,#1168,.T.);
#269=ORIENTED_EDGE('',*,*,#1169,.T.);
#270=ORIENTED_EDGE('',*,*,#1170,.F.);
#271=ORIENTED_EDGE('',*,*,#1171,.T.);
#272=ORIENTED_EDGE('',*,*,#1172,.T.);
#273=ORIENTED_EDGE('',*,*,#1173,.F.);
#274=ORIENTED_EDGE('',*,*,#1174,.T.);
#275=ORIENTED_EDGE('',*,*,#1175,.F.);
#276=ORIENTED_EDGE('',*,*,#1176,.T.);
#277=ORIENTED_EDGE('',*,*,#1177,.F.);
#278=ORIENTED_EDGE('',*,*,#1178,.F.);
#279=ORIENTED_EDGE('',*,*,#1179,.F.);
#280=ORIENTED_EDGE('',*,*,#1180,.F.);
#281=ORIENTED_EDGE('',*,*,#1181,.T.);
#282=ORIENTED_EDGE('',*,*,#1182,.T.);
#283=ORIENTED_EDGE('',*,*,#1183,.T.);
#284=ORIENTED_EDGE('',*,*,#1184,.T.);
#285=ORIENTED_EDGE('',*,*,#1185,.T.);
#286=ORIENTED_EDGE('',*,*,#1186,.F.);
#287=ORIENTED_EDGE('',*,*,#1187,.T.);
#288=ORIENTED_EDGE('',*,*,#1188,.F.);
#289=ORIENTED_EDGE('',*,*,#1189,.T.);
#290=ORIENTED_EDGE('',*,*,#1190,.T.);
#291=ORIENTED_EDGE('',*,*,#1191,.F.);
#292=ORIENTED_EDGE('',*,*,#1192,.T.);
#293=ORIENTED_EDGE('',*,*,#1193,.F.);
#294=ORIENTED_EDGE('',*,*,#1194,.F.);
#295=ORIENTED_EDGE('',*,*,#1195,.F.);
#296=ORIENTED_EDGE('',*,*,#1196,.F.);
#297=ORIENTED_EDGE('',*,*,#1197,.F.);
#298=ORIENTED_EDGE('',*,*,#1198,.T.);
#299=ORIENTED_EDGE('',*,*,#1199,.T.);
#300=ORIENTED_EDGE('',*,*,#1200,.T.);
#301=ORIENTED_EDGE('',*,*,#1201,.T.);
#302=ORIENTED_EDGE('',*,*,#1202,.F.);
#303=ORIENTED_EDGE('',*,*,#1203,.T.);
#304=ORIENTED_EDGE('',*,*,#1204,.F.);
#305=ORIENTED_EDGE('',*,*,#1205,.T.);
#306=ORIENTED_EDGE('',*,*,#1206,.T.);
#307=ORIENTED_EDGE('',*,*,#1207,.T.);
#308=ORIENTED_EDGE('',*,*,#1208,.T.);
#309=ORIENTED_EDGE('',*,*,#1209,.T.);
#310=ORIENTED_EDGE('',*,*,#1210,.T.);
#311=ORIENTED_EDGE('',*,*,#1211,.T.);
#312=ORIENTED_EDGE('',*,*,#1212,.T.);
#313=ORIENTED_EDGE('',*,*,#1213,.T.);
#314=ORIENTED_EDGE('',*,*,#1214,.T.);
#315=ORIENTED_EDGE('',*,*,#1215,.T.);
#316=ORIENTED_EDGE('',*,*,#1216,.T.);
#317=ORIENTED_EDGE('',*,*,#1217,.F.);
#318=ORIENTED_EDGE('',*,*,#1218,.F.);
#319=ORIENTED_EDGE('',*,*,#1219,.T.);
#320=ORIENTED_EDGE('',*,*,#1220,.T.);
#321=ORIENTED_EDGE('',*,*,#1221,.F.);
#322=ORIENTED_EDGE('',*,*,#1222,.T.);
#323=ORIENTED_EDGE('',*,*,#1223,.T.);
#324=ORIENTED_EDGE('',*,*,#1224,.F.);
#325=ORIENTED_EDGE('',*,*,#1225,.T.);
#326=ORIENTED_EDGE('',*,*,#1226,.F.);
#327=ORIENTED_EDGE('',*,*,#1227,.F.);
#328=ORIENTED_EDGE('',*,*,#1228,.F.);
#329=ORIENTED_EDGE('',*,*,#1157,.F.);
#330=ORIENTED_EDGE('',*,*,#1229,.T.);
#331=ORIENTED_EDGE('',*,*,#1230,.F.);
#332=ORIENTED_EDGE('',*,*,#1231,.T.);
#333=ORIENTED_EDGE('',*,*,#1232,.T.);
#334=ORIENTED_EDGE('',*,*,#1231,.F.);
#335=ORIENTED_EDGE('',*,*,#1233,.F.);
#336=ORIENTED_EDGE('',*,*,#1234,.F.);
#337=ORIENTED_EDGE('',*,*,#1149,.F.);
#338=ORIENTED_EDGE('',*,*,#1235,.T.);
#339=ORIENTED_EDGE('',*,*,#1236,.F.);
#340=ORIENTED_EDGE('',*,*,#1237,.T.);
#341=ORIENTED_EDGE('',*,*,#1238,.T.);
#342=ORIENTED_EDGE('',*,*,#1239,.F.);
#343=ORIENTED_EDGE('',*,*,#1237,.F.);
#344=ORIENTED_EDGE('',*,*,#1240,.T.);
#345=ORIENTED_EDGE('',*,*,#1241,.T.);
#346=ORIENTED_EDGE('',*,*,#1141,.T.);
#347=ORIENTED_EDGE('',*,*,#1242,.F.);
#348=ORIENTED_EDGE('',*,*,#1243,.T.);
#349=ORIENTED_EDGE('',*,*,#1226,.T.);
#350=ORIENTED_EDGE('',*,*,#1244,.F.);
#351=ORIENTED_EDGE('',*,*,#1238,.F.);
#352=ORIENTED_EDGE('',*,*,#1245,.T.);
#353=ORIENTED_EDGE('',*,*,#1246,.T.);
#354=ORIENTED_EDGE('',*,*,#1165,.T.);
#355=ORIENTED_EDGE('',*,*,#1247,.F.);
#356=ORIENTED_EDGE('',*,*,#1248,.T.);
#357=ORIENTED_EDGE('',*,*,#1249,.F.);
#358=ORIENTED_EDGE('',*,*,#1250,.F.);
#359=ORIENTED_EDGE('',*,*,#1251,.F.);
#360=ORIENTED_EDGE('',*,*,#1252,.T.);
#361=ORIENTED_EDGE('',*,*,#1253,.T.);
#362=ORIENTED_EDGE('',*,*,#1247,.T.);
#363=ORIENTED_EDGE('',*,*,#1164,.F.);
#364=ORIENTED_EDGE('',*,*,#1254,.F.);
#365=ORIENTED_EDGE('',*,*,#1255,.T.);
#366=ORIENTED_EDGE('',*,*,#1250,.T.);
#367=ORIENTED_EDGE('',*,*,#1256,.F.);
#368=ORIENTED_EDGE('',*,*,#1257,.T.);
#369=ORIENTED_EDGE('',*,*,#1246,.F.);
#370=ORIENTED_EDGE('',*,*,#1258,.F.);
#371=ORIENTED_EDGE('',*,*,#1259,.F.);
#372=ORIENTED_EDGE('',*,*,#1260,.F.);
#373=ORIENTED_EDGE('',*,*,#1261,.T.);
#374=ORIENTED_EDGE('',*,*,#1166,.T.);
#375=ORIENTED_EDGE('',*,*,#1259,.T.);
#376=ORIENTED_EDGE('',*,*,#1262,.T.);
#377=ORIENTED_EDGE('',*,*,#1263,.F.);
#378=ORIENTED_EDGE('',*,*,#1264,.T.);
#379=ORIENTED_EDGE('',*,*,#1265,.T.);
#380=ORIENTED_EDGE('',*,*,#1242,.T.);
#381=ORIENTED_EDGE('',*,*,#1172,.F.);
#382=ORIENTED_EDGE('',*,*,#1266,.F.);
#383=ORIENTED_EDGE('',*,*,#1267,.T.);
#384=ORIENTED_EDGE('',*,*,#1263,.T.);
#385=ORIENTED_EDGE('',*,*,#1268,.F.);
#386=ORIENTED_EDGE('',*,*,#1269,.T.);
#387=ORIENTED_EDGE('',*,*,#1270,.T.);
#388=ORIENTED_EDGE('',*,*,#1271,.T.);
#389=ORIENTED_EDGE('',*,*,#1272,.F.);
#390=ORIENTED_EDGE('',*,*,#1273,.T.);
#391=ORIENTED_EDGE('',*,*,#1274,.F.);
#392=ORIENTED_EDGE('',*,*,#1275,.T.);
#393=ORIENTED_EDGE('',*,*,#1241,.F.);
#394=ORIENTED_EDGE('',*,*,#1276,.F.);
#395=ORIENTED_EDGE('',*,*,#1277,.F.);
#396=ORIENTED_EDGE('',*,*,#1278,.F.);
#397=ORIENTED_EDGE('',*,*,#1279,.T.);
#398=ORIENTED_EDGE('',*,*,#1142,.T.);
#399=ORIENTED_EDGE('',*,*,#1280,.F.);
#400=ORIENTED_EDGE('',*,*,#1281,.F.);
#401=ORIENTED_EDGE('',*,*,#1282,.F.);
#402=ORIENTED_EDGE('',*,*,#1277,.T.);
#403=ORIENTED_EDGE('',*,*,#1283,.F.);
#404=ORIENTED_EDGE('',*,*,#1284,.T.);
#405=ORIENTED_EDGE('',*,*,#1285,.T.);
#406=ORIENTED_EDGE('',*,*,#1286,.T.);
#407=ORIENTED_EDGE('',*,*,#1287,.F.);
#408=ORIENTED_EDGE('',*,*,#1288,.F.);
#409=ORIENTED_EDGE('',*,*,#1289,.F.);
#410=ORIENTED_EDGE('',*,*,#1285,.F.);
#411=ORIENTED_EDGE('',*,*,#1290,.T.);
#412=ORIENTED_EDGE('',*,*,#1291,.T.);
#413=ORIENTED_EDGE('',*,*,#1292,.F.);
#414=ORIENTED_EDGE('',*,*,#1293,.F.);
#415=ORIENTED_EDGE('',*,*,#1294,.F.);
#416=ORIENTED_EDGE('',*,*,#1140,.T.);
#417=ORIENTED_EDGE('',*,*,#1295,.T.);
#418=ORIENTED_EDGE('',*,*,#1296,.F.);
#419=ORIENTED_EDGE('',*,*,#1297,.F.);
#420=ORIENTED_EDGE('',*,*,#1298,.T.);
#421=ORIENTED_EDGE('',*,*,#1296,.T.);
#422=ORIENTED_EDGE('',*,*,#1299,.T.);
#423=ORIENTED_EDGE('',*,*,#1300,.T.);
#424=ORIENTED_EDGE('',*,*,#1301,.F.);
#425=ORIENTED_EDGE('',*,*,#1302,.F.);
#426=ORIENTED_EDGE('',*,*,#1303,.F.);
#427=ORIENTED_EDGE('',*,*,#1304,.T.);
#428=ORIENTED_EDGE('',*,*,#1305,.F.);
#429=ORIENTED_EDGE('',*,*,#1306,.F.);
#430=ORIENTED_EDGE('',*,*,#1307,.F.);
#431=ORIENTED_EDGE('',*,*,#1308,.T.);
#432=ORIENTED_EDGE('',*,*,#1309,.T.);
#433=ORIENTED_EDGE('',*,*,#1310,.T.);
#434=ORIENTED_EDGE('',*,*,#1311,.T.);
#435=ORIENTED_EDGE('',*,*,#1312,.T.);
#436=ORIENTED_EDGE('',*,*,#1313,.T.);
#437=ORIENTED_EDGE('',*,*,#1293,.T.);
#438=ORIENTED_EDGE('',*,*,#1314,.T.);
#439=ORIENTED_EDGE('',*,*,#1315,.F.);
#440=ORIENTED_EDGE('',*,*,#1316,.F.);
#441=ORIENTED_EDGE('',*,*,#1317,.F.);
#442=ORIENTED_EDGE('',*,*,#1318,.F.);
#443=ORIENTED_EDGE('',*,*,#1319,.T.);
#444=ORIENTED_EDGE('',*,*,#1320,.F.);
#445=ORIENTED_EDGE('',*,*,#1321,.T.);
#446=ORIENTED_EDGE('',*,*,#1322,.F.);
#447=ORIENTED_EDGE('',*,*,#1323,.F.);
#448=ORIENTED_EDGE('',*,*,#1127,.T.);
#449=ORIENTED_EDGE('',*,*,#1324,.T.);
#450=ORIENTED_EDGE('',*,*,#1325,.F.);
#451=ORIENTED_EDGE('',*,*,#1326,.F.);
#452=ORIENTED_EDGE('',*,*,#1327,.F.);
#453=ORIENTED_EDGE('',*,*,#1125,.T.);
#454=ORIENTED_EDGE('',*,*,#1294,.T.);
#455=ORIENTED_EDGE('',*,*,#1328,.T.);
#456=ORIENTED_EDGE('',*,*,#1329,.F.);
#457=ORIENTED_EDGE('',*,*,#1126,.F.);
#458=ORIENTED_EDGE('',*,*,#1327,.T.);
#459=ORIENTED_EDGE('',*,*,#1330,.T.);
#460=ORIENTED_EDGE('',*,*,#1324,.F.);
#461=ORIENTED_EDGE('',*,*,#1331,.F.);
#462=ORIENTED_EDGE('',*,*,#1332,.F.);
#463=ORIENTED_EDGE('',*,*,#1333,.F.);
#464=ORIENTED_EDGE('',*,*,#1128,.T.);
#465=ORIENTED_EDGE('',*,*,#1323,.T.);
#466=ORIENTED_EDGE('',*,*,#1310,.F.);
#467=ORIENTED_EDGE('',*,*,#1129,.F.);
#468=ORIENTED_EDGE('',*,*,#1333,.T.);
#469=ORIENTED_EDGE('',*,*,#1334,.T.);
#470=ORIENTED_EDGE('',*,*,#1335,.T.);
#471=ORIENTED_EDGE('',*,*,#1336,.F.);
#472=ORIENTED_EDGE('',*,*,#1337,.F.);
#473=ORIENTED_EDGE('',*,*,#1130,.T.);
#474=ORIENTED_EDGE('',*,*,#1336,.T.);
#475=ORIENTED_EDGE('',*,*,#1338,.F.);
#476=ORIENTED_EDGE('',*,*,#1131,.F.);
#477=ORIENTED_EDGE('',*,*,#1337,.T.);
#478=ORIENTED_EDGE('',*,*,#1339,.T.);
#479=ORIENTED_EDGE('',*,*,#1340,.F.);
#480=ORIENTED_EDGE('',*,*,#1341,.F.);
#481=ORIENTED_EDGE('',*,*,#1342,.F.);
#482=ORIENTED_EDGE('',*,*,#1343,.F.);
#483=ORIENTED_EDGE('',*,*,#1132,.F.);
#484=ORIENTED_EDGE('',*,*,#1341,.T.);
#485=ORIENTED_EDGE('',*,*,#1306,.T.);
#486=ORIENTED_EDGE('',*,*,#1344,.F.);
#487=ORIENTED_EDGE('',*,*,#1345,.F.);
#488=ORIENTED_EDGE('',*,*,#1135,.T.);
#489=ORIENTED_EDGE('',*,*,#1346,.T.);
#490=ORIENTED_EDGE('',*,*,#1347,.F.);
#491=ORIENTED_EDGE('',*,*,#1348,.F.);
#492=ORIENTED_EDGE('',*,*,#1349,.F.);
#493=ORIENTED_EDGE('',*,*,#1133,.T.);
#494=ORIENTED_EDGE('',*,*,#1344,.T.);
#495=ORIENTED_EDGE('',*,*,#1350,.T.);
#496=ORIENTED_EDGE('',*,*,#1351,.F.);
#497=ORIENTED_EDGE('',*,*,#1134,.F.);
#498=ORIENTED_EDGE('',*,*,#1349,.T.);
#499=ORIENTED_EDGE('',*,*,#1352,.T.);
#500=ORIENTED_EDGE('',*,*,#1346,.F.);
#501=ORIENTED_EDGE('',*,*,#1353,.F.);
#502=ORIENTED_EDGE('',*,*,#1354,.F.);
#503=ORIENTED_EDGE('',*,*,#1137,.F.);
#504=ORIENTED_EDGE('',*,*,#1355,.T.);
#505=ORIENTED_EDGE('',*,*,#1356,.T.);
#506=ORIENTED_EDGE('',*,*,#1357,.T.);
#507=ORIENTED_EDGE('',*,*,#1358,.F.);
#508=ORIENTED_EDGE('',*,*,#1359,.F.);
#509=ORIENTED_EDGE('',*,*,#1138,.T.);
#510=ORIENTED_EDGE('',*,*,#1358,.T.);
#511=ORIENTED_EDGE('',*,*,#1360,.F.);
#512=ORIENTED_EDGE('',*,*,#1139,.F.);
#513=ORIENTED_EDGE('',*,*,#1359,.T.);
#514=ORIENTED_EDGE('',*,*,#1361,.T.);
#515=ORIENTED_EDGE('',*,*,#1362,.F.);
#516=ORIENTED_EDGE('',*,*,#1295,.F.);
#517=ORIENTED_EDGE('',*,*,#1363,.F.);
#518=ORIENTED_EDGE('',*,*,#1364,.F.);
#519=ORIENTED_EDGE('',*,*,#1136,.F.);
#520=ORIENTED_EDGE('',*,*,#1345,.T.);
#521=ORIENTED_EDGE('',*,*,#1302,.T.);
#522=ORIENTED_EDGE('',*,*,#1355,.F.);
#523=ORIENTED_EDGE('',*,*,#1311,.F.);
#524=ORIENTED_EDGE('',*,*,#1326,.T.);
#525=ORIENTED_EDGE('',*,*,#1365,.T.);
#526=ORIENTED_EDGE('',*,*,#1366,.F.);
#527=ORIENTED_EDGE('',*,*,#1312,.F.);
#528=ORIENTED_EDGE('',*,*,#1366,.T.);
#529=ORIENTED_EDGE('',*,*,#1367,.T.);
#530=ORIENTED_EDGE('',*,*,#1368,.F.);
#531=ORIENTED_EDGE('',*,*,#1313,.F.);
#532=ORIENTED_EDGE('',*,*,#1368,.T.);
#533=ORIENTED_EDGE('',*,*,#1369,.T.);
#534=ORIENTED_EDGE('',*,*,#1328,.F.);
#535=ORIENTED_EDGE('',*,*,#1331,.T.);
#536=ORIENTED_EDGE('',*,*,#1325,.T.);
#537=ORIENTED_EDGE('',*,*,#1330,.F.);
#538=ORIENTED_EDGE('',*,*,#1329,.T.);
#539=ORIENTED_EDGE('',*,*,#1369,.F.);
#540=ORIENTED_EDGE('',*,*,#1367,.F.);
#541=ORIENTED_EDGE('',*,*,#1365,.F.);
#542=ORIENTED_EDGE('',*,*,#1370,.F.);
#543=ORIENTED_EDGE('',*,*,#1307,.T.);
#544=ORIENTED_EDGE('',*,*,#1340,.T.);
#545=ORIENTED_EDGE('',*,*,#1371,.F.);
#546=ORIENTED_EDGE('',*,*,#1372,.F.);
#547=ORIENTED_EDGE('',*,*,#1308,.F.);
#548=ORIENTED_EDGE('',*,*,#1370,.T.);
#549=ORIENTED_EDGE('',*,*,#1373,.F.);
#550=ORIENTED_EDGE('',*,*,#1334,.F.);
#551=ORIENTED_EDGE('',*,*,#1309,.F.);
#552=ORIENTED_EDGE('',*,*,#1372,.T.);
#553=ORIENTED_EDGE('',*,*,#1374,.F.);
#554=ORIENTED_EDGE('',*,*,#1342,.T.);
#555=ORIENTED_EDGE('',*,*,#1335,.F.);
#556=ORIENTED_EDGE('',*,*,#1374,.T.);
#557=ORIENTED_EDGE('',*,*,#1373,.T.);
#558=ORIENTED_EDGE('',*,*,#1371,.T.);
#559=ORIENTED_EDGE('',*,*,#1339,.F.);
#560=ORIENTED_EDGE('',*,*,#1338,.T.);
#561=ORIENTED_EDGE('',*,*,#1303,.T.);
#562=ORIENTED_EDGE('',*,*,#1348,.T.);
#563=ORIENTED_EDGE('',*,*,#1375,.T.);
#564=ORIENTED_EDGE('',*,*,#1376,.F.);
#565=ORIENTED_EDGE('',*,*,#1304,.F.);
#566=ORIENTED_EDGE('',*,*,#1376,.T.);
#567=ORIENTED_EDGE('',*,*,#1377,.T.);
#568=ORIENTED_EDGE('',*,*,#1378,.F.);
#569=ORIENTED_EDGE('',*,*,#1305,.T.);
#570=ORIENTED_EDGE('',*,*,#1378,.T.);
#571=ORIENTED_EDGE('',*,*,#1379,.T.);
#572=ORIENTED_EDGE('',*,*,#1350,.F.);
#573=ORIENTED_EDGE('',*,*,#1353,.T.);
#574=ORIENTED_EDGE('',*,*,#1347,.T.);
#575=ORIENTED_EDGE('',*,*,#1352,.F.);
#576=ORIENTED_EDGE('',*,*,#1351,.T.);
#577=ORIENTED_EDGE('',*,*,#1379,.F.);
#578=ORIENTED_EDGE('',*,*,#1377,.F.);
#579=ORIENTED_EDGE('',*,*,#1375,.F.);
#580=ORIENTED_EDGE('',*,*,#1380,.F.);
#581=ORIENTED_EDGE('',*,*,#1299,.F.);
#582=ORIENTED_EDGE('',*,*,#1362,.T.);
#583=ORIENTED_EDGE('',*,*,#1381,.F.);
#584=ORIENTED_EDGE('',*,*,#1382,.F.);
#585=ORIENTED_EDGE('',*,*,#1300,.F.);
#586=ORIENTED_EDGE('',*,*,#1380,.T.);
#587=ORIENTED_EDGE('',*,*,#1383,.F.);
#588=ORIENTED_EDGE('',*,*,#1356,.F.);
#589=ORIENTED_EDGE('',*,*,#1301,.T.);
#590=ORIENTED_EDGE('',*,*,#1382,.T.);
#591=ORIENTED_EDGE('',*,*,#1384,.F.);
#592=ORIENTED_EDGE('',*,*,#1363,.T.);
#593=ORIENTED_EDGE('',*,*,#1357,.F.);
#594=ORIENTED_EDGE('',*,*,#1384,.T.);
#595=ORIENTED_EDGE('',*,*,#1383,.T.);
#596=ORIENTED_EDGE('',*,*,#1381,.T.);
#597=ORIENTED_EDGE('',*,*,#1361,.F.);
#598=ORIENTED_EDGE('',*,*,#1360,.T.);
#599=ORIENTED_EDGE('',*,*,#1385,.F.);
#600=ORIENTED_EDGE('',*,*,#1386,.T.);
#601=ORIENTED_EDGE('',*,*,#1387,.T.);
#602=ORIENTED_EDGE('',*,*,#1317,.T.);
#603=ORIENTED_EDGE('',*,*,#1388,.F.);
#604=ORIENTED_EDGE('',*,*,#1389,.T.);
#605=ORIENTED_EDGE('',*,*,#1385,.T.);
#606=ORIENTED_EDGE('',*,*,#1316,.T.);
#607=ORIENTED_EDGE('',*,*,#1390,.F.);
#608=ORIENTED_EDGE('',*,*,#1391,.T.);
#609=ORIENTED_EDGE('',*,*,#1388,.T.);
#610=ORIENTED_EDGE('',*,*,#1315,.T.);
#611=ORIENTED_EDGE('',*,*,#1392,.F.);
#612=ORIENTED_EDGE('',*,*,#1393,.T.);
#613=ORIENTED_EDGE('',*,*,#1394,.T.);
#614=ORIENTED_EDGE('',*,*,#1287,.T.);
#615=ORIENTED_EDGE('',*,*,#1395,.T.);
#616=ORIENTED_EDGE('',*,*,#1297,.T.);
#617=ORIENTED_EDGE('',*,*,#1396,.F.);
#618=ORIENTED_EDGE('',*,*,#1397,.T.);
#619=ORIENTED_EDGE('',*,*,#1390,.T.);
#620=ORIENTED_EDGE('',*,*,#1322,.T.);
#621=ORIENTED_EDGE('',*,*,#1398,.F.);
#622=ORIENTED_EDGE('',*,*,#1399,.T.);
#623=ORIENTED_EDGE('',*,*,#1396,.T.);
#624=ORIENTED_EDGE('',*,*,#1321,.F.);
#625=ORIENTED_EDGE('',*,*,#1400,.F.);
#626=ORIENTED_EDGE('',*,*,#1401,.T.);
#627=ORIENTED_EDGE('',*,*,#1398,.T.);
#628=ORIENTED_EDGE('',*,*,#1320,.T.);
#629=ORIENTED_EDGE('',*,*,#1402,.F.);
#630=ORIENTED_EDGE('',*,*,#1403,.T.);
#631=ORIENTED_EDGE('',*,*,#1400,.T.);
#632=ORIENTED_EDGE('',*,*,#1319,.F.);
#633=ORIENTED_EDGE('',*,*,#1387,.F.);
#634=ORIENTED_EDGE('',*,*,#1404,.T.);
#635=ORIENTED_EDGE('',*,*,#1402,.T.);
#636=ORIENTED_EDGE('',*,*,#1318,.T.);
#637=ORIENTED_EDGE('',*,*,#1288,.T.);
#638=ORIENTED_EDGE('',*,*,#1394,.F.);
#639=ORIENTED_EDGE('',*,*,#1405,.F.);
#640=ORIENTED_EDGE('',*,*,#1290,.F.);
#641=ORIENTED_EDGE('',*,*,#1405,.T.);
#642=ORIENTED_EDGE('',*,*,#1393,.F.);
#643=ORIENTED_EDGE('',*,*,#1406,.F.);
#644=ORIENTED_EDGE('',*,*,#1291,.F.);
#645=ORIENTED_EDGE('',*,*,#1292,.T.);
#646=ORIENTED_EDGE('',*,*,#1406,.T.);
#647=ORIENTED_EDGE('',*,*,#1392,.T.);
#648=ORIENTED_EDGE('',*,*,#1314,.F.);
#649=ORIENTED_EDGE('',*,*,#1289,.T.);
#650=ORIENTED_EDGE('',*,*,#1298,.F.);
#651=ORIENTED_EDGE('',*,*,#1395,.F.);
#652=ORIENTED_EDGE('',*,*,#1286,.F.);
#653=ORIENTED_EDGE('',*,*,#1159,.T.);
#654=ORIENTED_EDGE('',*,*,#1407,.F.);
#655=ORIENTED_EDGE('',*,*,#1408,.F.);
#656=ORIENTED_EDGE('',*,*,#1409,.T.);
#657=ORIENTED_EDGE('',*,*,#1158,.T.);
#658=ORIENTED_EDGE('',*,*,#1228,.T.);
#659=ORIENTED_EDGE('',*,*,#1410,.F.);
#660=ORIENTED_EDGE('',*,*,#1252,.F.);
#661=ORIENTED_EDGE('',*,*,#1411,.F.);
#662=ORIENTED_EDGE('',*,*,#1407,.T.);
#663=ORIENTED_EDGE('',*,*,#1163,.T.);
#664=ORIENTED_EDGE('',*,*,#1412,.F.);
#665=ORIENTED_EDGE('',*,*,#1413,.F.);
#666=ORIENTED_EDGE('',*,*,#1254,.T.);
#667=ORIENTED_EDGE('',*,*,#1162,.T.);
#668=ORIENTED_EDGE('',*,*,#1414,.F.);
#669=ORIENTED_EDGE('',*,*,#1415,.F.);
#670=ORIENTED_EDGE('',*,*,#1412,.T.);
#671=ORIENTED_EDGE('',*,*,#1161,.T.);
#672=ORIENTED_EDGE('',*,*,#1416,.F.);
#673=ORIENTED_EDGE('',*,*,#1417,.F.);
#674=ORIENTED_EDGE('',*,*,#1414,.T.);
#675=ORIENTED_EDGE('',*,*,#1160,.F.);
#676=ORIENTED_EDGE('',*,*,#1409,.F.);
#677=ORIENTED_EDGE('',*,*,#1418,.T.);
#678=ORIENTED_EDGE('',*,*,#1416,.T.);
#679=ORIENTED_EDGE('',*,*,#1256,.T.);
#680=ORIENTED_EDGE('',*,*,#1408,.T.);
#681=ORIENTED_EDGE('',*,*,#1411,.T.);
#682=ORIENTED_EDGE('',*,*,#1251,.T.);
#683=ORIENTED_EDGE('',*,*,#1255,.F.);
#684=ORIENTED_EDGE('',*,*,#1413,.T.);
#685=ORIENTED_EDGE('',*,*,#1415,.T.);
#686=ORIENTED_EDGE('',*,*,#1417,.T.);
#687=ORIENTED_EDGE('',*,*,#1418,.F.);
#688=ORIENTED_EDGE('',*,*,#1171,.F.);
#689=ORIENTED_EDGE('',*,*,#1419,.F.);
#690=ORIENTED_EDGE('',*,*,#1420,.T.);
#691=ORIENTED_EDGE('',*,*,#1266,.T.);
#692=ORIENTED_EDGE('',*,*,#1170,.T.);
#693=ORIENTED_EDGE('',*,*,#1421,.F.);
#694=ORIENTED_EDGE('',*,*,#1422,.F.);
#695=ORIENTED_EDGE('',*,*,#1419,.T.);
#696=ORIENTED_EDGE('',*,*,#1169,.F.);
#697=ORIENTED_EDGE('',*,*,#1423,.F.);
#698=ORIENTED_EDGE('',*,*,#1424,.T.);
#699=ORIENTED_EDGE('',*,*,#1421,.T.);
#700=ORIENTED_EDGE('',*,*,#1168,.F.);
#701=ORIENTED_EDGE('',*,*,#1425,.F.);
#702=ORIENTED_EDGE('',*,*,#1426,.T.);
#703=ORIENTED_EDGE('',*,*,#1423,.T.);
#704=ORIENTED_EDGE('',*,*,#1167,.F.);
#705=ORIENTED_EDGE('',*,*,#1261,.F.);
#706=ORIENTED_EDGE('',*,*,#1427,.T.);
#707=ORIENTED_EDGE('',*,*,#1425,.T.);
#708=ORIENTED_EDGE('',*,*,#1268,.T.);
#709=ORIENTED_EDGE('',*,*,#1420,.F.);
#710=ORIENTED_EDGE('',*,*,#1422,.T.);
#711=ORIENTED_EDGE('',*,*,#1424,.F.);
#712=ORIENTED_EDGE('',*,*,#1426,.F.);
#713=ORIENTED_EDGE('',*,*,#1427,.F.);
#714=ORIENTED_EDGE('',*,*,#1260,.T.);
#715=ORIENTED_EDGE('',*,*,#1264,.F.);
#716=ORIENTED_EDGE('',*,*,#1267,.F.);
#717=ORIENTED_EDGE('',*,*,#1155,.F.);
#718=ORIENTED_EDGE('',*,*,#1428,.F.);
#719=ORIENTED_EDGE('',*,*,#1429,.T.);
#720=ORIENTED_EDGE('',*,*,#1430,.T.);
#721=ORIENTED_EDGE('',*,*,#1154,.T.);
#722=ORIENTED_EDGE('',*,*,#1431,.F.);
#723=ORIENTED_EDGE('',*,*,#1432,.F.);
#724=ORIENTED_EDGE('',*,*,#1428,.T.);
#725=ORIENTED_EDGE('',*,*,#1153,.F.);
#726=ORIENTED_EDGE('',*,*,#1433,.F.);
#727=ORIENTED_EDGE('',*,*,#1434,.T.);
#728=ORIENTED_EDGE('',*,*,#1431,.T.);
#729=ORIENTED_EDGE('',*,*,#1152,.F.);
#730=ORIENTED_EDGE('',*,*,#1435,.F.);
#731=ORIENTED_EDGE('',*,*,#1436,.T.);
#732=ORIENTED_EDGE('',*,*,#1433,.T.);
#733=ORIENTED_EDGE('',*,*,#1151,.F.);
#734=ORIENTED_EDGE('',*,*,#1437,.F.);
#735=ORIENTED_EDGE('',*,*,#1438,.T.);
#736=ORIENTED_EDGE('',*,*,#1435,.T.);
#737=ORIENTED_EDGE('',*,*,#1150,.T.);
#738=ORIENTED_EDGE('',*,*,#1234,.T.);
#739=ORIENTED_EDGE('',*,*,#1439,.F.);
#740=ORIENTED_EDGE('',*,*,#1270,.F.);
#741=ORIENTED_EDGE('',*,*,#1440,.F.);
#742=ORIENTED_EDGE('',*,*,#1437,.T.);
#743=ORIENTED_EDGE('',*,*,#1229,.F.);
#744=ORIENTED_EDGE('',*,*,#1156,.F.);
#745=ORIENTED_EDGE('',*,*,#1430,.F.);
#746=ORIENTED_EDGE('',*,*,#1441,.T.);
#747=ORIENTED_EDGE('',*,*,#1272,.T.);
#748=ORIENTED_EDGE('',*,*,#1442,.T.);
#749=ORIENTED_EDGE('',*,*,#1274,.T.);
#750=ORIENTED_EDGE('',*,*,#1429,.F.);
#751=ORIENTED_EDGE('',*,*,#1432,.T.);
#752=ORIENTED_EDGE('',*,*,#1434,.F.);
#753=ORIENTED_EDGE('',*,*,#1436,.F.);
#754=ORIENTED_EDGE('',*,*,#1438,.F.);
#755=ORIENTED_EDGE('',*,*,#1440,.T.);
#756=ORIENTED_EDGE('',*,*,#1273,.F.);
#757=ORIENTED_EDGE('',*,*,#1441,.F.);
#758=ORIENTED_EDGE('',*,*,#1143,.T.);
#759=ORIENTED_EDGE('',*,*,#1279,.F.);
#760=ORIENTED_EDGE('',*,*,#1443,.F.);
#761=ORIENTED_EDGE('',*,*,#1444,.T.);
#762=ORIENTED_EDGE('',*,*,#1235,.F.);
#763=ORIENTED_EDGE('',*,*,#1148,.F.);
#764=ORIENTED_EDGE('',*,*,#1445,.F.);
#765=ORIENTED_EDGE('',*,*,#1446,.T.);
#766=ORIENTED_EDGE('',*,*,#1281,.T.);
#767=ORIENTED_EDGE('',*,*,#1447,.T.);
#768=ORIENTED_EDGE('',*,*,#1147,.T.);
#769=ORIENTED_EDGE('',*,*,#1448,.F.);
#770=ORIENTED_EDGE('',*,*,#1449,.F.);
#771=ORIENTED_EDGE('',*,*,#1445,.T.);
#772=ORIENTED_EDGE('',*,*,#1146,.T.);
#773=ORIENTED_EDGE('',*,*,#1450,.F.);
#774=ORIENTED_EDGE('',*,*,#1451,.F.);
#775=ORIENTED_EDGE('',*,*,#1448,.T.);
#776=ORIENTED_EDGE('',*,*,#1145,.T.);
#777=ORIENTED_EDGE('',*,*,#1452,.F.);
#778=ORIENTED_EDGE('',*,*,#1453,.F.);
#779=ORIENTED_EDGE('',*,*,#1450,.T.);
#780=ORIENTED_EDGE('',*,*,#1144,.F.);
#781=ORIENTED_EDGE('',*,*,#1444,.F.);
#782=ORIENTED_EDGE('',*,*,#1454,.T.);
#783=ORIENTED_EDGE('',*,*,#1452,.T.);
#784=ORIENTED_EDGE('',*,*,#1283,.T.);
#785=ORIENTED_EDGE('',*,*,#1443,.T.);
#786=ORIENTED_EDGE('',*,*,#1278,.T.);
#787=ORIENTED_EDGE('',*,*,#1282,.T.);
#788=ORIENTED_EDGE('',*,*,#1446,.F.);
#789=ORIENTED_EDGE('',*,*,#1449,.T.);
#790=ORIENTED_EDGE('',*,*,#1451,.T.);
#791=ORIENTED_EDGE('',*,*,#1453,.T.);
#792=ORIENTED_EDGE('',*,*,#1454,.F.);
#793=ORIENTED_EDGE('',*,*,#1257,.F.);
#794=ORIENTED_EDGE('',*,*,#1410,.T.);
#795=ORIENTED_EDGE('',*,*,#1227,.T.);
#796=ORIENTED_EDGE('',*,*,#1248,.F.);
#797=ORIENTED_EDGE('',*,*,#1253,.F.);
#798=ORIENTED_EDGE('',*,*,#1249,.T.);
#799=ORIENTED_EDGE('',*,*,#1269,.F.);
#800=ORIENTED_EDGE('',*,*,#1258,.T.);
#801=ORIENTED_EDGE('',*,*,#1245,.F.);
#802=ORIENTED_EDGE('',*,*,#1243,.F.);
#803=ORIENTED_EDGE('',*,*,#1265,.F.);
#804=ORIENTED_EDGE('',*,*,#1262,.F.);
#805=ORIENTED_EDGE('',*,*,#1275,.F.);
#806=ORIENTED_EDGE('',*,*,#1439,.T.);
#807=ORIENTED_EDGE('',*,*,#1233,.T.);
#808=ORIENTED_EDGE('',*,*,#1230,.T.);
#809=ORIENTED_EDGE('',*,*,#1442,.F.);
#810=ORIENTED_EDGE('',*,*,#1271,.F.);
#811=ORIENTED_EDGE('',*,*,#1284,.F.);
#812=ORIENTED_EDGE('',*,*,#1276,.T.);
#813=ORIENTED_EDGE('',*,*,#1240,.F.);
#814=ORIENTED_EDGE('',*,*,#1236,.T.);
#815=ORIENTED_EDGE('',*,*,#1447,.F.);
#816=ORIENTED_EDGE('',*,*,#1280,.T.);
#817=ORIENTED_EDGE('',*,*,#1232,.F.);
#818=ORIENTED_EDGE('',*,*,#1239,.T.);
#819=ORIENTED_EDGE('',*,*,#1244,.T.);
#820=ORIENTED_EDGE('',*,*,#1225,.F.);
#821=ORIENTED_EDGE('',*,*,#1455,.F.);
#822=ORIENTED_EDGE('',*,*,#1456,.F.);
#823=ORIENTED_EDGE('',*,*,#1457,.T.);
#824=ORIENTED_EDGE('',*,*,#1458,.T.);
#825=ORIENTED_EDGE('',*,*,#1459,.T.);
#826=ORIENTED_EDGE('',*,*,#1219,.F.);
#827=ORIENTED_EDGE('',*,*,#1460,.F.);
#828=ORIENTED_EDGE('',*,*,#1458,.F.);
#829=ORIENTED_EDGE('',*,*,#1461,.T.);
#830=ORIENTED_EDGE('',*,*,#1220,.F.);
#831=ORIENTED_EDGE('',*,*,#1459,.F.);
#832=ORIENTED_EDGE('',*,*,#1457,.F.);
#833=ORIENTED_EDGE('',*,*,#1455,.T.);
#834=ORIENTED_EDGE('',*,*,#1460,.T.);
#835=ORIENTED_EDGE('',*,*,#1218,.T.);
#836=ORIENTED_EDGE('',*,*,#1462,.F.);
#837=ORIENTED_EDGE('',*,*,#1456,.T.);
#838=ORIENTED_EDGE('',*,*,#1462,.T.);
#839=ORIENTED_EDGE('',*,*,#1217,.T.);
#840=ORIENTED_EDGE('',*,*,#1461,.F.);
#841=ORIENTED_EDGE('',*,*,#1194,.T.);
#842=ORIENTED_EDGE('',*,*,#1463,.F.);
#843=ORIENTED_EDGE('',*,*,#1464,.F.);
#844=ORIENTED_EDGE('',*,*,#1465,.T.);
#845=ORIENTED_EDGE('',*,*,#1193,.T.);
#846=ORIENTED_EDGE('',*,*,#1466,.F.);
#847=ORIENTED_EDGE('',*,*,#1467,.F.);
#848=ORIENTED_EDGE('',*,*,#1463,.T.);
#849=ORIENTED_EDGE('',*,*,#1192,.F.);
#850=ORIENTED_EDGE('',*,*,#1468,.F.);
#851=ORIENTED_EDGE('',*,*,#1469,.T.);
#852=ORIENTED_EDGE('',*,*,#1466,.T.);
#853=ORIENTED_EDGE('',*,*,#1191,.T.);
#854=ORIENTED_EDGE('',*,*,#1470,.F.);
#855=ORIENTED_EDGE('',*,*,#1471,.F.);
#856=ORIENTED_EDGE('',*,*,#1468,.T.);
#857=ORIENTED_EDGE('',*,*,#1472,.F.);
#858=ORIENTED_EDGE('',*,*,#1473,.F.);
#859=ORIENTED_EDGE('',*,*,#1474,.F.);
#860=ORIENTED_EDGE('',*,*,#1475,.T.);
#861=ORIENTED_EDGE('',*,*,#1470,.T.);
#862=ORIENTED_EDGE('',*,*,#1190,.F.);
#863=ORIENTED_EDGE('',*,*,#1474,.T.);
#864=ORIENTED_EDGE('',*,*,#1476,.T.);
#865=ORIENTED_EDGE('',*,*,#1477,.F.);
#866=ORIENTED_EDGE('',*,*,#1478,.F.);
#867=ORIENTED_EDGE('',*,*,#1479,.T.);
#868=ORIENTED_EDGE('',*,*,#1480,.F.);
#869=ORIENTED_EDGE('',*,*,#1196,.T.);
#870=ORIENTED_EDGE('',*,*,#1481,.F.);
#871=ORIENTED_EDGE('',*,*,#1482,.F.);
#872=ORIENTED_EDGE('',*,*,#1477,.T.);
#873=ORIENTED_EDGE('',*,*,#1195,.T.);
#874=ORIENTED_EDGE('',*,*,#1465,.F.);
#875=ORIENTED_EDGE('',*,*,#1483,.F.);
#876=ORIENTED_EDGE('',*,*,#1481,.T.);
#877=ORIENTED_EDGE('',*,*,#1484,.T.);
#878=ORIENTED_EDGE('',*,*,#1464,.T.);
#879=ORIENTED_EDGE('',*,*,#1467,.T.);
#880=ORIENTED_EDGE('',*,*,#1469,.F.);
#881=ORIENTED_EDGE('',*,*,#1471,.T.);
#882=ORIENTED_EDGE('',*,*,#1475,.F.);
#883=ORIENTED_EDGE('',*,*,#1478,.T.);
#884=ORIENTED_EDGE('',*,*,#1482,.T.);
#885=ORIENTED_EDGE('',*,*,#1483,.T.);
#886=ORIENTED_EDGE('',*,*,#1200,.F.);
#887=ORIENTED_EDGE('',*,*,#1485,.F.);
#888=ORIENTED_EDGE('',*,*,#1486,.T.);
#889=ORIENTED_EDGE('',*,*,#1487,.T.);
#890=ORIENTED_EDGE('',*,*,#1199,.F.);
#891=ORIENTED_EDGE('',*,*,#1488,.F.);
#892=ORIENTED_EDGE('',*,*,#1489,.T.);
#893=ORIENTED_EDGE('',*,*,#1485,.T.);
#894=ORIENTED_EDGE('',*,*,#1490,.T.);
#895=ORIENTED_EDGE('',*,*,#1491,.F.);
#896=ORIENTED_EDGE('',*,*,#1492,.F.);
#897=ORIENTED_EDGE('',*,*,#1493,.T.);
#898=ORIENTED_EDGE('',*,*,#1488,.T.);
#899=ORIENTED_EDGE('',*,*,#1198,.F.);
#900=ORIENTED_EDGE('',*,*,#1494,.F.);
#901=ORIENTED_EDGE('',*,*,#1495,.F.);
#902=ORIENTED_EDGE('',*,*,#1496,.T.);
#903=ORIENTED_EDGE('',*,*,#1492,.T.);
#904=ORIENTED_EDGE('',*,*,#1497,.T.);
#905=ORIENTED_EDGE('',*,*,#1498,.F.);
#906=ORIENTED_EDGE('',*,*,#1204,.T.);
#907=ORIENTED_EDGE('',*,*,#1499,.F.);
#908=ORIENTED_EDGE('',*,*,#1500,.F.);
#909=ORIENTED_EDGE('',*,*,#1495,.T.);
#910=ORIENTED_EDGE('',*,*,#1203,.F.);
#911=ORIENTED_EDGE('',*,*,#1501,.F.);
#912=ORIENTED_EDGE('',*,*,#1502,.T.);
#913=ORIENTED_EDGE('',*,*,#1499,.T.);
#914=ORIENTED_EDGE('',*,*,#1202,.T.);
#915=ORIENTED_EDGE('',*,*,#1503,.F.);
#916=ORIENTED_EDGE('',*,*,#1504,.F.);
#917=ORIENTED_EDGE('',*,*,#1501,.T.);
#918=ORIENTED_EDGE('',*,*,#1201,.F.);
#919=ORIENTED_EDGE('',*,*,#1487,.F.);
#920=ORIENTED_EDGE('',*,*,#1505,.T.);
#921=ORIENTED_EDGE('',*,*,#1503,.T.);
#922=ORIENTED_EDGE('',*,*,#1506,.T.);
#923=ORIENTED_EDGE('',*,*,#1486,.F.);
#924=ORIENTED_EDGE('',*,*,#1489,.F.);
#925=ORIENTED_EDGE('',*,*,#1493,.F.);
#926=ORIENTED_EDGE('',*,*,#1496,.F.);
#927=ORIENTED_EDGE('',*,*,#1500,.T.);
#928=ORIENTED_EDGE('',*,*,#1502,.F.);
#929=ORIENTED_EDGE('',*,*,#1504,.T.);
#930=ORIENTED_EDGE('',*,*,#1505,.F.);
#931=ORIENTED_EDGE('',*,*,#1184,.F.);
#932=ORIENTED_EDGE('',*,*,#1507,.F.);
#933=ORIENTED_EDGE('',*,*,#1508,.T.);
#934=ORIENTED_EDGE('',*,*,#1509,.T.);
#935=ORIENTED_EDGE('',*,*,#1183,.F.);
#936=ORIENTED_EDGE('',*,*,#1510,.F.);
#937=ORIENTED_EDGE('',*,*,#1511,.T.);
#938=ORIENTED_EDGE('',*,*,#1507,.T.);
#939=ORIENTED_EDGE('',*,*,#1512,.F.);
#940=ORIENTED_EDGE('',*,*,#1513,.F.);
#941=ORIENTED_EDGE('',*,*,#1514,.F.);
#942=ORIENTED_EDGE('',*,*,#1515,.T.);
#943=ORIENTED_EDGE('',*,*,#1510,.T.);
#944=ORIENTED_EDGE('',*,*,#1182,.F.);
#945=ORIENTED_EDGE('',*,*,#1516,.F.);
#946=ORIENTED_EDGE('',*,*,#1517,.F.);
#947=ORIENTED_EDGE('',*,*,#1518,.T.);
#948=ORIENTED_EDGE('',*,*,#1514,.T.);
#949=ORIENTED_EDGE('',*,*,#1519,.T.);
#950=ORIENTED_EDGE('',*,*,#1520,.T.);
#951=ORIENTED_EDGE('',*,*,#1188,.T.);
#952=ORIENTED_EDGE('',*,*,#1521,.F.);
#953=ORIENTED_EDGE('',*,*,#1522,.F.);
#954=ORIENTED_EDGE('',*,*,#1517,.T.);
#955=ORIENTED_EDGE('',*,*,#1187,.F.);
#956=ORIENTED_EDGE('',*,*,#1523,.F.);
#957=ORIENTED_EDGE('',*,*,#1524,.T.);
#958=ORIENTED_EDGE('',*,*,#1521,.T.);
#959=ORIENTED_EDGE('',*,*,#1186,.T.);
#960=ORIENTED_EDGE('',*,*,#1525,.F.);
#961=ORIENTED_EDGE('',*,*,#1526,.F.);
#962=ORIENTED_EDGE('',*,*,#1523,.T.);
#963=ORIENTED_EDGE('',*,*,#1185,.F.);
#964=ORIENTED_EDGE('',*,*,#1509,.F.);
#965=ORIENTED_EDGE('',*,*,#1527,.T.);
#966=ORIENTED_EDGE('',*,*,#1525,.T.);
#967=ORIENTED_EDGE('',*,*,#1528,.T.);
#968=ORIENTED_EDGE('',*,*,#1508,.F.);
#969=ORIENTED_EDGE('',*,*,#1511,.F.);
#970=ORIENTED_EDGE('',*,*,#1515,.F.);
#971=ORIENTED_EDGE('',*,*,#1518,.F.);
#972=ORIENTED_EDGE('',*,*,#1522,.T.);
#973=ORIENTED_EDGE('',*,*,#1524,.F.);
#974=ORIENTED_EDGE('',*,*,#1526,.T.);
#975=ORIENTED_EDGE('',*,*,#1527,.F.);
#976=ORIENTED_EDGE('',*,*,#1178,.T.);
#977=ORIENTED_EDGE('',*,*,#1529,.F.);
#978=ORIENTED_EDGE('',*,*,#1530,.F.);
#979=ORIENTED_EDGE('',*,*,#1531,.T.);
#980=ORIENTED_EDGE('',*,*,#1177,.T.);
#981=ORIENTED_EDGE('',*,*,#1532,.F.);
#982=ORIENTED_EDGE('',*,*,#1533,.F.);
#983=ORIENTED_EDGE('',*,*,#1529,.T.);
#984=ORIENTED_EDGE('',*,*,#1176,.F.);
#985=ORIENTED_EDGE('',*,*,#1534,.F.);
#986=ORIENTED_EDGE('',*,*,#1535,.T.);
#987=ORIENTED_EDGE('',*,*,#1532,.T.);
#988=ORIENTED_EDGE('',*,*,#1175,.T.);
#989=ORIENTED_EDGE('',*,*,#1536,.F.);
#990=ORIENTED_EDGE('',*,*,#1537,.F.);
#991=ORIENTED_EDGE('',*,*,#1534,.T.);
#992=ORIENTED_EDGE('',*,*,#1538,.T.);
#993=ORIENTED_EDGE('',*,*,#1539,.F.);
#994=ORIENTED_EDGE('',*,*,#1540,.F.);
#995=ORIENTED_EDGE('',*,*,#1541,.T.);
#996=ORIENTED_EDGE('',*,*,#1536,.T.);
#997=ORIENTED_EDGE('',*,*,#1174,.F.);
#998=ORIENTED_EDGE('',*,*,#1540,.T.);
#999=ORIENTED_EDGE('',*,*,#1542,.T.);
#1000=ORIENTED_EDGE('',*,*,#1543,.F.);
#1001=ORIENTED_EDGE('',*,*,#1544,.F.);
#1002=ORIENTED_EDGE('',*,*,#1545,.T.);
#1003=ORIENTED_EDGE('',*,*,#1546,.T.);
#1004=ORIENTED_EDGE('',*,*,#1180,.T.);
#1005=ORIENTED_EDGE('',*,*,#1547,.F.);
#1006=ORIENTED_EDGE('',*,*,#1548,.F.);
#1007=ORIENTED_EDGE('',*,*,#1543,.T.);
#1008=ORIENTED_EDGE('',*,*,#1179,.T.);
#1009=ORIENTED_EDGE('',*,*,#1531,.F.);
#1010=ORIENTED_EDGE('',*,*,#1549,.F.);
#1011=ORIENTED_EDGE('',*,*,#1547,.T.);
#1012=ORIENTED_EDGE('',*,*,#1550,.T.);
#1013=ORIENTED_EDGE('',*,*,#1530,.T.);
#1014=ORIENTED_EDGE('',*,*,#1533,.T.);
#1015=ORIENTED_EDGE('',*,*,#1535,.F.);
#1016=ORIENTED_EDGE('',*,*,#1537,.T.);
#1017=ORIENTED_EDGE('',*,*,#1541,.F.);
#1018=ORIENTED_EDGE('',*,*,#1544,.T.);
#1019=ORIENTED_EDGE('',*,*,#1548,.T.);
#1020=ORIENTED_EDGE('',*,*,#1549,.T.);
#1021=ORIENTED_EDGE('',*,*,#1551,.T.);
#1022=ORIENTED_EDGE('',*,*,#1550,.F.);
#1023=ORIENTED_EDGE('',*,*,#1552,.T.);
#1024=ORIENTED_EDGE('',*,*,#1528,.F.);
#1025=ORIENTED_EDGE('',*,*,#1553,.T.);
#1026=ORIENTED_EDGE('',*,*,#1506,.F.);
#1027=ORIENTED_EDGE('',*,*,#1554,.T.);
#1028=ORIENTED_EDGE('',*,*,#1484,.F.);
#1029=ORIENTED_EDGE('',*,*,#1473,.T.);
#1030=ORIENTED_EDGE('',*,*,#1555,.T.);
#1031=ORIENTED_EDGE('',*,*,#1556,.F.);
#1032=ORIENTED_EDGE('',*,*,#1479,.F.);
#1033=ORIENTED_EDGE('',*,*,#1476,.F.);
#1034=ORIENTED_EDGE('',*,*,#1554,.F.);
#1035=ORIENTED_EDGE('',*,*,#1553,.F.);
#1036=ORIENTED_EDGE('',*,*,#1491,.T.);
#1037=ORIENTED_EDGE('',*,*,#1557,.F.);
#1038=ORIENTED_EDGE('',*,*,#1558,.F.);
#1039=ORIENTED_EDGE('',*,*,#1497,.F.);
#1040=ORIENTED_EDGE('',*,*,#1494,.T.);
#1041=ORIENTED_EDGE('',*,*,#1552,.F.);
#1042=ORIENTED_EDGE('',*,*,#1513,.T.);
#1043=ORIENTED_EDGE('',*,*,#1559,.T.);
#1044=ORIENTED_EDGE('',*,*,#1560,.T.);
#1045=ORIENTED_EDGE('',*,*,#1519,.F.);
#1046=ORIENTED_EDGE('',*,*,#1516,.T.);
#1047=ORIENTED_EDGE('',*,*,#1551,.F.);
#1048=ORIENTED_EDGE('',*,*,#1539,.T.);
#1049=ORIENTED_EDGE('',*,*,#1561,.F.);
#1050=ORIENTED_EDGE('',*,*,#1562,.T.);
#1051=ORIENTED_EDGE('',*,*,#1545,.F.);
#1052=ORIENTED_EDGE('',*,*,#1542,.F.);
#1053=ORIENTED_EDGE('',*,*,#1480,.T.);
#1054=ORIENTED_EDGE('',*,*,#1556,.T.);
#1055=ORIENTED_EDGE('',*,*,#1563,.T.);
#1056=ORIENTED_EDGE('',*,*,#1223,.F.);
#1057=ORIENTED_EDGE('',*,*,#1564,.F.);
#1058=ORIENTED_EDGE('',*,*,#1557,.T.);
#1059=ORIENTED_EDGE('',*,*,#1490,.F.);
#1060=ORIENTED_EDGE('',*,*,#1197,.T.);
#1061=ORIENTED_EDGE('',*,*,#1498,.T.);
#1062=ORIENTED_EDGE('',*,*,#1558,.T.);
#1063=ORIENTED_EDGE('',*,*,#1564,.T.);
#1064=ORIENTED_EDGE('',*,*,#1222,.F.);
#1065=ORIENTED_EDGE('',*,*,#1565,.F.);
#1066=ORIENTED_EDGE('',*,*,#1561,.T.);
#1067=ORIENTED_EDGE('',*,*,#1538,.F.);
#1068=ORIENTED_EDGE('',*,*,#1173,.T.);
#1069=ORIENTED_EDGE('',*,*,#1512,.T.);
#1070=ORIENTED_EDGE('',*,*,#1181,.F.);
#1071=ORIENTED_EDGE('',*,*,#1546,.F.);
#1072=ORIENTED_EDGE('',*,*,#1562,.F.);
#1073=ORIENTED_EDGE('',*,*,#1565,.T.);
#1074=ORIENTED_EDGE('',*,*,#1221,.T.);
#1075=ORIENTED_EDGE('',*,*,#1566,.F.);
#1076=ORIENTED_EDGE('',*,*,#1559,.F.);
#1077=ORIENTED_EDGE('',*,*,#1472,.T.);
#1078=ORIENTED_EDGE('',*,*,#1189,.F.);
#1079=ORIENTED_EDGE('',*,*,#1520,.F.);
#1080=ORIENTED_EDGE('',*,*,#1560,.F.);
#1081=ORIENTED_EDGE('',*,*,#1566,.T.);
#1082=ORIENTED_EDGE('',*,*,#1224,.T.);
#1083=ORIENTED_EDGE('',*,*,#1563,.F.);
#1084=ORIENTED_EDGE('',*,*,#1555,.F.);
#1085=ORIENTED_EDGE('',*,*,#1332,.T.);
#1086=ORIENTED_EDGE('',*,*,#1216,.F.);
#1087=ORIENTED_EDGE('',*,*,#1343,.T.);
#1088=ORIENTED_EDGE('',*,*,#1215,.F.);
#1089=ORIENTED_EDGE('',*,*,#1364,.T.);
#1090=ORIENTED_EDGE('',*,*,#1214,.F.);
#1091=ORIENTED_EDGE('',*,*,#1354,.T.);
#1092=ORIENTED_EDGE('',*,*,#1213,.F.);
#1093=ORIENTED_EDGE('',*,*,#1567,.F.);
#1094=ORIENTED_EDGE('',*,*,#1389,.F.);
#1095=ORIENTED_EDGE('',*,*,#1568,.F.);
#1096=ORIENTED_EDGE('',*,*,#1210,.F.);
#1097=ORIENTED_EDGE('',*,*,#1568,.T.);
#1098=ORIENTED_EDGE('',*,*,#1391,.F.);
#1099=ORIENTED_EDGE('',*,*,#1569,.F.);
#1100=ORIENTED_EDGE('',*,*,#1211,.F.);
#1101=ORIENTED_EDGE('',*,*,#1567,.T.);
#1102=ORIENTED_EDGE('',*,*,#1209,.F.);
#1103=ORIENTED_EDGE('',*,*,#1570,.F.);
#1104=ORIENTED_EDGE('',*,*,#1386,.F.);
#1105=ORIENTED_EDGE('',*,*,#1569,.T.);
#1106=ORIENTED_EDGE('',*,*,#1397,.F.);
#1107=ORIENTED_EDGE('',*,*,#1571,.F.);
#1108=ORIENTED_EDGE('',*,*,#1212,.F.);
#1109=ORIENTED_EDGE('',*,*,#1570,.T.);
#1110=ORIENTED_EDGE('',*,*,#1208,.F.);
#1111=ORIENTED_EDGE('',*,*,#1572,.F.);
#1112=ORIENTED_EDGE('',*,*,#1404,.F.);
#1113=ORIENTED_EDGE('',*,*,#1571,.T.);
#1114=ORIENTED_EDGE('',*,*,#1399,.F.);
#1115=ORIENTED_EDGE('',*,*,#1573,.F.);
#1116=ORIENTED_EDGE('',*,*,#1205,.F.);
#1117=ORIENTED_EDGE('',*,*,#1572,.T.);
#1118=ORIENTED_EDGE('',*,*,#1207,.F.);
#1119=ORIENTED_EDGE('',*,*,#1574,.F.);
#1120=ORIENTED_EDGE('',*,*,#1403,.F.);
#1121=ORIENTED_EDGE('',*,*,#1573,.T.);
#1122=ORIENTED_EDGE('',*,*,#1401,.F.);
#1123=ORIENTED_EDGE('',*,*,#1574,.T.);
#1124=ORIENTED_EDGE('',*,*,#1206,.F.);
#1125=EDGE_CURVE('',#1575,#1576,#1879,.T.);
#1126=EDGE_CURVE('',#1575,#1577,#91,.T.);
#1127=EDGE_CURVE('',#1578,#1577,#1880,.T.);
#1128=EDGE_CURVE('',#1579,#1578,#1881,.T.);
#1129=EDGE_CURVE('',#1579,#1580,#1882,.T.);
#1130=EDGE_CURVE('',#1581,#1580,#92,.F.);
#1131=EDGE_CURVE('',#1581,#1582,#1883,.T.);
#1132=EDGE_CURVE('',#1582,#1583,#1884,.T.);
#1133=EDGE_CURVE('',#1584,#1583,#1885,.T.);
#1134=EDGE_CURVE('',#1584,#1585,#93,.T.);
#1135=EDGE_CURVE('',#1586,#1585,#1886,.T.);
#1136=EDGE_CURVE('',#1586,#1587,#1887,.T.);
#1137=EDGE_CURVE('',#1587,#1588,#1888,.T.);
#1138=EDGE_CURVE('',#1589,#1588,#94,.F.);
#1139=EDGE_CURVE('',#1589,#1590,#1889,.T.);
#1140=EDGE_CURVE('',#1576,#1590,#1890,.T.);
#1141=EDGE_CURVE('',#1591,#1592,#1891,.T.);
#1142=EDGE_CURVE('',#1593,#1591,#1892,.T.);
#1143=EDGE_CURVE('',#1594,#1593,#95,.T.);
#1144=EDGE_CURVE('',#1594,#1595,#1893,.T.);
#1145=EDGE_CURVE('',#1596,#1595,#96,.T.);
#1146=EDGE_CURVE('',#1597,#1596,#1894,.T.);
#1147=EDGE_CURVE('',#1598,#1597,#97,.T.);
#1148=EDGE_CURVE('',#1598,#1599,#1895,.T.);
#1149=EDGE_CURVE('',#1599,#1600,#1896,.T.);
#1150=EDGE_CURVE('',#1601,#1600,#1897,.T.);
#1151=EDGE_CURVE('',#1601,#1602,#98,.T.);
#1152=EDGE_CURVE('',#1602,#1603,#1898,.T.);
#1153=EDGE_CURVE('',#1603,#1604,#99,.T.);
#1154=EDGE_CURVE('',#1605,#1604,#1899,.T.);
#1155=EDGE_CURVE('',#1605,#1606,#100,.T.);
#1156=EDGE_CURVE('',#1606,#1607,#1900,.T.);
#1157=EDGE_CURVE('',#1607,#1608,#1901,.T.);
#1158=EDGE_CURVE('',#1609,#1608,#1902,.T.);
#1159=EDGE_CURVE('',#1610,#1609,#101,.T.);
#1160=EDGE_CURVE('',#1610,#1611,#1903,.T.);
#1161=EDGE_CURVE('',#1612,#1611,#102,.T.);
#1162=EDGE_CURVE('',#1613,#1612,#1904,.T.);
#1163=EDGE_CURVE('',#1614,#1613,#103,.T.);
#1164=EDGE_CURVE('',#1614,#1615,#1905,.T.);
#1165=EDGE_CURVE('',#1616,#1615,#1906,.T.);
#1166=EDGE_CURVE('',#1617,#1616,#1907,.T.);
#1167=EDGE_CURVE('',#1617,#1618,#104,.T.);
#1168=EDGE_CURVE('',#1618,#1619,#1908,.T.);
#1169=EDGE_CURVE('',#1619,#1620,#105,.T.);
#1170=EDGE_CURVE('',#1621,#1620,#1909,.T.);
#1171=EDGE_CURVE('',#1621,#1622,#106,.T.);
#1172=EDGE_CURVE('',#1622,#1592,#1910,.T.);
#1173=EDGE_CURVE('',#1623,#1624,#1911,.T.);
#1174=EDGE_CURVE('',#1623,#1625,#1912,.T.);
#1175=EDGE_CURVE('',#1626,#1625,#107,.T.);
#1176=EDGE_CURVE('',#1626,#1627,#1913,.T.);
#1177=EDGE_CURVE('',#1628,#1627,#108,.T.);
#1178=EDGE_CURVE('',#1629,#1628,#1914,.T.);
#1179=EDGE_CURVE('',#1630,#1629,#109,.T.);
#1180=EDGE_CURVE('',#1631,#1630,#1915,.T.);
#1181=EDGE_CURVE('',#1631,#1632,#1916,.T.);
#1182=EDGE_CURVE('',#1632,#1633,#1917,.T.);
#1183=EDGE_CURVE('',#1633,#1634,#110,.T.);
#1184=EDGE_CURVE('',#1634,#1635,#1918,.T.);
#1185=EDGE_CURVE('',#1635,#1636,#111,.T.);
#1186=EDGE_CURVE('',#1637,#1636,#1919,.T.);
#1187=EDGE_CURVE('',#1637,#1638,#112,.T.);
#1188=EDGE_CURVE('',#1639,#1638,#1920,.T.);
#1189=EDGE_CURVE('',#1639,#1640,#1921,.T.);
#1190=EDGE_CURVE('',#1640,#1641,#1922,.T.);
#1191=EDGE_CURVE('',#1642,#1641,#113,.T.);
#1192=EDGE_CURVE('',#1642,#1643,#1923,.T.);
#1193=EDGE_CURVE('',#1644,#1643,#114,.T.);
#1194=EDGE_CURVE('',#1645,#1644,#1924,.T.);
#1195=EDGE_CURVE('',#1646,#1645,#115,.T.);
#1196=EDGE_CURVE('',#1647,#1646,#1925,.T.);
#1197=EDGE_CURVE('',#1648,#1647,#1926,.T.);
#1198=EDGE_CURVE('',#1648,#1649,#1927,.T.);
#1199=EDGE_CURVE('',#1649,#1650,#116,.T.);
#1200=EDGE_CURVE('',#1650,#1651,#1928,.T.);
#1201=EDGE_CURVE('',#1651,#1652,#117,.T.);
#1202=EDGE_CURVE('',#1653,#1652,#1929,.T.);
#1203=EDGE_CURVE('',#1653,#1654,#118,.T.);
#1204=EDGE_CURVE('',#1624,#1654,#1930,.T.);
#1205=EDGE_CURVE('',#1655,#1656,#1931,.T.);
#1206=EDGE_CURVE('',#1656,#1657,#119,.T.);
#1207=EDGE_CURVE('',#1657,#1658,#1932,.T.);
#1208=EDGE_CURVE('',#1658,#1659,#120,.T.);
#1209=EDGE_CURVE('',#1659,#1660,#1933,.T.);
#1210=EDGE_CURVE('',#1660,#1661,#121,.T.);
#1211=EDGE_CURVE('',#1661,#1662,#1934,.T.);
#1212=EDGE_CURVE('',#1662,#1655,#122,.T.);
#1213=EDGE_CURVE('',#1663,#1663,#123,.T.);
#1214=EDGE_CURVE('',#1664,#1664,#124,.T.);
#1215=EDGE_CURVE('',#1665,#1665,#125,.T.);
#1216=EDGE_CURVE('',#1666,#1666,#126,.T.);
#1217=EDGE_CURVE('',#1667,#1668,#1935,.T.);
#1218=EDGE_CURVE('',#1669,#1667,#1936,.T.);
#1219=EDGE_CURVE('',#1669,#1670,#1937,.T.);
#1220=EDGE_CURVE('',#1670,#1668,#1938,.T.);
#1221=EDGE_CURVE('',#1671,#1672,#1939,.T.);
#1222=EDGE_CURVE('',#1671,#1673,#1940,.T.);
#1223=EDGE_CURVE('',#1673,#1674,#1941,.T.);
#1224=EDGE_CURVE('',#1672,#1674,#1942,.T.);
#1225=EDGE_CURVE('',#1675,#1676,#1943,.T.);
#1226=EDGE_CURVE('',#1677,#1676,#1944,.T.);
#1227=EDGE_CURVE('',#1678,#1677,#1945,.T.);
#1228=EDGE_CURVE('',#1608,#1678,#1946,.T.);
#1229=EDGE_CURVE('',#1607,#1679,#1947,.T.);
#1230=EDGE_CURVE('',#1680,#1679,#1948,.T.);
#1231=EDGE_CURVE('',#1680,#1675,#1949,.T.);
#1232=EDGE_CURVE('',#1681,#1675,#1950,.T.);
#1233=EDGE_CURVE('',#1682,#1680,#1951,.T.);
#1234=EDGE_CURVE('',#1600,#1682,#1952,.T.);
#1235=EDGE_CURVE('',#1599,#1683,#1953,.T.);
#1236=EDGE_CURVE('',#1684,#1683,#1954,.T.);
#1237=EDGE_CURVE('',#1684,#1681,#1955,.T.);
#1238=EDGE_CURVE('',#1685,#1686,#1956,.T.);
#1239=EDGE_CURVE('',#1681,#1686,#1957,.T.);
#1240=EDGE_CURVE('',#1684,#1687,#1958,.T.);
#1241=EDGE_CURVE('',#1687,#1591,#1959,.T.);
#1242=EDGE_CURVE('',#1688,#1592,#1960,.T.);
#1243=EDGE_CURVE('',#1688,#1685,#1961,.T.);
#1244=EDGE_CURVE('',#1686,#1676,#1962,.T.);
#1245=EDGE_CURVE('',#1685,#1689,#1963,.T.);
#1246=EDGE_CURVE('',#1689,#1616,#1964,.T.);
#1247=EDGE_CURVE('',#1690,#1615,#1965,.T.);
#1248=EDGE_CURVE('',#1690,#1677,#1966,.T.);
#1249=EDGE_CURVE('',#1691,#1692,#127,.T.);
#1250=EDGE_CURVE('',#1693,#1691,#1967,.T.);
#1251=EDGE_CURVE('',#1694,#1693,#128,.T.);
#1252=EDGE_CURVE('',#1694,#1692,#1968,.T.);
#1253=EDGE_CURVE('',#1691,#1690,#1969,.T.);
#1254=EDGE_CURVE('',#1695,#1614,#1970,.T.);
#1255=EDGE_CURVE('',#1695,#1693,#1971,.T.);
#1256=EDGE_CURVE('',#1696,#1696,#129,.T.);
#1257=EDGE_CURVE('',#1697,#1697,#130,.T.);
#1258=EDGE_CURVE('',#1698,#1689,#1972,.T.);
#1259=EDGE_CURVE('',#1699,#1698,#1973,.T.);
#1260=EDGE_CURVE('',#1700,#1699,#1974,.T.);
#1261=EDGE_CURVE('',#1700,#1617,#1975,.T.);
#1262=EDGE_CURVE('',#1698,#1701,#131,.F.);
#1263=EDGE_CURVE('',#1702,#1701,#1976,.T.);
#1264=EDGE_CURVE('',#1702,#1699,#132,.T.);
#1265=EDGE_CURVE('',#1701,#1688,#1977,.T.);
#1266=EDGE_CURVE('',#1703,#1622,#1978,.T.);
#1267=EDGE_CURVE('',#1703,#1702,#1979,.T.);
#1268=EDGE_CURVE('',#1704,#1704,#133,.T.);
#1269=EDGE_CURVE('',#1705,#1705,#134,.T.);
#1270=EDGE_CURVE('',#1706,#1707,#1980,.T.);
#1271=EDGE_CURVE('',#1707,#1708,#135,.F.);
#1272=EDGE_CURVE('',#1709,#1708,#1981,.T.);
#1273=EDGE_CURVE('',#1709,#1706,#136,.T.);
#1274=EDGE_CURVE('',#1710,#1710,#137,.T.);
#1275=EDGE_CURVE('',#1711,#1711,#138,.T.);
#1276=EDGE_CURVE('',#1712,#1687,#1982,.T.);
#1277=EDGE_CURVE('',#1713,#1712,#1983,.T.);
#1278=EDGE_CURVE('',#1714,#1713,#1984,.T.);
#1279=EDGE_CURVE('',#1714,#1593,#1985,.T.);
#1280=EDGE_CURVE('',#1715,#1712,#139,.T.);
#1281=EDGE_CURVE('',#1716,#1715,#1986,.T.);
#1282=EDGE_CURVE('',#1713,#1716,#140,.T.);
#1283=EDGE_CURVE('',#1717,#1717,#141,.T.);
#1284=EDGE_CURVE('',#1718,#1718,#142,.T.);
#1285=EDGE_CURVE('',#1719,#1720,#1987,.T.);
#1286=EDGE_CURVE('',#1720,#1721,#1988,.T.);
#1287=EDGE_CURVE('',#1722,#1721,#1989,.T.);
#1288=EDGE_CURVE('',#1719,#1722,#1990,.T.);
#1289=EDGE_CURVE('',#1720,#1723,#143,.T.);
#1290=EDGE_CURVE('',#1719,#1724,#144,.F.);
#1291=EDGE_CURVE('',#1724,#1725,#1991,.T.);
#1292=EDGE_CURVE('',#1726,#1725,#145,.T.);
#1293=EDGE_CURVE('',#1727,#1726,#1992,.T.);
#1294=EDGE_CURVE('',#1576,#1727,#1993,.T.);
#1295=EDGE_CURVE('',#1590,#1728,#1994,.T.);
#1296=EDGE_CURVE('',#1723,#1728,#1995,.T.);
#1297=EDGE_CURVE('',#1729,#1730,#1996,.T.);
#1298=EDGE_CURVE('',#1729,#1723,#1997,.F.);
#1299=EDGE_CURVE('',#1728,#1731,#1998,.T.);
#1300=EDGE_CURVE('',#1731,#1732,#146,.T.);
#1301=EDGE_CURVE('',#1733,#1732,#1999,.T.);
#1302=EDGE_CURVE('',#1734,#1733,#2000,.T.);
#1303=EDGE_CURVE('',#1735,#1734,#2001,.T.);
#1304=EDGE_CURVE('',#1735,#1736,#147,.T.);
#1305=EDGE_CURVE('',#1737,#1736,#2002,.T.);
#1306=EDGE_CURVE('',#1738,#1737,#2003,.T.);
#1307=EDGE_CURVE('',#1739,#1738,#2004,.T.);
#1308=EDGE_CURVE('',#1739,#1740,#148,.T.);
#1309=EDGE_CURVE('',#1740,#1741,#2005,.T.);
#1310=EDGE_CURVE('',#1741,#1742,#2006,.T.);
#1311=EDGE_CURVE('',#1742,#1743,#2007,.T.);
#1312=EDGE_CURVE('',#1743,#1744,#149,.T.);
#1313=EDGE_CURVE('',#1744,#1727,#2008,.T.);
#1314=EDGE_CURVE('',#1726,#1745,#2009,.T.);
#1315=EDGE_CURVE('',#1746,#1745,#2010,.T.);
#1316=EDGE_CURVE('',#1747,#1746,#150,.T.);
#1317=EDGE_CURVE('',#1748,#1747,#2011,.T.);
#1318=EDGE_CURVE('',#1749,#1748,#151,.T.);
#1319=EDGE_CURVE('',#1749,#1750,#2012,.T.);
#1320=EDGE_CURVE('',#1751,#1750,#152,.T.);
#1321=EDGE_CURVE('',#1751,#1752,#2013,.T.);
#1322=EDGE_CURVE('',#1730,#1752,#153,.T.);
#1323=EDGE_CURVE('',#1578,#1742,#2014,.T.);
#1324=EDGE_CURVE('',#1577,#1753,#2015,.T.);
#1325=EDGE_CURVE('',#1754,#1753,#2016,.T.);
#1326=EDGE_CURVE('',#1742,#1754,#2017,.T.);
#1327=EDGE_CURVE('',#1575,#1755,#2018,.T.);
#1328=EDGE_CURVE('',#1727,#1756,#2019,.T.);
#1329=EDGE_CURVE('',#1755,#1756,#2020,.T.);
#1330=EDGE_CURVE('',#1755,#1753,#154,.T.);
#1331=EDGE_CURVE('',#1757,#1757,#155,.T.);
#1332=EDGE_CURVE('',#1758,#1758,#156,.T.);
#1333=EDGE_CURVE('',#1579,#1741,#2021,.T.);
#1334=EDGE_CURVE('',#1741,#1759,#2022,.T.);
#1335=EDGE_CURVE('',#1759,#1760,#2023,.T.);
#1336=EDGE_CURVE('',#1580,#1760,#2024,.T.);
#1337=EDGE_CURVE('',#1581,#1761,#2025,.T.);
#1338=EDGE_CURVE('',#1761,#1760,#157,.T.);
#1339=EDGE_CURVE('',#1761,#1762,#2026,.T.);
#1340=EDGE_CURVE('',#1738,#1762,#2027,.T.);
#1341=EDGE_CURVE('',#1582,#1738,#2028,.T.);
#1342=EDGE_CURVE('',#1763,#1763,#158,.T.);
#1343=EDGE_CURVE('',#1764,#1764,#159,.T.);
#1344=EDGE_CURVE('',#1583,#1737,#2029,.T.);
#1345=EDGE_CURVE('',#1586,#1734,#2030,.T.);
#1346=EDGE_CURVE('',#1585,#1765,#2031,.T.);
#1347=EDGE_CURVE('',#1766,#1765,#2032,.T.);
#1348=EDGE_CURVE('',#1734,#1766,#2033,.T.);
#1349=EDGE_CURVE('',#1584,#1767,#2034,.T.);
#1350=EDGE_CURVE('',#1737,#1768,#2035,.T.);
#1351=EDGE_CURVE('',#1767,#1768,#2036,.T.);
#1352=EDGE_CURVE('',#1767,#1765,#160,.T.);
#1353=EDGE_CURVE('',#1769,#1769,#161,.T.);
#1354=EDGE_CURVE('',#1770,#1770,#162,.T.);
#1355=EDGE_CURVE('',#1587,#1733,#2037,.T.);
#1356=EDGE_CURVE('',#1733,#1771,#2038,.T.);
#1357=EDGE_CURVE('',#1771,#1772,#2039,.T.);
#1358=EDGE_CURVE('',#1588,#1772,#2040,.T.);
#1359=EDGE_CURVE('',#1589,#1773,#2041,.T.);
#1360=EDGE_CURVE('',#1773,#1772,#163,.T.);
#1361=EDGE_CURVE('',#1773,#1774,#2042,.T.);
#1362=EDGE_CURVE('',#1728,#1774,#2043,.T.);
#1363=EDGE_CURVE('',#1775,#1775,#164,.T.);
#1364=EDGE_CURVE('',#1776,#1776,#165,.T.);
#1365=EDGE_CURVE('',#1754,#1777,#2044,.T.);
#1366=EDGE_CURVE('',#1743,#1777,#2045,.T.);
#1367=EDGE_CURVE('',#1777,#1778,#166,.T.);
#1368=EDGE_CURVE('',#1744,#1778,#2046,.T.);
#1369=EDGE_CURVE('',#1778,#1756,#2047,.T.);
#1370=EDGE_CURVE('',#1739,#1779,#2048,.T.);
#1371=EDGE_CURVE('',#1779,#1762,#2049,.T.);
#1372=EDGE_CURVE('',#1740,#1780,#2050,.T.);
#1373=EDGE_CURVE('',#1780,#1779,#167,.T.);
#1374=EDGE_CURVE('',#1759,#1780,#2051,.T.);
#1375=EDGE_CURVE('',#1766,#1781,#2052,.T.);
#1376=EDGE_CURVE('',#1735,#1781,#2053,.T.);
#1377=EDGE_CURVE('',#1781,#1782,#168,.T.);
#1378=EDGE_CURVE('',#1736,#1782,#2054,.T.);
#1379=EDGE_CURVE('',#1782,#1768,#2055,.T.);
#1380=EDGE_CURVE('',#1731,#1783,#2056,.T.);
#1381=EDGE_CURVE('',#1783,#1774,#2057,.T.);
#1382=EDGE_CURVE('',#1732,#1784,#2058,.T.);
#1383=EDGE_CURVE('',#1784,#1783,#169,.T.);
#1384=EDGE_CURVE('',#1771,#1784,#2059,.T.);
#1385=EDGE_CURVE('',#1785,#1747,#2060,.T.);
#1386=EDGE_CURVE('',#1785,#1786,#2061,.F.);
#1387=EDGE_CURVE('',#1786,#1748,#2062,.T.);
#1388=EDGE_CURVE('',#1787,#1746,#2063,.T.);
#1389=EDGE_CURVE('',#1787,#1785,#170,.F.);
#1390=EDGE_CURVE('',#1788,#1730,#2064,.T.);
#1391=EDGE_CURVE('',#1788,#1787,#2065,.F.);
#1392=EDGE_CURVE('',#1789,#1745,#171,.T.);
#1393=EDGE_CURVE('',#1789,#1790,#2066,.T.);
#1394=EDGE_CURVE('',#1790,#1722,#172,.T.);
#1395=EDGE_CURVE('',#1721,#1729,#173,.T.);
#1396=EDGE_CURVE('',#1791,#1752,#2067,.T.);
#1397=EDGE_CURVE('',#1791,#1788,#174,.F.);
#1398=EDGE_CURVE('',#1792,#1751,#2068,.T.);
#1399=EDGE_CURVE('',#1792,#1791,#2069,.F.);
#1400=EDGE_CURVE('',#1793,#1750,#2070,.T.);
#1401=EDGE_CURVE('',#1793,#1792,#175,.F.);
#1402=EDGE_CURVE('',#1794,#1749,#2071,.T.);
#1403=EDGE_CURVE('',#1794,#1793,#2072,.F.);
#1404=EDGE_CURVE('',#1786,#1794,#176,.F.);
#1405=EDGE_CURVE('',#1724,#1790,#2073,.T.);
#1406=EDGE_CURVE('',#1725,#1789,#2074,.T.);
#1407=EDGE_CURVE('',#1795,#1609,#2075,.T.);
#1408=EDGE_CURVE('',#1796,#1795,#177,.T.);
#1409=EDGE_CURVE('',#1796,#1610,#2076,.T.);
#1410=EDGE_CURVE('',#1692,#1678,#2077,.T.);
#1411=EDGE_CURVE('',#1795,#1694,#2078,.T.);
#1412=EDGE_CURVE('',#1797,#1613,#2079,.T.);
#1413=EDGE_CURVE('',#1695,#1797,#178,.T.);
#1414=EDGE_CURVE('',#1798,#1612,#2080,.T.);
#1415=EDGE_CURVE('',#1797,#1798,#2081,.T.);
#1416=EDGE_CURVE('',#1799,#1611,#2082,.T.);
#1417=EDGE_CURVE('',#1798,#1799,#179,.T.);
#1418=EDGE_CURVE('',#1796,#1799,#2083,.T.);
#1419=EDGE_CURVE('',#1800,#1621,#2084,.T.);
#1420=EDGE_CURVE('',#1800,#1703,#180,.T.);
#1421=EDGE_CURVE('',#1801,#1620,#2085,.T.);
#1422=EDGE_CURVE('',#1800,#1801,#2086,.T.);
#1423=EDGE_CURVE('',#1802,#1619,#2087,.T.);
#1424=EDGE_CURVE('',#1802,#1801,#181,.T.);
#1425=EDGE_CURVE('',#1803,#1618,#2088,.T.);
#1426=EDGE_CURVE('',#1803,#1802,#2089,.T.);
#1427=EDGE_CURVE('',#1700,#1803,#182,.T.);
#1428=EDGE_CURVE('',#1804,#1605,#2090,.T.);
#1429=EDGE_CURVE('',#1804,#1805,#183,.T.);
#1430=EDGE_CURVE('',#1805,#1606,#2091,.T.);
#1431=EDGE_CURVE('',#1806,#1604,#2092,.T.);
#1432=EDGE_CURVE('',#1804,#1806,#2093,.T.);
#1433=EDGE_CURVE('',#1807,#1603,#2094,.T.);
#1434=EDGE_CURVE('',#1807,#1806,#184,.T.);
#1435=EDGE_CURVE('',#1808,#1602,#2095,.T.);
#1436=EDGE_CURVE('',#1808,#1807,#2096,.T.);
#1437=EDGE_CURVE('',#1809,#1601,#2097,.T.);
#1438=EDGE_CURVE('',#1809,#1808,#185,.T.);
#1439=EDGE_CURVE('',#1707,#1682,#2098,.T.);
#1440=EDGE_CURVE('',#1809,#1706,#2099,.T.);
#1441=EDGE_CURVE('',#1805,#1709,#2100,.T.);
#1442=EDGE_CURVE('',#1708,#1679,#2101,.T.);
#1443=EDGE_CURVE('',#1810,#1714,#186,.T.);
#1444=EDGE_CURVE('',#1810,#1594,#2102,.T.);
#1445=EDGE_CURVE('',#1811,#1598,#2103,.T.);
#1446=EDGE_CURVE('',#1811,#1716,#2104,.T.);
#1447=EDGE_CURVE('',#1715,#1683,#2105,.T.);
#1448=EDGE_CURVE('',#1812,#1597,#2106,.T.);
#1449=EDGE_CURVE('',#1811,#1812,#187,.T.);
#1450=EDGE_CURVE('',#1813,#1596,#2107,.T.);
#1451=EDGE_CURVE('',#1812,#1813,#2108,.T.);
#1452=EDGE_CURVE('',#1814,#1595,#2109,.T.);
#1453=EDGE_CURVE('',#1813,#1814,#188,.T.);
#1454=EDGE_CURVE('',#1810,#1814,#2110,.T.);
#1455=EDGE_CURVE('',#1815,#1816,#2111,.T.);
#1456=EDGE_CURVE('',#1817,#1815,#2112,.T.);
#1457=EDGE_CURVE('',#1817,#1818,#2113,.T.);
#1458=EDGE_CURVE('',#1818,#1816,#2114,.T.);
#1459=EDGE_CURVE('',#1818,#1670,#2115,.T.);
#1460=EDGE_CURVE('',#1816,#1669,#2116,.T.);
#1461=EDGE_CURVE('',#1817,#1668,#2117,.T.);
#1462=EDGE_CURVE('',#1815,#1667,#2118,.T.);
#1463=EDGE_CURVE('',#1819,#1644,#2119,.T.);
#1464=EDGE_CURVE('',#1820,#1819,#2120,.T.);
#1465=EDGE_CURVE('',#1820,#1645,#2121,.T.);
#1466=EDGE_CURVE('',#1821,#1643,#2122,.T.);
#1467=EDGE_CURVE('',#1819,#1821,#189,.T.);
#1468=EDGE_CURVE('',#1822,#1642,#2123,.T.);
#1469=EDGE_CURVE('',#1822,#1821,#2124,.T.);
#1470=EDGE_CURVE('',#1823,#1641,#2125,.T.);
#1471=EDGE_CURVE('',#1822,#1823,#190,.T.);
#1472=EDGE_CURVE('',#1824,#1640,#2126,.T.);
#1473=EDGE_CURVE('',#1825,#1824,#2127,.T.);
#1474=EDGE_CURVE('',#1826,#1825,#2128,.T.);
#1475=EDGE_CURVE('',#1826,#1823,#2129,.T.);
#1476=EDGE_CURVE('',#1825,#1827,#191,.T.);
#1477=EDGE_CURVE('',#1828,#1827,#2130,.T.);
#1478=EDGE_CURVE('',#1826,#1828,#192,.T.);
#1479=EDGE_CURVE('',#1827,#1829,#2131,.T.);
#1480=EDGE_CURVE('',#1647,#1829,#2132,.T.);
#1481=EDGE_CURVE('',#1830,#1646,#2133,.T.);
#1482=EDGE_CURVE('',#1828,#1830,#2134,.T.);
#1483=EDGE_CURVE('',#1830,#1820,#193,.T.);
#1484=EDGE_CURVE('',#1831,#1831,#194,.T.);
#1485=EDGE_CURVE('',#1832,#1650,#2135,.T.);
#1486=EDGE_CURVE('',#1832,#1833,#2136,.T.);
#1487=EDGE_CURVE('',#1833,#1651,#2137,.T.);
#1488=EDGE_CURVE('',#1834,#1649,#2138,.T.);
#1489=EDGE_CURVE('',#1834,#1832,#195,.T.);
#1490=EDGE_CURVE('',#1648,#1835,#2139,.T.);
#1491=EDGE_CURVE('',#1836,#1835,#2140,.T.);
#1492=EDGE_CURVE('',#1837,#1836,#2141,.T.);
#1493=EDGE_CURVE('',#1837,#1834,#2142,.T.);
#1494=EDGE_CURVE('',#1838,#1836,#196,.T.);
#1495=EDGE_CURVE('',#1839,#1838,#2143,.T.);
#1496=EDGE_CURVE('',#1839,#1837,#197,.T.);
#1497=EDGE_CURVE('',#1838,#1840,#2144,.T.);
#1498=EDGE_CURVE('',#1624,#1840,#2145,.T.);
#1499=EDGE_CURVE('',#1841,#1654,#2146,.T.);
#1500=EDGE_CURVE('',#1839,#1841,#2147,.T.);
#1501=EDGE_CURVE('',#1842,#1653,#2148,.T.);
#1502=EDGE_CURVE('',#1842,#1841,#198,.T.);
#1503=EDGE_CURVE('',#1843,#1652,#2149,.T.);
#1504=EDGE_CURVE('',#1842,#1843,#2150,.T.);
#1505=EDGE_CURVE('',#1833,#1843,#199,.T.);
#1506=EDGE_CURVE('',#1844,#1844,#200,.T.);
#1507=EDGE_CURVE('',#1845,#1634,#2151,.T.);
#1508=EDGE_CURVE('',#1845,#1846,#2152,.T.);
#1509=EDGE_CURVE('',#1846,#1635,#2153,.T.);
#1510=EDGE_CURVE('',#1847,#1633,#2154,.T.);
#1511=EDGE_CURVE('',#1847,#1845,#201,.T.);
#1512=EDGE_CURVE('',#1848,#1632,#2155,.T.);
#1513=EDGE_CURVE('',#1849,#1848,#2156,.T.);
#1514=EDGE_CURVE('',#1850,#1849,#2157,.T.);
#1515=EDGE_CURVE('',#1850,#1847,#2158,.T.);
#1516=EDGE_CURVE('',#1851,#1849,#202,.T.);
#1517=EDGE_CURVE('',#1852,#1851,#2159,.T.);
#1518=EDGE_CURVE('',#1852,#1850,#203,.T.);
#1519=EDGE_CURVE('',#1851,#1853,#2160,.T.);
#1520=EDGE_CURVE('',#1853,#1639,#2161,.T.);
#1521=EDGE_CURVE('',#1854,#1638,#2162,.T.);
#1522=EDGE_CURVE('',#1852,#1854,#2163,.T.);
#1523=EDGE_CURVE('',#1855,#1637,#2164,.T.);
#1524=EDGE_CURVE('',#1855,#1854,#204,.T.);
#1525=EDGE_CURVE('',#1856,#1636,#2165,.T.);
#1526=EDGE_CURVE('',#1855,#1856,#2166,.T.);
#1527=EDGE_CURVE('',#1846,#1856,#205,.T.);
#1528=EDGE_CURVE('',#1857,#1857,#206,.T.);
#1529=EDGE_CURVE('',#1858,#1628,#2167,.T.);
#1530=EDGE_CURVE('',#1859,#1858,#2168,.T.);
#1531=EDGE_CURVE('',#1859,#1629,#2169,.T.);
#1532=EDGE_CURVE('',#1860,#1627,#2170,.T.);
#1533=EDGE_CURVE('',#1858,#1860,#207,.T.);
#1534=EDGE_CURVE('',#1861,#1626,#2171,.T.);
#1535=EDGE_CURVE('',#1861,#1860,#2172,.T.);
#1536=EDGE_CURVE('',#1862,#1625,#2173,.T.);
#1537=EDGE_CURVE('',#1861,#1862,#208,.T.);
#1538=EDGE_CURVE('',#1623,#1863,#2174,.T.);
#1539=EDGE_CURVE('',#1864,#1863,#2175,.T.);
#1540=EDGE_CURVE('',#1865,#1864,#2176,.T.);
#1541=EDGE_CURVE('',#1865,#1862,#2177,.T.);
#1542=EDGE_CURVE('',#1864,#1866,#209,.T.);
#1543=EDGE_CURVE('',#1867,#1866,#2178,.T.);
#1544=EDGE_CURVE('',#1865,#1867,#210,.T.);
#1545=EDGE_CURVE('',#1866,#1868,#2179,.T.);
#1546=EDGE_CURVE('',#1868,#1631,#2180,.T.);
#1547=EDGE_CURVE('',#1869,#1630,#2181,.T.);
#1548=EDGE_CURVE('',#1867,#1869,#2182,.T.);
#1549=EDGE_CURVE('',#1869,#1859,#211,.T.);
#1550=EDGE_CURVE('',#1870,#1870,#212,.T.);
#1551=EDGE_CURVE('',#1871,#1871,#213,.F.);
#1552=EDGE_CURVE('',#1872,#1872,#214,.F.);
#1553=EDGE_CURVE('',#1873,#1873,#215,.F.);
#1554=EDGE_CURVE('',#1874,#1874,#216,.F.);
#1555=EDGE_CURVE('',#1824,#1875,#2183,.T.);
#1556=EDGE_CURVE('',#1829,#1875,#2184,.T.);
#1557=EDGE_CURVE('',#1876,#1835,#2185,.T.);
#1558=EDGE_CURVE('',#1840,#1876,#2186,.T.);
#1559=EDGE_CURVE('',#1848,#1877,#2187,.T.);
#1560=EDGE_CURVE('',#1877,#1853,#2188,.T.);
#1561=EDGE_CURVE('',#1878,#1863,#2189,.T.);
#1562=EDGE_CURVE('',#1878,#1868,#2190,.T.);
#1563=EDGE_CURVE('',#1875,#1674,#2191,.T.);
#1564=EDGE_CURVE('',#1876,#1673,#2192,.T.);
#1565=EDGE_CURVE('',#1878,#1671,#2193,.T.);
#1566=EDGE_CURVE('',#1877,#1672,#2194,.T.);
#1567=EDGE_CURVE('',#1785,#1660,#217,.T.);
#1568=EDGE_CURVE('',#1661,#1787,#218,.T.);
#1569=EDGE_CURVE('',#1662,#1788,#219,.T.);
#1570=EDGE_CURVE('',#1786,#1659,#220,.T.);
#1571=EDGE_CURVE('',#1655,#1791,#221,.T.);
#1572=EDGE_CURVE('',#1794,#1658,#222,.T.);
#1573=EDGE_CURVE('',#1656,#1792,#223,.T.);
#1574=EDGE_CURVE('',#1793,#1657,#224,.T.);
#1575=VERTEX_POINT('',#4421);
#1576=VERTEX_POINT('',#4422);
#1577=VERTEX_POINT('',#4424);
#1578=VERTEX_POINT('',#4426);
#1579=VERTEX_POINT('',#4428);
#1580=VERTEX_POINT('',#4430);
#1581=VERTEX_POINT('',#4432);
#1582=VERTEX_POINT('',#4434);
#1583=VERTEX_POINT('',#4436);
#1584=VERTEX_POINT('',#4438);
#1585=VERTEX_POINT('',#4440);
#1586=VERTEX_POINT('',#4442);
#1587=VERTEX_POINT('',#4444);
#1588=VERTEX_POINT('',#4446);
#1589=VERTEX_POINT('',#4448);
#1590=VERTEX_POINT('',#4450);
#1591=VERTEX_POINT('',#4453);
#1592=VERTEX_POINT('',#4454);
#1593=VERTEX_POINT('',#4456);
#1594=VERTEX_POINT('',#4458);
#1595=VERTEX_POINT('',#4460);
#1596=VERTEX_POINT('',#4462);
#1597=VERTEX_POINT('',#4464);
#1598=VERTEX_POINT('',#4466);
#1599=VERTEX_POINT('',#4468);
#1600=VERTEX_POINT('',#4470);
#1601=VERTEX_POINT('',#4472);
#1602=VERTEX_POINT('',#4474);
#1603=VERTEX_POINT('',#4476);
#1604=VERTEX_POINT('',#4478);
#1605=VERTEX_POINT('',#4480);
#1606=VERTEX_POINT('',#4482);
#1607=VERTEX_POINT('',#4484);
#1608=VERTEX_POINT('',#4486);
#1609=VERTEX_POINT('',#4488);
#1610=VERTEX_POINT('',#4490);
#1611=VERTEX_POINT('',#4492);
#1612=VERTEX_POINT('',#4494);
#1613=VERTEX_POINT('',#4496);
#1614=VERTEX_POINT('',#4498);
#1615=VERTEX_POINT('',#4500);
#1616=VERTEX_POINT('',#4502);
#1617=VERTEX_POINT('',#4504);
#1618=VERTEX_POINT('',#4506);
#1619=VERTEX_POINT('',#4508);
#1620=VERTEX_POINT('',#4510);
#1621=VERTEX_POINT('',#4512);
#1622=VERTEX_POINT('',#4514);
#1623=VERTEX_POINT('',#4517);
#1624=VERTEX_POINT('',#4518);
#1625=VERTEX_POINT('',#4520);
#1626=VERTEX_POINT('',#4522);
#1627=VERTEX_POINT('',#4524);
#1628=VERTEX_POINT('',#4526);
#1629=VERTEX_POINT('',#4528);
#1630=VERTEX_POINT('',#4530);
#1631=VERTEX_POINT('',#4532);
#1632=VERTEX_POINT('',#4534);
#1633=VERTEX_POINT('',#4536);
#1634=VERTEX_POINT('',#4538);
#1635=VERTEX_POINT('',#4540);
#1636=VERTEX_POINT('',#4542);
#1637=VERTEX_POINT('',#4544);
#1638=VERTEX_POINT('',#4546);
#1639=VERTEX_POINT('',#4548);
#1640=VERTEX_POINT('',#4550);
#1641=VERTEX_POINT('',#4552);
#1642=VERTEX_POINT('',#4554);
#1643=VERTEX_POINT('',#4556);
#1644=VERTEX_POINT('',#4558);
#1645=VERTEX_POINT('',#4560);
#1646=VERTEX_POINT('',#4562);
#1647=VERTEX_POINT('',#4564);
#1648=VERTEX_POINT('',#4566);
#1649=VERTEX_POINT('',#4568);
#1650=VERTEX_POINT('',#4570);
#1651=VERTEX_POINT('',#4572);
#1652=VERTEX_POINT('',#4574);
#1653=VERTEX_POINT('',#4576);
#1654=VERTEX_POINT('',#4578);
#1655=VERTEX_POINT('',#4582);
#1656=VERTEX_POINT('',#4583);
#1657=VERTEX_POINT('',#4585);
#1658=VERTEX_POINT('',#4587);
#1659=VERTEX_POINT('',#4589);
#1660=VERTEX_POINT('',#4591);
#1661=VERTEX_POINT('',#4593);
#1662=VERTEX_POINT('',#4595);
#1663=VERTEX_POINT('',#4598);
#1664=VERTEX_POINT('',#4600);
#1665=VERTEX_POINT('',#4602);
#1666=VERTEX_POINT('',#4604);
#1667=VERTEX_POINT('',#4606);
#1668=VERTEX_POINT('',#4607);
#1669=VERTEX_POINT('',#4609);
#1670=VERTEX_POINT('',#4611);
#1671=VERTEX_POINT('',#4614);
#1672=VERTEX_POINT('',#4615);
#1673=VERTEX_POINT('',#4617);
#1674=VERTEX_POINT('',#4619);
#1675=VERTEX_POINT('',#4623);
#1676=VERTEX_POINT('',#4624);
#1677=VERTEX_POINT('',#4626);
#1678=VERTEX_POINT('',#4628);
#1679=VERTEX_POINT('',#4631);
#1680=VERTEX_POINT('',#4633);
#1681=VERTEX_POINT('',#4637);
#1682=VERTEX_POINT('',#4639);
#1683=VERTEX_POINT('',#4642);
#1684=VERTEX_POINT('',#4644);
#1685=VERTEX_POINT('',#4648);
#1686=VERTEX_POINT('',#4649);
#1687=VERTEX_POINT('',#4652);
#1688=VERTEX_POINT('',#4655);
#1689=VERTEX_POINT('',#4660);
#1690=VERTEX_POINT('',#4663);
#1691=VERTEX_POINT('',#4667);
#1692=VERTEX_POINT('',#4668);
#1693=VERTEX_POINT('',#4670);
#1694=VERTEX_POINT('',#4672);
#1695=VERTEX_POINT('',#4677);
#1696=VERTEX_POINT('',#4681);
#1697=VERTEX_POINT('',#4683);
#1698=VERTEX_POINT('',#4686);
#1699=VERTEX_POINT('',#4688);
#1700=VERTEX_POINT('',#4690);
#1701=VERTEX_POINT('',#4694);
#1702=VERTEX_POINT('',#4696);
#1703=VERTEX_POINT('',#4701);
#1704=VERTEX_POINT('',#4705);
#1705=VERTEX_POINT('',#4707);
#1706=VERTEX_POINT('',#4710);
#1707=VERTEX_POINT('',#4711);
#1708=VERTEX_POINT('',#4713);
#1709=VERTEX_POINT('',#4715);
#1710=VERTEX_POINT('',#4719);
#1711=VERTEX_POINT('',#4721);
#1712=VERTEX_POINT('',#4724);
#1713=VERTEX_POINT('',#4726);
#1714=VERTEX_POINT('',#4728);
#1715=VERTEX_POINT('',#4732);
#1716=VERTEX_POINT('',#4734);
#1717=VERTEX_POINT('',#4738);
#1718=VERTEX_POINT('',#4740);
#1719=VERTEX_POINT('',#4743);
#1720=VERTEX_POINT('',#4744);
#1721=VERTEX_POINT('',#4746);
#1722=VERTEX_POINT('',#4748);
#1723=VERTEX_POINT('',#4752);
#1724=VERTEX_POINT('',#4754);
#1725=VERTEX_POINT('',#4756);
#1726=VERTEX_POINT('',#4758);
#1727=VERTEX_POINT('',#4760);
#1728=VERTEX_POINT('',#4763);
#1729=VERTEX_POINT('',#4767);
#1730=VERTEX_POINT('',#4768);
#1731=VERTEX_POINT('',#4771);
#1732=VERTEX_POINT('',#4773);
#1733=VERTEX_POINT('',#4775);
#1734=VERTEX_POINT('',#4777);
#1735=VERTEX_POINT('',#4779);
#1736=VERTEX_POINT('',#4781);
#1737=VERTEX_POINT('',#4783);
#1738=VERTEX_POINT('',#4785);
#1739=VERTEX_POINT('',#4787);
#1740=VERTEX_POINT('',#4789);
#1741=VERTEX_POINT('',#4791);
#1742=VERTEX_POINT('',#4793);
#1743=VERTEX_POINT('',#4795);
#1744=VERTEX_POINT('',#4797);
#1745=VERTEX_POINT('',#4800);
#1746=VERTEX_POINT('',#4802);
#1747=VERTEX_POINT('',#4804);
#1748=VERTEX_POINT('',#4806);
#1749=VERTEX_POINT('',#4808);
#1750=VERTEX_POINT('',#4810);
#1751=VERTEX_POINT('',#4812);
#1752=VERTEX_POINT('',#4814);
#1753=VERTEX_POINT('',#4819);
#1754=VERTEX_POINT('',#4821);
#1755=VERTEX_POINT('',#4825);
#1756=VERTEX_POINT('',#4827);
#1757=VERTEX_POINT('',#4833);
#1758=VERTEX_POINT('',#4835);
#1759=VERTEX_POINT('',#4840);
#1760=VERTEX_POINT('',#4842);
#1761=VERTEX_POINT('',#4846);
#1762=VERTEX_POINT('',#4850);
#1763=VERTEX_POINT('',#4855);
#1764=VERTEX_POINT('',#4857);
#1765=VERTEX_POINT('',#4863);
#1766=VERTEX_POINT('',#4865);
#1767=VERTEX_POINT('',#4869);
#1768=VERTEX_POINT('',#4871);
#1769=VERTEX_POINT('',#4877);
#1770=VERTEX_POINT('',#4879);
#1771=VERTEX_POINT('',#4883);
#1772=VERTEX_POINT('',#4885);
#1773=VERTEX_POINT('',#4889);
#1774=VERTEX_POINT('',#4893);
#1775=VERTEX_POINT('',#4897);
#1776=VERTEX_POINT('',#4899);
#1777=VERTEX_POINT('',#4903);
#1778=VERTEX_POINT('',#4907);
#1779=VERTEX_POINT('',#4914);
#1780=VERTEX_POINT('',#4918);
#1781=VERTEX_POINT('',#4925);
#1782=VERTEX_POINT('',#4929);
#1783=VERTEX_POINT('',#4936);
#1784=VERTEX_POINT('',#4940);
#1785=VERTEX_POINT('',#4947);
#1786=VERTEX_POINT('',#4949);
#1787=VERTEX_POINT('',#4953);
#1788=VERTEX_POINT('',#4957);
#1789=VERTEX_POINT('',#4960);
#1790=VERTEX_POINT('',#4962);
#1791=VERTEX_POINT('',#4967);
#1792=VERTEX_POINT('',#4971);
#1793=VERTEX_POINT('',#4975);
#1794=VERTEX_POINT('',#4979);
#1795=VERTEX_POINT('',#4991);
#1796=VERTEX_POINT('',#4993);
#1797=VERTEX_POINT('',#5000);
#1798=VERTEX_POINT('',#5004);
#1799=VERTEX_POINT('',#5008);
#1800=VERTEX_POINT('',#5015);
#1801=VERTEX_POINT('',#5019);
#1802=VERTEX_POINT('',#5023);
#1803=VERTEX_POINT('',#5027);
#1804=VERTEX_POINT('',#5034);
#1805=VERTEX_POINT('',#5036);
#1806=VERTEX_POINT('',#5040);
#1807=VERTEX_POINT('',#5044);
#1808=VERTEX_POINT('',#5048);
#1809=VERTEX_POINT('',#5052);
#1810=VERTEX_POINT('',#5063);
#1811=VERTEX_POINT('',#5067);
#1812=VERTEX_POINT('',#5072);
#1813=VERTEX_POINT('',#5076);
#1814=VERTEX_POINT('',#5080);
#1815=VERTEX_POINT('',#5091);
#1816=VERTEX_POINT('',#5092);
#1817=VERTEX_POINT('',#5094);
#1818=VERTEX_POINT('',#5096);
#1819=VERTEX_POINT('',#5108);
#1820=VERTEX_POINT('',#5110);
#1821=VERTEX_POINT('',#5114);
#1822=VERTEX_POINT('',#5118);
#1823=VERTEX_POINT('',#5122);
#1824=VERTEX_POINT('',#5126);
#1825=VERTEX_POINT('',#5128);
#1826=VERTEX_POINT('',#5130);
#1827=VERTEX_POINT('',#5134);
#1828=VERTEX_POINT('',#5136);
#1829=VERTEX_POINT('',#5140);
#1830=VERTEX_POINT('',#5143);
#1831=VERTEX_POINT('',#5149);
#1832=VERTEX_POINT('',#5152);
#1833=VERTEX_POINT('',#5154);
#1834=VERTEX_POINT('',#5158);
#1835=VERTEX_POINT('',#5162);
#1836=VERTEX_POINT('',#5164);
#1837=VERTEX_POINT('',#5166);
#1838=VERTEX_POINT('',#5170);
#1839=VERTEX_POINT('',#5172);
#1840=VERTEX_POINT('',#5176);
#1841=VERTEX_POINT('',#5179);
#1842=VERTEX_POINT('',#5183);
#1843=VERTEX_POINT('',#5187);
#1844=VERTEX_POINT('',#5193);
#1845=VERTEX_POINT('',#5196);
#1846=VERTEX_POINT('',#5198);
#1847=VERTEX_POINT('',#5202);
#1848=VERTEX_POINT('',#5206);
#1849=VERTEX_POINT('',#5208);
#1850=VERTEX_POINT('',#5210);
#1851=VERTEX_POINT('',#5214);
#1852=VERTEX_POINT('',#5216);
#1853=VERTEX_POINT('',#5220);
#1854=VERTEX_POINT('',#5223);
#1855=VERTEX_POINT('',#5227);
#1856=VERTEX_POINT('',#5231);
#1857=VERTEX_POINT('',#5237);
#1858=VERTEX_POINT('',#5240);
#1859=VERTEX_POINT('',#5242);
#1860=VERTEX_POINT('',#5246);
#1861=VERTEX_POINT('',#5250);
#1862=VERTEX_POINT('',#5254);
#1863=VERTEX_POINT('',#5258);
#1864=VERTEX_POINT('',#5260);
#1865=VERTEX_POINT('',#5262);
#1866=VERTEX_POINT('',#5266);
#1867=VERTEX_POINT('',#5268);
#1868=VERTEX_POINT('',#5272);
#1869=VERTEX_POINT('',#5275);
#1870=VERTEX_POINT('',#5281);
#1871=VERTEX_POINT('',#5284);
#1872=VERTEX_POINT('',#5287);
#1873=VERTEX_POINT('',#5290);
#1874=VERTEX_POINT('',#5293);
#1875=VERTEX_POINT('',#5296);
#1876=VERTEX_POINT('',#5300);
#1877=VERTEX_POINT('',#5304);
#1878=VERTEX_POINT('',#5308);
#1879=LINE('',#4420,#2195);
#1880=LINE('',#4425,#2196);
#1881=LINE('',#4427,#2197);
#1882=LINE('',#4429,#2198);
#1883=LINE('',#4433,#2199);
#1884=LINE('',#4435,#2200);
#1885=LINE('',#4437,#2201);
#1886=LINE('',#4441,#2202);
#1887=LINE('',#4443,#2203);
#1888=LINE('',#4445,#2204);
#1889=LINE('',#4449,#2205);
#1890=LINE('',#4451,#2206);
#1891=LINE('',#4452,#2207);
#1892=LINE('',#4455,#2208);
#1893=LINE('',#4459,#2209);
#1894=LINE('',#4463,#2210);
#1895=LINE('',#4467,#2211);
#1896=LINE('',#4469,#2212);
#1897=LINE('',#4471,#2213);
#1898=LINE('',#4475,#2214);
#1899=LINE('',#4479,#2215);
#1900=LINE('',#4483,#2216);
#1901=LINE('',#4485,#2217);
#1902=LINE('',#4487,#2218);
#1903=LINE('',#4491,#2219);
#1904=LINE('',#4495,#2220);
#1905=LINE('',#4499,#2221);
#1906=LINE('',#4501,#2222);
#1907=LINE('',#4503,#2223);
#1908=LINE('',#4507,#2224);
#1909=LINE('',#4511,#2225);
#1910=LINE('',#4515,#2226);
#1911=LINE('',#4516,#2227);
#1912=LINE('',#4519,#2228);
#1913=LINE('',#4523,#2229);
#1914=LINE('',#4527,#2230);
#1915=LINE('',#4531,#2231);
#1916=LINE('',#4533,#2232);
#1917=LINE('',#4535,#2233);
#1918=LINE('',#4539,#2234);
#1919=LINE('',#4543,#2235);
#1920=LINE('',#4547,#2236);
#1921=LINE('',#4549,#2237);
#1922=LINE('',#4551,#2238);
#1923=LINE('',#4555,#2239);
#1924=LINE('',#4559,#2240);
#1925=LINE('',#4563,#2241);
#1926=LINE('',#4565,#2242);
#1927=LINE('',#4567,#2243);
#1928=LINE('',#4571,#2244);
#1929=LINE('',#4575,#2245);
#1930=LINE('',#4579,#2246);
#1931=LINE('',#4581,#2247);
#1932=LINE('',#4586,#2248);
#1933=LINE('',#4590,#2249);
#1934=LINE('',#4594,#2250);
#1935=LINE('',#4605,#2251);
#1936=LINE('',#4608,#2252);
#1937=LINE('',#4610,#2253);
#1938=LINE('',#4612,#2254);
#1939=LINE('',#4613,#2255);
#1940=LINE('',#4616,#2256);
#1941=LINE('',#4618,#2257);
#1942=LINE('',#4620,#2258);
#1943=LINE('',#4622,#2259);
#1944=LINE('',#4625,#2260);
#1945=LINE('',#4627,#2261);
#1946=LINE('',#4629,#2262);
#1947=LINE('',#4630,#2263);
#1948=LINE('',#4632,#2264);
#1949=LINE('',#4634,#2265);
#1950=LINE('',#4636,#2266);
#1951=LINE('',#4638,#2267);
#1952=LINE('',#4640,#2268);
#1953=LINE('',#4641,#2269);
#1954=LINE('',#4643,#2270);
#1955=LINE('',#4645,#2271);
#1956=LINE('',#4647,#2272);
#1957=LINE('',#4650,#2273);
#1958=LINE('',#4651,#2274);
#1959=LINE('',#4653,#2275);
#1960=LINE('',#4654,#2276);
#1961=LINE('',#4656,#2277);
#1962=LINE('',#4658,#2278);
#1963=LINE('',#4659,#2279);
#1964=LINE('',#4661,#2280);
#1965=LINE('',#4662,#2281);
#1966=LINE('',#4664,#2282);
#1967=LINE('',#4669,#2283);
#1968=LINE('',#4673,#2284);
#1969=LINE('',#4675,#2285);
#1970=LINE('',#4676,#2286);
#1971=LINE('',#4678,#2287);
#1972=LINE('',#4685,#2288);
#1973=LINE('',#4687,#2289);
#1974=LINE('',#4689,#2290);
#1975=LINE('',#4691,#2291);
#1976=LINE('',#4695,#2292);
#1977=LINE('',#4699,#2293);
#1978=LINE('',#4700,#2294);
#1979=LINE('',#4702,#2295);
#1980=LINE('',#4709,#2296);
#1981=LINE('',#4714,#2297);
#1982=LINE('',#4723,#2298);
#1983=LINE('',#4725,#2299);
#1984=LINE('',#4727,#2300);
#1985=LINE('',#4729,#2301);
#1986=LINE('',#4733,#2302);
#1987=LINE('',#4742,#2303);
#1988=LINE('',#4745,#2304);
#1989=LINE('',#4747,#2305);
#1990=LINE('',#4749,#2306);
#1991=LINE('',#4755,#2307);
#1992=LINE('',#4759,#2308);
#1993=LINE('',#4761,#2309);
#1994=LINE('',#4762,#2310);
#1995=LINE('',#4764,#2311);
#1996=LINE('',#4766,#2312);
#1997=LINE('',#4769,#2313);
#1998=LINE('',#4770,#2314);
#1999=LINE('',#4774,#2315);
#2000=LINE('',#4776,#2316);
#2001=LINE('',#4778,#2317);
#2002=LINE('',#4782,#2318);
#2003=LINE('',#4784,#2319);
#2004=LINE('',#4786,#2320);
#2005=LINE('',#4790,#2321);
#2006=LINE('',#4792,#2322);
#2007=LINE('',#4794,#2323);
#2008=LINE('',#4798,#2324);
#2009=LINE('',#4799,#2325);
#2010=LINE('',#4801,#2326);
#2011=LINE('',#4805,#2327);
#2012=LINE('',#4809,#2328);
#2013=LINE('',#4813,#2329);
#2014=LINE('',#4817,#2330);
#2015=LINE('',#4818,#2331);
#2016=LINE('',#4820,#2332);
#2017=LINE('',#4822,#2333);
#2018=LINE('',#4824,#2334);
#2019=LINE('',#4826,#2335);
#2020=LINE('',#4828,#2336);
#2021=LINE('',#4837,#2337);
#2022=LINE('',#4839,#2338);
#2023=LINE('',#4841,#2339);
#2024=LINE('',#4843,#2340);
#2025=LINE('',#4845,#2341);
#2026=LINE('',#4849,#2342);
#2027=LINE('',#4851,#2343);
#2028=LINE('',#4852,#2344);
#2029=LINE('',#4859,#2345);
#2030=LINE('',#4861,#2346);
#2031=LINE('',#4862,#2347);
#2032=LINE('',#4864,#2348);
#2033=LINE('',#4866,#2349);
#2034=LINE('',#4868,#2350);
#2035=LINE('',#4870,#2351);
#2036=LINE('',#4872,#2352);
#2037=LINE('',#4881,#2353);
#2038=LINE('',#4882,#2354);
#2039=LINE('',#4884,#2355);
#2040=LINE('',#4886,#2356);
#2041=LINE('',#4888,#2357);
#2042=LINE('',#4892,#2358);
#2043=LINE('',#4894,#2359);
#2044=LINE('',#4902,#2360);
#2045=LINE('',#4904,#2361);
#2046=LINE('',#4908,#2362);
#2047=LINE('',#4910,#2363);
#2048=LINE('',#4913,#2364);
#2049=LINE('',#4915,#2365);
#2050=LINE('',#4917,#2366);
#2051=LINE('',#4921,#2367);
#2052=LINE('',#4924,#2368);
#2053=LINE('',#4926,#2369);
#2054=LINE('',#4930,#2370);
#2055=LINE('',#4932,#2371);
#2056=LINE('',#4935,#2372);
#2057=LINE('',#4937,#2373);
#2058=LINE('',#4939,#2374);
#2059=LINE('',#4943,#2375);
#2060=LINE('',#4946,#2376);
#2061=LINE('',#4948,#2377);
#2062=LINE('',#4950,#2378);
#2063=LINE('',#4952,#2379);
#2064=LINE('',#4956,#2380);
#2065=LINE('',#4958,#2381);
#2066=LINE('',#4961,#2382);
#2067=LINE('',#4966,#2383);
#2068=LINE('',#4970,#2384);
#2069=LINE('',#4972,#2385);
#2070=LINE('',#4974,#2386);
#2071=LINE('',#4978,#2387);
#2072=LINE('',#4980,#2388);
#2073=LINE('',#4984,#2389);
#2074=LINE('',#4986,#2390);
#2075=LINE('',#4990,#2391);
#2076=LINE('',#4994,#2392);
#2077=LINE('',#4996,#2393);
#2078=LINE('',#4997,#2394);
#2079=LINE('',#4999,#2395);
#2080=LINE('',#5003,#2396);
#2081=LINE('',#5005,#2397);
#2082=LINE('',#5007,#2398);
#2083=LINE('',#5011,#2399);
#2084=LINE('',#5014,#2400);
#2085=LINE('',#5018,#2401);
#2086=LINE('',#5020,#2402);
#2087=LINE('',#5022,#2403);
#2088=LINE('',#5026,#2404);
#2089=LINE('',#5028,#2405);
#2090=LINE('',#5033,#2406);
#2091=LINE('',#5037,#2407);
#2092=LINE('',#5039,#2408);
#2093=LINE('',#5041,#2409);
#2094=LINE('',#5043,#2410);
#2095=LINE('',#5047,#2411);
#2096=LINE('',#5049,#2412);
#2097=LINE('',#5051,#2413);
#2098=LINE('',#5055,#2414);
#2099=LINE('',#5056,#2415);
#2100=LINE('',#5058,#2416);
#2101=LINE('',#5059,#2417);
#2102=LINE('',#5064,#2418);
#2103=LINE('',#5066,#2419);
#2104=LINE('',#5068,#2420);
#2105=LINE('',#5069,#2421);
#2106=LINE('',#5071,#2422);
#2107=LINE('',#5075,#2423);
#2108=LINE('',#5077,#2424);
#2109=LINE('',#5079,#2425);
#2110=LINE('',#5083,#2426);
#2111=LINE('',#5090,#2427);
#2112=LINE('',#5093,#2428);
#2113=LINE('',#5095,#2429);
#2114=LINE('',#5097,#2430);
#2115=LINE('',#5099,#2431);
#2116=LINE('',#5100,#2432);
#2117=LINE('',#5102,#2433);
#2118=LINE('',#5104,#2434);
#2119=LINE('',#5107,#2435);
#2120=LINE('',#5109,#2436);
#2121=LINE('',#5111,#2437);
#2122=LINE('',#5113,#2438);
#2123=LINE('',#5117,#2439);
#2124=LINE('',#5119,#2440);
#2125=LINE('',#5121,#2441);
#2126=LINE('',#5125,#2442);
#2127=LINE('',#5127,#2443);
#2128=LINE('',#5129,#2444);
#2129=LINE('',#5131,#2445);
#2130=LINE('',#5135,#2446);
#2131=LINE('',#5139,#2447);
#2132=LINE('',#5141,#2448);
#2133=LINE('',#5142,#2449);
#2134=LINE('',#5144,#2450);
#2135=LINE('',#5151,#2451);
#2136=LINE('',#5153,#2452);
#2137=LINE('',#5155,#2453);
#2138=LINE('',#5157,#2454);
#2139=LINE('',#5161,#2455);
#2140=LINE('',#5163,#2456);
#2141=LINE('',#5165,#2457);
#2142=LINE('',#5167,#2458);
#2143=LINE('',#5171,#2459);
#2144=LINE('',#5175,#2460);
#2145=LINE('',#5177,#2461);
#2146=LINE('',#5178,#2462);
#2147=LINE('',#5180,#2463);
#2148=LINE('',#5182,#2464);
#2149=LINE('',#5186,#2465);
#2150=LINE('',#5188,#2466);
#2151=LINE('',#5195,#2467);
#2152=LINE('',#5197,#2468);
#2153=LINE('',#5199,#2469);
#2154=LINE('',#5201,#2470);
#2155=LINE('',#5205,#2471);
#2156=LINE('',#5207,#2472);
#2157=LINE('',#5209,#2473);
#2158=LINE('',#5211,#2474);
#2159=LINE('',#5215,#2475);
#2160=LINE('',#5219,#2476);
#2161=LINE('',#5221,#2477);
#2162=LINE('',#5222,#2478);
#2163=LINE('',#5224,#2479);
#2164=LINE('',#5226,#2480);
#2165=LINE('',#5230,#2481);
#2166=LINE('',#5232,#2482);
#2167=LINE('',#5239,#2483);
#2168=LINE('',#5241,#2484);
#2169=LINE('',#5243,#2485);
#2170=LINE('',#5245,#2486);
#2171=LINE('',#5249,#2487);
#2172=LINE('',#5251,#2488);
#2173=LINE('',#5253,#2489);
#2174=LINE('',#5257,#2490);
#2175=LINE('',#5259,#2491);
#2176=LINE('',#5261,#2492);
#2177=LINE('',#5263,#2493);
#2178=LINE('',#5267,#2494);
#2179=LINE('',#5271,#2495);
#2180=LINE('',#5273,#2496);
#2181=LINE('',#5274,#2497);
#2182=LINE('',#5276,#2498);
#2183=LINE('',#5295,#2499);
#2184=LINE('',#5297,#2500);
#2185=LINE('',#5299,#2501);
#2186=LINE('',#5301,#2502);
#2187=LINE('',#5303,#2503);
#2188=LINE('',#5305,#2504);
#2189=LINE('',#5307,#2505);
#2190=LINE('',#5309,#2506);
#2191=LINE('',#5311,#2507);
#2192=LINE('',#5312,#2508);
#2193=LINE('',#5314,#2509);
#2194=LINE('',#5316,#2510);
#2195=VECTOR('',#3506,1.);
#2196=VECTOR('',#3509,1.);
#2197=VECTOR('',#3510,1.);
#2198=VECTOR('',#3511,1.);
#2199=VECTOR('',#3514,1.);
#2200=VECTOR('',#3515,1.);
#2201=VECTOR('',#3516,1.);
#2202=VECTOR('',#3519,1.);
#2203=VECTOR('',#3520,1.);
#2204=VECTOR('',#3521,1.);
#2205=VECTOR('',#3524,1.);
#2206=VECTOR('',#3525,1.);
#2207=VECTOR('',#3526,1.);
#2208=VECTOR('',#3527,1.);
#2209=VECTOR('',#3530,1.);
#2210=VECTOR('',#3533,1.);
#2211=VECTOR('',#3536,1.);
#2212=VECTOR('',#3537,1.);
#2213=VECTOR('',#3538,1.);
#2214=VECTOR('',#3541,1.);
#2215=VECTOR('',#3544,1.);
#2216=VECTOR('',#3547,1.);
#2217=VECTOR('',#3548,1.);
#2218=VECTOR('',#3549,1.);
#2219=VECTOR('',#3552,1.);
#2220=VECTOR('',#3555,1.);
#2221=VECTOR('',#3558,1.);
#2222=VECTOR('',#3559,1.);
#2223=VECTOR('',#3560,1.);
#2224=VECTOR('',#3563,1.);
#2225=VECTOR('',#3566,1.);
#2226=VECTOR('',#3569,1.);
#2227=VECTOR('',#3570,1.);
#2228=VECTOR('',#3571,1.);
#2229=VECTOR('',#3574,1.);
#2230=VECTOR('',#3577,1.);
#2231=VECTOR('',#3580,1.);
#2232=VECTOR('',#3581,1.);
#2233=VECTOR('',#3582,1.);
#2234=VECTOR('',#3585,1.);
#2235=VECTOR('',#3588,1.);
#2236=VECTOR('',#3591,1.);
#2237=VECTOR('',#3592,1.);
#2238=VECTOR('',#3593,1.);
#2239=VECTOR('',#3596,1.);
#2240=VECTOR('',#3599,1.);
#2241=VECTOR('',#3602,1.);
#2242=VECTOR('',#3603,1.);
#2243=VECTOR('',#3604,1.);
#2244=VECTOR('',#3607,1.);
#2245=VECTOR('',#3610,1.);
#2246=VECTOR('',#3613,1.);
#2247=VECTOR('',#3616,1.);
#2248=VECTOR('',#3619,1.);
#2249=VECTOR('',#3622,1.);
#2250=VECTOR('',#3625,1.);
#2251=VECTOR('',#3636,1.);
#2252=VECTOR('',#3637,1.);
#2253=VECTOR('',#3638,1.);
#2254=VECTOR('',#3639,1.);
#2255=VECTOR('',#3640,1.);
#2256=VECTOR('',#3641,1.);
#2257=VECTOR('',#3642,1.);
#2258=VECTOR('',#3643,1.);
#2259=VECTOR('',#3646,1.);
#2260=VECTOR('',#3647,1.);
#2261=VECTOR('',#3648,1.);
#2262=VECTOR('',#3649,1.);
#2263=VECTOR('',#3650,1.);
#2264=VECTOR('',#3651,1.);
#2265=VECTOR('',#3652,1.);
#2266=VECTOR('',#3655,1.);
#2267=VECTOR('',#3656,1.);
#2268=VECTOR('',#3657,1.);
#2269=VECTOR('',#3658,1.);
#2270=VECTOR('',#3659,1.);
#2271=VECTOR('',#3660,1.);
#2272=VECTOR('',#3663,1.);
#2273=VECTOR('',#3664,1.);
#2274=VECTOR('',#3665,1.);
#2275=VECTOR('',#3666,1.);
#2276=VECTOR('',#3667,1.);
#2277=VECTOR('',#3668,1.);
#2278=VECTOR('',#3671,1.);
#2279=VECTOR('',#3672,1.);
#2280=VECTOR('',#3673,1.);
#2281=VECTOR('',#3674,1.);
#2282=VECTOR('',#3675,1.);
#2283=VECTOR('',#3680,1.);
#2284=VECTOR('',#3683,1.);
#2285=VECTOR('',#3686,1.);
#2286=VECTOR('',#3687,1.);
#2287=VECTOR('',#3688,1.);
#2288=VECTOR('',#3697,1.);
#2289=VECTOR('',#3698,1.);
#2290=VECTOR('',#3699,1.);
#2291=VECTOR('',#3700,1.);
#2292=VECTOR('',#3705,1.);
#2293=VECTOR('',#3710,1.);
#2294=VECTOR('',#3711,1.);
#2295=VECTOR('',#3712,1.);
#2296=VECTOR('',#3721,1.);
#2297=VECTOR('',#3724,1.);
#2298=VECTOR('',#3735,1.);
#2299=VECTOR('',#3736,1.);
#2300=VECTOR('',#3737,1.);
#2301=VECTOR('',#3738,1.);
#2302=VECTOR('',#3743,1.);
#2303=VECTOR('',#3754,1.);
#2304=VECTOR('',#3755,1.);
#2305=VECTOR('',#3756,1.);
#2306=VECTOR('',#3757,1.);
#2307=VECTOR('',#3764,1.);
#2308=VECTOR('',#3767,1.);
#2309=VECTOR('',#3768,1.);
#2310=VECTOR('',#3769,1.);
#2311=VECTOR('',#3770,1.);
#2312=VECTOR('',#3773,1.);
#2313=VECTOR('',#3774,1.);
#2314=VECTOR('',#3775,1.);
#2315=VECTOR('',#3778,1.);
#2316=VECTOR('',#3779,1.);
#2317=VECTOR('',#3780,1.);
#2318=VECTOR('',#3783,1.);
#2319=VECTOR('',#3784,1.);
#2320=VECTOR('',#3785,1.);
#2321=VECTOR('',#3788,1.);
#2322=VECTOR('',#3789,1.);
#2323=VECTOR('',#3790,1.);
#2324=VECTOR('',#3793,1.);
#2325=VECTOR('',#3794,1.);
#2326=VECTOR('',#3795,1.);
#2327=VECTOR('',#3798,1.);
#2328=VECTOR('',#3801,1.);
#2329=VECTOR('',#3804,1.);
#2330=VECTOR('',#3809,1.);
#2331=VECTOR('',#3810,1.);
#2332=VECTOR('',#3811,1.);
#2333=VECTOR('',#3812,1.);
#2334=VECTOR('',#3815,1.);
#2335=VECTOR('',#3816,1.);
#2336=VECTOR('',#3817,1.);
#2337=VECTOR('',#3830,1.);
#2338=VECTOR('',#3833,1.);
#2339=VECTOR('',#3834,1.);
#2340=VECTOR('',#3835,1.);
#2341=VECTOR('',#3838,1.);
#2342=VECTOR('',#3843,1.);
#2343=VECTOR('',#3844,1.);
#2344=VECTOR('',#3845,1.);
#2345=VECTOR('',#3854,1.);
#2346=VECTOR('',#3857,1.);
#2347=VECTOR('',#3858,1.);
#2348=VECTOR('',#3859,1.);
#2349=VECTOR('',#3860,1.);
#2350=VECTOR('',#3863,1.);
#2351=VECTOR('',#3864,1.);
#2352=VECTOR('',#3865,1.);
#2353=VECTOR('',#3878,1.);
#2354=VECTOR('',#3879,1.);
#2355=VECTOR('',#3880,1.);
#2356=VECTOR('',#3881,1.);
#2357=VECTOR('',#3884,1.);
#2358=VECTOR('',#3889,1.);
#2359=VECTOR('',#3890,1.);
#2360=VECTOR('',#3901,1.);
#2361=VECTOR('',#3902,1.);
#2362=VECTOR('',#3907,1.);
#2363=VECTOR('',#3910,1.);
#2364=VECTOR('',#3915,1.);
#2365=VECTOR('',#3916,1.);
#2366=VECTOR('',#3919,1.);
#2367=VECTOR('',#3924,1.);
#2368=VECTOR('',#3929,1.);
#2369=VECTOR('',#3930,1.);
#2370=VECTOR('',#3935,1.);
#2371=VECTOR('',#3938,1.);
#2372=VECTOR('',#3943,1.);
#2373=VECTOR('',#3944,1.);
#2374=VECTOR('',#3947,1.);
#2375=VECTOR('',#3952,1.);
#2376=VECTOR('',#3957,1.);
#2377=VECTOR('',#3958,1.);
#2378=VECTOR('',#3959,1.);
#2379=VECTOR('',#3962,1.);
#2380=VECTOR('',#3967,1.);
#2381=VECTOR('',#3968,1.);
#2382=VECTOR('',#3971,1.);
#2383=VECTOR('',#3978,1.);
#2384=VECTOR('',#3983,1.);
#2385=VECTOR('',#3984,1.);
#2386=VECTOR('',#3987,1.);
#2387=VECTOR('',#3992,1.);
#2388=VECTOR('',#3993,1.);
#2389=VECTOR('',#4000,1.);
#2390=VECTOR('',#4003,1.);
#2391=VECTOR('',#4010,1.);
#2392=VECTOR('',#4013,1.);
#2393=VECTOR('',#4016,1.);
#2394=VECTOR('',#4017,1.);
#2395=VECTOR('',#4020,1.);
#2396=VECTOR('',#4025,1.);
#2397=VECTOR('',#4026,1.);
#2398=VECTOR('',#4029,1.);
#2399=VECTOR('',#4034,1.);
#2400=VECTOR('',#4039,1.);
#2401=VECTOR('',#4044,1.);
#2402=VECTOR('',#4045,1.);
#2403=VECTOR('',#4048,1.);
#2404=VECTOR('',#4053,1.);
#2405=VECTOR('',#4054,1.);
#2406=VECTOR('',#4063,1.);
#2407=VECTOR('',#4066,1.);
#2408=VECTOR('',#4069,1.);
#2409=VECTOR('',#4070,1.);
#2410=VECTOR('',#4073,1.);
#2411=VECTOR('',#4078,1.);
#2412=VECTOR('',#4079,1.);
#2413=VECTOR('',#4082,1.);
#2414=VECTOR('',#4087,1.);
#2415=VECTOR('',#4088,1.);
#2416=VECTOR('',#4091,1.);
#2417=VECTOR('',#4092,1.);
#2418=VECTOR('',#4099,1.);
#2419=VECTOR('',#4102,1.);
#2420=VECTOR('',#4103,1.);
#2421=VECTOR('',#4104,1.);
#2422=VECTOR('',#4107,1.);
#2423=VECTOR('',#4112,1.);
#2424=VECTOR('',#4113,1.);
#2425=VECTOR('',#4116,1.);
#2426=VECTOR('',#4121,1.);
#2427=VECTOR('',#4134,1.);
#2428=VECTOR('',#4135,1.);
#2429=VECTOR('',#4136,1.);
#2430=VECTOR('',#4137,1.);
#2431=VECTOR('',#4140,1.);
#2432=VECTOR('',#4141,1.);
#2433=VECTOR('',#4144,1.);
#2434=VECTOR('',#4147,1.);
#2435=VECTOR('',#4152,1.);
#2436=VECTOR('',#4153,1.);
#2437=VECTOR('',#4154,1.);
#2438=VECTOR('',#4157,1.);
#2439=VECTOR('',#4162,1.);
#2440=VECTOR('',#4163,1.);
#2441=VECTOR('',#4166,1.);
#2442=VECTOR('',#4171,1.);
#2443=VECTOR('',#4172,1.);
#2444=VECTOR('',#4173,1.);
#2445=VECTOR('',#4174,1.);
#2446=VECTOR('',#4179,1.);
#2447=VECTOR('',#4184,1.);
#2448=VECTOR('',#4185,1.);
#2449=VECTOR('',#4186,1.);
#2450=VECTOR('',#4187,1.);
#2451=VECTOR('',#4198,1.);
#2452=VECTOR('',#4199,1.);
#2453=VECTOR('',#4200,1.);
#2454=VECTOR('',#4203,1.);
#2455=VECTOR('',#4208,1.);
#2456=VECTOR('',#4209,1.);
#2457=VECTOR('',#4210,1.);
#2458=VECTOR('',#4211,1.);
#2459=VECTOR('',#4216,1.);
#2460=VECTOR('',#4221,1.);
#2461=VECTOR('',#4222,1.);
#2462=VECTOR('',#4223,1.);
#2463=VECTOR('',#4224,1.);
#2464=VECTOR('',#4227,1.);
#2465=VECTOR('',#4232,1.);
#2466=VECTOR('',#4233,1.);
#2467=VECTOR('',#4244,1.);
#2468=VECTOR('',#4245,1.);
#2469=VECTOR('',#4246,1.);
#2470=VECTOR('',#4249,1.);
#2471=VECTOR('',#4254,1.);
#2472=VECTOR('',#4255,1.);
#2473=VECTOR('',#4256,1.);
#2474=VECTOR('',#4257,1.);
#2475=VECTOR('',#4262,1.);
#2476=VECTOR('',#4267,1.);
#2477=VECTOR('',#4268,1.);
#2478=VECTOR('',#4269,1.);
#2479=VECTOR('',#4270,1.);
#2480=VECTOR('',#4273,1.);
#2481=VECTOR('',#4278,1.);
#2482=VECTOR('',#4279,1.);
#2483=VECTOR('',#4290,1.);
#2484=VECTOR('',#4291,1.);
#2485=VECTOR('',#4292,1.);
#2486=VECTOR('',#4295,1.);
#2487=VECTOR('',#4300,1.);
#2488=VECTOR('',#4301,1.);
#2489=VECTOR('',#4304,1.);
#2490=VECTOR('',#4309,1.);
#2491=VECTOR('',#4310,1.);
#2492=VECTOR('',#4311,1.);
#2493=VECTOR('',#4312,1.);
#2494=VECTOR('',#4317,1.);
#2495=VECTOR('',#4322,1.);
#2496=VECTOR('',#4323,1.);
#2497=VECTOR('',#4324,1.);
#2498=VECTOR('',#4325,1.);
#2499=VECTOR('',#4352,1.);
#2500=VECTOR('',#4353,1.);
#2501=VECTOR('',#4356,1.);
#2502=VECTOR('',#4357,1.);
#2503=VECTOR('',#4360,1.);
#2504=VECTOR('',#4361,1.);
#2505=VECTOR('',#4364,1.);
#2506=VECTOR('',#4365,1.);
#2507=VECTOR('',#4368,1.);
#2508=VECTOR('',#4369,1.);
#2509=VECTOR('',#4372,1.);
#2510=VECTOR('',#4375,1.);
#2511=EDGE_LOOP('',(#225,#226,#227,#228,#229,#230,#231,#232,#233,#234,#235,
#236,#237,#238,#239,#240));
#2512=EDGE_LOOP('',(#241,#242,#243,#244,#245,#246,#247,#248,#249,#250,#251,
#252,#253,#254,#255,#256,#257,#258,#259,#260,#261,#262,#263,#264,#265,#266,
#267,#268,#269,#270,#271,#272));
#2513=EDGE_LOOP('',(#273,#274,#275,#276,#277,#278,#279,#280,#281,#282,#283,
#284,#285,#286,#287,#288,#289,#290,#291,#292,#293,#294,#295,#296,#297,#298,
#299,#300,#301,#302,#303,#304));
#2514=EDGE_LOOP('',(#305,#306,#307,#308,#309,#310,#311,#312));
#2515=EDGE_LOOP('',(#313));
#2516=EDGE_LOOP('',(#314));
#2517=EDGE_LOOP('',(#315));
#2518=EDGE_LOOP('',(#316));
#2519=EDGE_LOOP('',(#317,#318,#319,#320));
#2520=EDGE_LOOP('',(#321,#322,#323,#324));
#2521=EDGE_LOOP('',(#325,#326,#327,#328,#329,#330,#331,#332));
#2522=EDGE_LOOP('',(#333,#334,#335,#336,#337,#338,#339,#340));
#2523=EDGE_LOOP('',(#341,#342,#343,#344,#345,#346,#347,#348));
#2524=EDGE_LOOP('',(#349,#350,#351,#352,#353,#354,#355,#356));
#2525=EDGE_LOOP('',(#357,#358,#359,#360));
#2526=EDGE_LOOP('',(#361,#362,#363,#364,#365,#366));
#2527=EDGE_LOOP('',(#367));
#2528=EDGE_LOOP('',(#368));
#2529=EDGE_LOOP('',(#369,#370,#371,#372,#373,#374));
#2530=EDGE_LOOP('',(#375,#376,#377,#378));
#2531=EDGE_LOOP('',(#379,#380,#381,#382,#383,#384));
#2532=EDGE_LOOP('',(#385));
#2533=EDGE_LOOP('',(#386));
#2534=EDGE_LOOP('',(#387,#388,#389,#390));
#2535=EDGE_LOOP('',(#391));
#2536=EDGE_LOOP('',(#392));
#2537=EDGE_LOOP('',(#393,#394,#395,#396,#397,#398));
#2538=EDGE_LOOP('',(#399,#400,#401,#402));
#2539=EDGE_LOOP('',(#403));
#2540=EDGE_LOOP('',(#404));
#2541=EDGE_LOOP('',(#405,#406,#407,#408));
#2542=EDGE_LOOP('',(#409,#410,#411,#412,#413,#414,#415,#416,#417,#418));
#2543=EDGE_LOOP('',(#419,#420,#421,#422,#423,#424,#425,#426,#427,#428,#429,
#430,#431,#432,#433,#434,#435,#436,#437,#438,#439,#440,#441,#442,#443,#444,
#445,#446));
#2544=EDGE_LOOP('',(#447,#448,#449,#450,#451));
#2545=EDGE_LOOP('',(#452,#453,#454,#455,#456));
#2546=EDGE_LOOP('',(#457,#458,#459,#460));
#2547=EDGE_LOOP('',(#461));
#2548=EDGE_LOOP('',(#462));
#2549=EDGE_LOOP('',(#463,#464,#465,#466));
#2550=EDGE_LOOP('',(#467,#468,#469,#470,#471));
#2551=EDGE_LOOP('',(#472,#473,#474,#475));
#2552=EDGE_LOOP('',(#476,#477,#478,#479,#480));
#2553=EDGE_LOOP('',(#481));
#2554=EDGE_LOOP('',(#482));
#2555=EDGE_LOOP('',(#483,#484,#485,#486));
#2556=EDGE_LOOP('',(#487,#488,#489,#490,#491));
#2557=EDGE_LOOP('',(#492,#493,#494,#495,#496));
#2558=EDGE_LOOP('',(#497,#498,#499,#500));
#2559=EDGE_LOOP('',(#501));
#2560=EDGE_LOOP('',(#502));
#2561=EDGE_LOOP('',(#503,#504,#505,#506,#507));
#2562=EDGE_LOOP('',(#508,#509,#510,#511));
#2563=EDGE_LOOP('',(#512,#513,#514,#515,#516));
#2564=EDGE_LOOP('',(#517));
#2565=EDGE_LOOP('',(#518));
#2566=EDGE_LOOP('',(#519,#520,#521,#522));
#2567=EDGE_LOOP('',(#523,#524,#525,#526));
#2568=EDGE_LOOP('',(#527,#528,#529,#530));
#2569=EDGE_LOOP('',(#531,#532,#533,#534));
#2570=EDGE_LOOP('',(#535));
#2571=EDGE_LOOP('',(#536,#537,#538,#539,#540,#541));
#2572=EDGE_LOOP('',(#542,#543,#544,#545));
#2573=EDGE_LOOP('',(#546,#547,#548,#549));
#2574=EDGE_LOOP('',(#550,#551,#552,#553));
#2575=EDGE_LOOP('',(#554));
#2576=EDGE_LOOP('',(#555,#556,#557,#558,#559,#560));
#2577=EDGE_LOOP('',(#561,#562,#563,#564));
#2578=EDGE_LOOP('',(#565,#566,#567,#568));
#2579=EDGE_LOOP('',(#569,#570,#571,#572));
#2580=EDGE_LOOP('',(#573));
#2581=EDGE_LOOP('',(#574,#575,#576,#577,#578,#579));
#2582=EDGE_LOOP('',(#580,#581,#582,#583));
#2583=EDGE_LOOP('',(#584,#585,#586,#587));
#2584=EDGE_LOOP('',(#588,#589,#590,#591));
#2585=EDGE_LOOP('',(#592));
#2586=EDGE_LOOP('',(#593,#594,#595,#596,#597,#598));
#2587=EDGE_LOOP('',(#599,#600,#601,#602));
#2588=EDGE_LOOP('',(#603,#604,#605,#606));
#2589=EDGE_LOOP('',(#607,#608,#609,#610,#611,#612,#613,#614,#615,#616));
#2590=EDGE_LOOP('',(#617,#618,#619,#620));
#2591=EDGE_LOOP('',(#621,#622,#623,#624));
#2592=EDGE_LOOP('',(#625,#626,#627,#628));
#2593=EDGE_LOOP('',(#629,#630,#631,#632));
#2594=EDGE_LOOP('',(#633,#634,#635,#636));
#2595=EDGE_LOOP('',(#637,#638,#639,#640));
#2596=EDGE_LOOP('',(#641,#642,#643,#644));
#2597=EDGE_LOOP('',(#645,#646,#647,#648));
#2598=EDGE_LOOP('',(#649,#650,#651,#652));
#2599=EDGE_LOOP('',(#653,#654,#655,#656));
#2600=EDGE_LOOP('',(#657,#658,#659,#660,#661,#662));
#2601=EDGE_LOOP('',(#663,#664,#665,#666));
#2602=EDGE_LOOP('',(#667,#668,#669,#670));
#2603=EDGE_LOOP('',(#671,#672,#673,#674));
#2604=EDGE_LOOP('',(#675,#676,#677,#678));
#2605=EDGE_LOOP('',(#679));
#2606=EDGE_LOOP('',(#680,#681,#682,#683,#684,#685,#686,#687));
#2607=EDGE_LOOP('',(#688,#689,#690,#691));
#2608=EDGE_LOOP('',(#692,#693,#694,#695));
#2609=EDGE_LOOP('',(#696,#697,#698,#699));
#2610=EDGE_LOOP('',(#700,#701,#702,#703));
#2611=EDGE_LOOP('',(#704,#705,#706,#707));
#2612=EDGE_LOOP('',(#708));
#2613=EDGE_LOOP('',(#709,#710,#711,#712,#713,#714,#715,#716));
#2614=EDGE_LOOP('',(#717,#718,#719,#720));
#2615=EDGE_LOOP('',(#721,#722,#723,#724));
#2616=EDGE_LOOP('',(#725,#726,#727,#728));
#2617=EDGE_LOOP('',(#729,#730,#731,#732));
#2618=EDGE_LOOP('',(#733,#734,#735,#736));
#2619=EDGE_LOOP('',(#737,#738,#739,#740,#741,#742));
#2620=EDGE_LOOP('',(#743,#744,#745,#746,#747,#748));
#2621=EDGE_LOOP('',(#749));
#2622=EDGE_LOOP('',(#750,#751,#752,#753,#754,#755,#756,#757));
#2623=EDGE_LOOP('',(#758,#759,#760,#761));
#2624=EDGE_LOOP('',(#762,#763,#764,#765,#766,#767));
#2625=EDGE_LOOP('',(#768,#769,#770,#771));
#2626=EDGE_LOOP('',(#772,#773,#774,#775));
#2627=EDGE_LOOP('',(#776,#777,#778,#779));
#2628=EDGE_LOOP('',(#780,#781,#782,#783));
#2629=EDGE_LOOP('',(#784));
#2630=EDGE_LOOP('',(#785,#786,#787,#788,#789,#790,#791,#792));
#2631=EDGE_LOOP('',(#793));
#2632=EDGE_LOOP('',(#794,#795,#796,#797,#798));
#2633=EDGE_LOOP('',(#799));
#2634=EDGE_LOOP('',(#800,#801,#802,#803,#804));
#2635=EDGE_LOOP('',(#805));
#2636=EDGE_LOOP('',(#806,#807,#808,#809,#810));
#2637=EDGE_LOOP('',(#811));
#2638=EDGE_LOOP('',(#812,#813,#814,#815,#816));
#2639=EDGE_LOOP('',(#817,#818,#819,#820));
#2640=EDGE_LOOP('',(#821,#822,#823,#824));
#2641=EDGE_LOOP('',(#825,#826,#827,#828));
#2642=EDGE_LOOP('',(#829,#830,#831,#832));
#2643=EDGE_LOOP('',(#833,#834,#835,#836));
#2644=EDGE_LOOP('',(#837,#838,#839,#840));
#2645=EDGE_LOOP('',(#841,#842,#843,#844));
#2646=EDGE_LOOP('',(#845,#846,#847,#848));
#2647=EDGE_LOOP('',(#849,#850,#851,#852));
#2648=EDGE_LOOP('',(#853,#854,#855,#856));
#2649=EDGE_LOOP('',(#857,#858,#859,#860,#861,#862));
#2650=EDGE_LOOP('',(#863,#864,#865,#866));
#2651=EDGE_LOOP('',(#867,#868,#869,#870,#871,#872));
#2652=EDGE_LOOP('',(#873,#874,#875,#876));
#2653=EDGE_LOOP('',(#877));
#2654=EDGE_LOOP('',(#878,#879,#880,#881,#882,#883,#884,#885));
#2655=EDGE_LOOP('',(#886,#887,#888,#889));
#2656=EDGE_LOOP('',(#890,#891,#892,#893));
#2657=EDGE_LOOP('',(#894,#895,#896,#897,#898,#899));
#2658=EDGE_LOOP('',(#900,#901,#902,#903));
#2659=EDGE_LOOP('',(#904,#905,#906,#907,#908,#909));
#2660=EDGE_LOOP('',(#910,#911,#912,#913));
#2661=EDGE_LOOP('',(#914,#915,#916,#917));
#2662=EDGE_LOOP('',(#918,#919,#920,#921));
#2663=EDGE_LOOP('',(#922));
#2664=EDGE_LOOP('',(#923,#924,#925,#926,#927,#928,#929,#930));
#2665=EDGE_LOOP('',(#931,#932,#933,#934));
#2666=EDGE_LOOP('',(#935,#936,#937,#938));
#2667=EDGE_LOOP('',(#939,#940,#941,#942,#943,#944));
#2668=EDGE_LOOP('',(#945,#946,#947,#948));
#2669=EDGE_LOOP('',(#949,#950,#951,#952,#953,#954));
#2670=EDGE_LOOP('',(#955,#956,#957,#958));
#2671=EDGE_LOOP('',(#959,#960,#961,#962));
#2672=EDGE_LOOP('',(#963,#964,#965,#966));
#2673=EDGE_LOOP('',(#967));
#2674=EDGE_LOOP('',(#968,#969,#970,#971,#972,#973,#974,#975));
#2675=EDGE_LOOP('',(#976,#977,#978,#979));
#2676=EDGE_LOOP('',(#980,#981,#982,#983));
#2677=EDGE_LOOP('',(#984,#985,#986,#987));
#2678=EDGE_LOOP('',(#988,#989,#990,#991));
#2679=EDGE_LOOP('',(#992,#993,#994,#995,#996,#997));
#2680=EDGE_LOOP('',(#998,#999,#1000,#1001));
#2681=EDGE_LOOP('',(#1002,#1003,#1004,#1005,#1006,#1007));
#2682=EDGE_LOOP('',(#1008,#1009,#1010,#1011));
#2683=EDGE_LOOP('',(#1012));
#2684=EDGE_LOOP('',(#1013,#1014,#1015,#1016,#1017,#1018,#1019,#1020));
#2685=EDGE_LOOP('',(#1021));
#2686=EDGE_LOOP('',(#1022));
#2687=EDGE_LOOP('',(#1023));
#2688=EDGE_LOOP('',(#1024));
#2689=EDGE_LOOP('',(#1025));
#2690=EDGE_LOOP('',(#1026));
#2691=EDGE_LOOP('',(#1027));
#2692=EDGE_LOOP('',(#1028));
#2693=EDGE_LOOP('',(#1029,#1030,#1031,#1032,#1033));
#2694=EDGE_LOOP('',(#1034));
#2695=EDGE_LOOP('',(#1035));
#2696=EDGE_LOOP('',(#1036,#1037,#1038,#1039,#1040));
#2697=EDGE_LOOP('',(#1041));
#2698=EDGE_LOOP('',(#1042,#1043,#1044,#1045,#1046));
#2699=EDGE_LOOP('',(#1047));
#2700=EDGE_LOOP('',(#1048,#1049,#1050,#1051,#1052));
#2701=EDGE_LOOP('',(#1053,#1054,#1055,#1056,#1057,#1058,#1059,#1060));
#2702=EDGE_LOOP('',(#1061,#1062,#1063,#1064,#1065,#1066,#1067,#1068));
#2703=EDGE_LOOP('',(#1069,#1070,#1071,#1072,#1073,#1074,#1075,#1076));
#2704=EDGE_LOOP('',(#1077,#1078,#1079,#1080,#1081,#1082,#1083,#1084));
#2705=EDGE_LOOP('',(#1085));
#2706=EDGE_LOOP('',(#1086));
#2707=EDGE_LOOP('',(#1087));
#2708=EDGE_LOOP('',(#1088));
#2709=EDGE_LOOP('',(#1089));
#2710=EDGE_LOOP('',(#1090));
#2711=EDGE_LOOP('',(#1091));
#2712=EDGE_LOOP('',(#1092));
#2713=EDGE_LOOP('',(#1093,#1094,#1095,#1096));
#2714=EDGE_LOOP('',(#1097,#1098,#1099,#1100));
#2715=EDGE_LOOP('',(#1101,#1102,#1103,#1104));
#2716=EDGE_LOOP('',(#1105,#1106,#1107,#1108));
#2717=EDGE_LOOP('',(#1109,#1110,#1111,#1112));
#2718=EDGE_LOOP('',(#1113,#1114,#1115,#1116));
#2719=EDGE_LOOP('',(#1117,#1118,#1119,#1120));
#2720=EDGE_LOOP('',(#1121,#1122,#1123,#1124));
#2721=FACE_BOUND('',#2511,.T.);
#2722=FACE_BOUND('',#2512,.T.);
#2723=FACE_BOUND('',#2513,.T.);
#2724=FACE_BOUND('',#2514,.T.);
#2725=FACE_BOUND('',#2515,.T.);
#2726=FACE_BOUND('',#2516,.T.);
#2727=FACE_BOUND('',#2517,.T.);
#2728=FACE_BOUND('',#2518,.T.);
#2729=FACE_BOUND('',#2519,.T.);
#2730=FACE_BOUND('',#2520,.T.);
#2731=FACE_BOUND('',#2521,.T.);
#2732=FACE_BOUND('',#2522,.T.);
#2733=FACE_BOUND('',#2523,.T.);
#2734=FACE_BOUND('',#2524,.T.);
#2735=FACE_BOUND('',#2525,.T.);
#2736=FACE_BOUND('',#2526,.T.);
#2737=FACE_BOUND('',#2527,.T.);
#2738=FACE_BOUND('',#2528,.T.);
#2739=FACE_BOUND('',#2529,.T.);
#2740=FACE_BOUND('',#2530,.T.);
#2741=FACE_BOUND('',#2531,.T.);
#2742=FACE_BOUND('',#2532,.T.);
#2743=FACE_BOUND('',#2533,.T.);
#2744=FACE_BOUND('',#2534,.T.);
#2745=FACE_BOUND('',#2535,.T.);
#2746=FACE_BOUND('',#2536,.T.);
#2747=FACE_BOUND('',#2537,.T.);
#2748=FACE_BOUND('',#2538,.T.);
#2749=FACE_BOUND('',#2539,.T.);
#2750=FACE_BOUND('',#2540,.T.);
#2751=FACE_BOUND('',#2541,.T.);
#2752=FACE_BOUND('',#2542,.T.);
#2753=FACE_BOUND('',#2543,.T.);
#2754=FACE_BOUND('',#2544,.T.);
#2755=FACE_BOUND('',#2545,.T.);
#2756=FACE_BOUND('',#2546,.T.);
#2757=FACE_BOUND('',#2547,.T.);
#2758=FACE_BOUND('',#2548,.T.);
#2759=FACE_BOUND('',#2549,.T.);
#2760=FACE_BOUND('',#2550,.T.);
#2761=FACE_BOUND('',#2551,.T.);
#2762=FACE_BOUND('',#2552,.T.);
#2763=FACE_BOUND('',#2553,.T.);
#2764=FACE_BOUND('',#2554,.T.);
#2765=FACE_BOUND('',#2555,.T.);
#2766=FACE_BOUND('',#2556,.T.);
#2767=FACE_BOUND('',#2557,.T.);
#2768=FACE_BOUND('',#2558,.T.);
#2769=FACE_BOUND('',#2559,.T.);
#2770=FACE_BOUND('',#2560,.T.);
#2771=FACE_BOUND('',#2561,.T.);
#2772=FACE_BOUND('',#2562,.T.);
#2773=FACE_BOUND('',#2563,.T.);
#2774=FACE_BOUND('',#2564,.T.);
#2775=FACE_BOUND('',#2565,.T.);
#2776=FACE_BOUND('',#2566,.T.);
#2777=FACE_BOUND('',#2567,.T.);
#2778=FACE_BOUND('',#2568,.T.);
#2779=FACE_BOUND('',#2569,.T.);
#2780=FACE_BOUND('',#2570,.T.);
#2781=FACE_BOUND('',#2571,.T.);
#2782=FACE_BOUND('',#2572,.T.);
#2783=FACE_BOUND('',#2573,.T.);
#2784=FACE_BOUND('',#2574,.T.);
#2785=FACE_BOUND('',#2575,.T.);
#2786=FACE_BOUND('',#2576,.T.);
#2787=FACE_BOUND('',#2577,.T.);
#2788=FACE_BOUND('',#2578,.T.);
#2789=FACE_BOUND('',#2579,.T.);
#2790=FACE_BOUND('',#2580,.T.);
#2791=FACE_BOUND('',#2581,.T.);
#2792=FACE_BOUND('',#2582,.T.);
#2793=FACE_BOUND('',#2583,.T.);
#2794=FACE_BOUND('',#2584,.T.);
#2795=FACE_BOUND('',#2585,.T.);
#2796=FACE_BOUND('',#2586,.T.);
#2797=FACE_BOUND('',#2587,.T.);
#2798=FACE_BOUND('',#2588,.T.);
#2799=FACE_BOUND('',#2589,.T.);
#2800=FACE_BOUND('',#2590,.T.);
#2801=FACE_BOUND('',#2591,.T.);
#2802=FACE_BOUND('',#2592,.T.);
#2803=FACE_BOUND('',#2593,.T.);
#2804=FACE_BOUND('',#2594,.T.);
#2805=FACE_BOUND('',#2595,.T.);
#2806=FACE_BOUND('',#2596,.T.);
#2807=FACE_BOUND('',#2597,.T.);
#2808=FACE_BOUND('',#2598,.T.);
#2809=FACE_BOUND('',#2599,.T.);
#2810=FACE_BOUND('',#2600,.T.);
#2811=FACE_BOUND('',#2601,.T.);
#2812=FACE_BOUND('',#2602,.T.);
#2813=FACE_BOUND('',#2603,.T.);
#2814=FACE_BOUND('',#2604,.T.);
#2815=FACE_BOUND('',#2605,.T.);
#2816=FACE_BOUND('',#2606,.T.);
#2817=FACE_BOUND('',#2607,.T.);
#2818=FACE_BOUND('',#2608,.T.);
#2819=FACE_BOUND('',#2609,.T.);
#2820=FACE_BOUND('',#2610,.T.);
#2821=FACE_BOUND('',#2611,.T.);
#2822=FACE_BOUND('',#2612,.T.);
#2823=FACE_BOUND('',#2613,.T.);
#2824=FACE_BOUND('',#2614,.T.);
#2825=FACE_BOUND('',#2615,.T.);
#2826=FACE_BOUND('',#2616,.T.);
#2827=FACE_BOUND('',#2617,.T.);
#2828=FACE_BOUND('',#2618,.T.);
#2829=FACE_BOUND('',#2619,.T.);
#2830=FACE_BOUND('',#2620,.T.);
#2831=FACE_BOUND('',#2621,.T.);
#2832=FACE_BOUND('',#2622,.T.);
#2833=FACE_BOUND('',#2623,.T.);
#2834=FACE_BOUND('',#2624,.T.);
#2835=FACE_BOUND('',#2625,.T.);
#2836=FACE_BOUND('',#2626,.T.);
#2837=FACE_BOUND('',#2627,.T.);
#2838=FACE_BOUND('',#2628,.T.);
#2839=FACE_BOUND('',#2629,.T.);
#2840=FACE_BOUND('',#2630,.T.);
#2841=FACE_BOUND('',#2631,.T.);
#2842=FACE_BOUND('',#2632,.T.);
#2843=FACE_BOUND('',#2633,.T.);
#2844=FACE_BOUND('',#2634,.T.);
#2845=FACE_BOUND('',#2635,.T.);
#2846=FACE_BOUND('',#2636,.T.);
#2847=FACE_BOUND('',#2637,.T.);
#2848=FACE_BOUND('',#2638,.T.);
#2849=FACE_BOUND('',#2639,.T.);
#2850=FACE_BOUND('',#2640,.T.);
#2851=FACE_BOUND('',#2641,.T.);
#2852=FACE_BOUND('',#2642,.T.);
#2853=FACE_BOUND('',#2643,.T.);
#2854=FACE_BOUND('',#2644,.T.);
#2855=FACE_BOUND('',#2645,.T.);
#2856=FACE_BOUND('',#2646,.T.);
#2857=FACE_BOUND('',#2647,.T.);
#2858=FACE_BOUND('',#2648,.T.);
#2859=FACE_BOUND('',#2649,.T.);
#2860=FACE_BOUND('',#2650,.T.);
#2861=FACE_BOUND('',#2651,.T.);
#2862=FACE_BOUND('',#2652,.T.);
#2863=FACE_BOUND('',#2653,.T.);
#2864=FACE_BOUND('',#2654,.T.);
#2865=FACE_BOUND('',#2655,.T.);
#2866=FACE_BOUND('',#2656,.T.);
#2867=FACE_BOUND('',#2657,.T.);
#2868=FACE_BOUND('',#2658,.T.);
#2869=FACE_BOUND('',#2659,.T.);
#2870=FACE_BOUND('',#2660,.T.);
#2871=FACE_BOUND('',#2661,.T.);
#2872=FACE_BOUND('',#2662,.T.);
#2873=FACE_BOUND('',#2663,.T.);
#2874=FACE_BOUND('',#2664,.T.);
#2875=FACE_BOUND('',#2665,.T.);
#2876=FACE_BOUND('',#2666,.T.);
#2877=FACE_BOUND('',#2667,.T.);
#2878=FACE_BOUND('',#2668,.T.);
#2879=FACE_BOUND('',#2669,.T.);
#2880=FACE_BOUND('',#2670,.T.);
#2881=FACE_BOUND('',#2671,.T.);
#2882=FACE_BOUND('',#2672,.T.);
#2883=FACE_BOUND('',#2673,.T.);
#2884=FACE_BOUND('',#2674,.T.);
#2885=FACE_BOUND('',#2675,.T.);
#2886=FACE_BOUND('',#2676,.T.);
#2887=FACE_BOUND('',#2677,.T.);
#2888=FACE_BOUND('',#2678,.T.);
#2889=FACE_BOUND('',#2679,.T.);
#2890=FACE_BOUND('',#2680,.T.);
#2891=FACE_BOUND('',#2681,.T.);
#2892=FACE_BOUND('',#2682,.T.);
#2893=FACE_BOUND('',#2683,.T.);
#2894=FACE_BOUND('',#2684,.T.);
#2895=FACE_BOUND('',#2685,.T.);
#2896=FACE_BOUND('',#2686,.T.);
#2897=FACE_BOUND('',#2687,.T.);
#2898=FACE_BOUND('',#2688,.T.);
#2899=FACE_BOUND('',#2689,.T.);
#2900=FACE_BOUND('',#2690,.T.);
#2901=FACE_BOUND('',#2691,.T.);
#2902=FACE_BOUND('',#2692,.T.);
#2903=FACE_BOUND('',#2693,.T.);
#2904=FACE_BOUND('',#2694,.T.);
#2905=FACE_BOUND('',#2695,.T.);
#2906=FACE_BOUND('',#2696,.T.);
#2907=FACE_BOUND('',#2697,.T.);
#2908=FACE_BOUND('',#2698,.T.);
#2909=FACE_BOUND('',#2699,.T.);
#2910=FACE_BOUND('',#2700,.T.);
#2911=FACE_BOUND('',#2701,.T.);
#2912=FACE_BOUND('',#2702,.T.);
#2913=FACE_BOUND('',#2703,.T.);
#2914=FACE_BOUND('',#2704,.T.);
#2915=FACE_BOUND('',#2705,.T.);
#2916=FACE_BOUND('',#2706,.T.);
#2917=FACE_BOUND('',#2707,.T.);
#2918=FACE_BOUND('',#2708,.T.);
#2919=FACE_BOUND('',#2709,.T.);
#2920=FACE_BOUND('',#2710,.T.);
#2921=FACE_BOUND('',#2711,.T.);
#2922=FACE_BOUND('',#2712,.T.);
#2923=FACE_BOUND('',#2713,.T.);
#2924=FACE_BOUND('',#2714,.T.);
#2925=FACE_BOUND('',#2715,.T.);
#2926=FACE_BOUND('',#2716,.T.);
#2927=FACE_BOUND('',#2717,.T.);
#2928=FACE_BOUND('',#2718,.T.);
#2929=FACE_BOUND('',#2719,.T.);
#2930=FACE_BOUND('',#2720,.T.);
#2931=PLANE('',#3203);
#2932=PLANE('',#3232);
#2933=PLANE('',#3241);
#2934=PLANE('',#3242);
#2935=PLANE('',#3243);
#2936=PLANE('',#3244);
#2937=PLANE('',#3248);
#2938=PLANE('',#3252);
#2939=PLANE('',#3256);
#2940=PLANE('',#3266);
#2941=PLANE('',#3273);
#2942=PLANE('',#3274);
#2943=PLANE('',#3278);
#2944=PLANE('',#3287);
#2945=PLANE('',#3288);
#2946=PLANE('',#3294);
#2947=PLANE('',#3295);
#2948=PLANE('',#3298);
#2949=PLANE('',#3302);
#2950=PLANE('',#3303);
#2951=PLANE('',#3304);
#2952=PLANE('',#3310);
#2953=PLANE('',#3313);
#2954=PLANE('',#3317);
#2955=PLANE('',#3318);
#2956=PLANE('',#3321);
#2957=PLANE('',#3322);
#2958=PLANE('',#3323);
#2959=PLANE('',#3326);
#2960=PLANE('',#3327);
#2961=PLANE('',#3328);
#2962=PLANE('',#3331);
#2963=PLANE('',#3332);
#2964=PLANE('',#3333);
#2965=PLANE('',#3336);
#2966=PLANE('',#3337);
#2967=PLANE('',#3338);
#2968=PLANE('',#3341);
#2969=PLANE('',#3347);
#2970=PLANE('',#3350);
#2971=PLANE('',#3354);
#2972=PLANE('',#3359);
#2973=PLANE('',#3362);
#2974=PLANE('',#3365);
#2975=PLANE('',#3366);
#2976=PLANE('',#3369);
#2977=PLANE('',#3372);
#2978=PLANE('',#3375);
#2979=PLANE('',#3378);
#2980=PLANE('',#3381);
#2981=PLANE('',#3384);
#2982=PLANE('',#3385);
#2983=PLANE('',#3386);
#2984=PLANE('',#3389);
#2985=PLANE('',#3392);
#2986=PLANE('',#3395);
#2987=PLANE('',#3396);
#2988=PLANE('',#3397);
#2989=PLANE('',#3398);
#2990=PLANE('',#3399);
#2991=PLANE('',#3400);
#2992=PLANE('',#3401);
#2993=PLANE('',#3402);
#2994=PLANE('',#3403);
#2995=PLANE('',#3404);
#2996=PLANE('',#3405);
#2997=PLANE('',#3406);
#2998=PLANE('',#3409);
#2999=PLANE('',#3412);
#3000=PLANE('',#3416);
#3001=PLANE('',#3419);
#3002=PLANE('',#3421);
#3003=PLANE('',#3424);
#3004=PLANE('',#3428);
#3005=PLANE('',#3431);
#3006=PLANE('',#3434);
#3007=PLANE('',#3436);
#3008=PLANE('',#3439);
#3009=PLANE('',#3443);
#3010=PLANE('',#3446);
#3011=PLANE('',#3449);
#3012=PLANE('',#3451);
#3013=PLANE('',#3454);
#3014=PLANE('',#3457);
#3015=PLANE('',#3461);
#3016=PLANE('',#3464);
#3017=PLANE('',#3474);
#3018=PLANE('',#3475);
#3019=PLANE('',#3476);
#3020=PLANE('',#3477);
#3021=PLANE('',#3478);
#3022=PLANE('',#3479);
#3023=PLANE('',#3480);
#3024=PLANE('',#3481);
#3025=ADVANCED_FACE('',(#2721,#2722,#2723),#2931,.F.);
#3026=ADVANCED_FACE('',(#2724,#2725,#2726,#2727,#2728,#2729,#2730),#2932,
 .T.);
#3027=ADVANCED_FACE('',(#2731),#2933,.F.);
#3028=ADVANCED_FACE('',(#2732),#2934,.F.);
#3029=ADVANCED_FACE('',(#2733),#2935,.T.);
#3030=ADVANCED_FACE('',(#2734),#2936,.T.);
#3031=ADVANCED_FACE('',(#2735),#28,.T.);
#3032=ADVANCED_FACE('',(#2736),#2937,.T.);
#3033=ADVANCED_FACE('',(#2737,#2738),#29,.F.);
#3034=ADVANCED_FACE('',(#2739),#2938,.F.);
#3035=ADVANCED_FACE('',(#2740),#30,.T.);
#3036=ADVANCED_FACE('',(#2741),#2939,.T.);
#3037=ADVANCED_FACE('',(#2742,#2743),#31,.F.);
#3038=ADVANCED_FACE('',(#2744),#32,.T.);
#3039=ADVANCED_FACE('',(#2745,#2746),#33,.F.);
#3040=ADVANCED_FACE('',(#2747),#2940,.F.);
#3041=ADVANCED_FACE('',(#2748),#34,.T.);
#3042=ADVANCED_FACE('',(#2749,#2750),#35,.F.);
#3043=ADVANCED_FACE('',(#2751),#2941,.F.);
#3044=ADVANCED_FACE('',(#2752),#2942,.T.);
#3045=ADVANCED_FACE('',(#2753),#2943,.F.);
#3046=ADVANCED_FACE('',(#2754),#2944,.T.);
#3047=ADVANCED_FACE('',(#2755),#2945,.T.);
#3048=ADVANCED_FACE('',(#2756),#36,.T.);
#3049=ADVANCED_FACE('',(#2757,#2758),#37,.F.);
#3050=ADVANCED_FACE('',(#2759),#2946,.T.);
#3051=ADVANCED_FACE('',(#2760),#2947,.F.);
#3052=ADVANCED_FACE('',(#2761),#38,.T.);
#3053=ADVANCED_FACE('',(#2762),#2948,.F.);
#3054=ADVANCED_FACE('',(#2763,#2764),#39,.F.);
#3055=ADVANCED_FACE('',(#2765),#2949,.F.);
#3056=ADVANCED_FACE('',(#2766),#2950,.T.);
#3057=ADVANCED_FACE('',(#2767),#2951,.T.);
#3058=ADVANCED_FACE('',(#2768),#40,.T.);
#3059=ADVANCED_FACE('',(#2769,#2770),#41,.F.);
#3060=ADVANCED_FACE('',(#2771),#2952,.F.);
#3061=ADVANCED_FACE('',(#2772),#42,.T.);
#3062=ADVANCED_FACE('',(#2773),#2953,.F.);
#3063=ADVANCED_FACE('',(#2774,#2775),#43,.F.);
#3064=ADVANCED_FACE('',(#2776),#2954,.F.);
#3065=ADVANCED_FACE('',(#2777),#2955,.F.);
#3066=ADVANCED_FACE('',(#2778),#44,.T.);
#3067=ADVANCED_FACE('',(#2779),#2956,.F.);
#3068=ADVANCED_FACE('',(#2780,#2781),#2957,.F.);
#3069=ADVANCED_FACE('',(#2782),#2958,.T.);
#3070=ADVANCED_FACE('',(#2783),#45,.T.);
#3071=ADVANCED_FACE('',(#2784),#2959,.T.);
#3072=ADVANCED_FACE('',(#2785,#2786),#2960,.F.);
#3073=ADVANCED_FACE('',(#2787),#2961,.F.);
#3074=ADVANCED_FACE('',(#2788),#46,.T.);
#3075=ADVANCED_FACE('',(#2789),#2962,.F.);
#3076=ADVANCED_FACE('',(#2790,#2791),#2963,.F.);
#3077=ADVANCED_FACE('',(#2792),#2964,.T.);
#3078=ADVANCED_FACE('',(#2793),#47,.T.);
#3079=ADVANCED_FACE('',(#2794),#2965,.T.);
#3080=ADVANCED_FACE('',(#2795,#2796),#2966,.F.);
#3081=ADVANCED_FACE('',(#2797),#2967,.F.);
#3082=ADVANCED_FACE('',(#2798),#48,.T.);
#3083=ADVANCED_FACE('',(#2799),#2968,.F.);
#3084=ADVANCED_FACE('',(#2800),#49,.T.);
#3085=ADVANCED_FACE('',(#2801),#2969,.T.);
#3086=ADVANCED_FACE('',(#2802),#50,.T.);
#3087=ADVANCED_FACE('',(#2803),#2970,.T.);
#3088=ADVANCED_FACE('',(#2804),#51,.T.);
#3089=ADVANCED_FACE('',(#2805),#52,.F.);
#3090=ADVANCED_FACE('',(#2806),#2971,.T.);
#3091=ADVANCED_FACE('',(#2807),#53,.F.);
#3092=ADVANCED_FACE('',(#2808),#54,.F.);
#3093=ADVANCED_FACE('',(#2809),#55,.T.);
#3094=ADVANCED_FACE('',(#2810),#2972,.F.);
#3095=ADVANCED_FACE('',(#2811),#56,.T.);
#3096=ADVANCED_FACE('',(#2812),#2973,.F.);
#3097=ADVANCED_FACE('',(#2813),#57,.T.);
#3098=ADVANCED_FACE('',(#2814),#2974,.T.);
#3099=ADVANCED_FACE('',(#2815,#2816),#2975,.T.);
#3100=ADVANCED_FACE('',(#2817),#58,.T.);
#3101=ADVANCED_FACE('',(#2818),#2976,.F.);
#3102=ADVANCED_FACE('',(#2819),#59,.T.);
#3103=ADVANCED_FACE('',(#2820),#2977,.T.);
#3104=ADVANCED_FACE('',(#2821),#60,.T.);
#3105=ADVANCED_FACE('',(#2822,#2823),#2978,.T.);
#3106=ADVANCED_FACE('',(#2824),#61,.T.);
#3107=ADVANCED_FACE('',(#2825),#2979,.F.);
#3108=ADVANCED_FACE('',(#2826),#62,.T.);
#3109=ADVANCED_FACE('',(#2827),#2980,.T.);
#3110=ADVANCED_FACE('',(#2828),#63,.T.);
#3111=ADVANCED_FACE('',(#2829),#2981,.F.);
#3112=ADVANCED_FACE('',(#2830),#2982,.T.);
#3113=ADVANCED_FACE('',(#2831,#2832),#2983,.T.);
#3114=ADVANCED_FACE('',(#2833),#64,.T.);
#3115=ADVANCED_FACE('',(#2834),#2984,.T.);
#3116=ADVANCED_FACE('',(#2835),#65,.T.);
#3117=ADVANCED_FACE('',(#2836),#2985,.F.);
#3118=ADVANCED_FACE('',(#2837),#66,.T.);
#3119=ADVANCED_FACE('',(#2838),#2986,.T.);
#3120=ADVANCED_FACE('',(#2839,#2840),#2987,.T.);
#3121=ADVANCED_FACE('',(#2841,#2842),#2988,.T.);
#3122=ADVANCED_FACE('',(#2843,#2844),#2989,.T.);
#3123=ADVANCED_FACE('',(#2845,#2846),#2990,.T.);
#3124=ADVANCED_FACE('',(#2847,#2848),#2991,.T.);
#3125=ADVANCED_FACE('',(#2849,#2850),#2992,.T.);
#3126=ADVANCED_FACE('',(#2851),#2993,.T.);
#3127=ADVANCED_FACE('',(#2852),#2994,.T.);
#3128=ADVANCED_FACE('',(#2853),#2995,.F.);
#3129=ADVANCED_FACE('',(#2854),#2996,.F.);
#3130=ADVANCED_FACE('',(#2855),#2997,.F.);
#3131=ADVANCED_FACE('',(#2856),#67,.T.);
#3132=ADVANCED_FACE('',(#2857),#2998,.T.);
#3133=ADVANCED_FACE('',(#2858),#68,.T.);
#3134=ADVANCED_FACE('',(#2859),#2999,.T.);
#3135=ADVANCED_FACE('',(#2860),#69,.T.);
#3136=ADVANCED_FACE('',(#2861),#3000,.F.);
#3137=ADVANCED_FACE('',(#2862),#70,.T.);
#3138=ADVANCED_FACE('',(#2863,#2864),#3001,.T.);
#3139=ADVANCED_FACE('',(#2865),#3002,.T.);
#3140=ADVANCED_FACE('',(#2866),#71,.T.);
#3141=ADVANCED_FACE('',(#2867),#3003,.T.);
#3142=ADVANCED_FACE('',(#2868),#72,.T.);
#3143=ADVANCED_FACE('',(#2869),#3004,.F.);
#3144=ADVANCED_FACE('',(#2870),#73,.T.);
#3145=ADVANCED_FACE('',(#2871),#3005,.F.);
#3146=ADVANCED_FACE('',(#2872),#74,.T.);
#3147=ADVANCED_FACE('',(#2873,#2874),#3006,.T.);
#3148=ADVANCED_FACE('',(#2875),#3007,.T.);
#3149=ADVANCED_FACE('',(#2876),#75,.T.);
#3150=ADVANCED_FACE('',(#2877),#3008,.T.);
#3151=ADVANCED_FACE('',(#2878),#76,.T.);
#3152=ADVANCED_FACE('',(#2879),#3009,.F.);
#3153=ADVANCED_FACE('',(#2880),#77,.T.);
#3154=ADVANCED_FACE('',(#2881),#3010,.F.);
#3155=ADVANCED_FACE('',(#2882),#78,.T.);
#3156=ADVANCED_FACE('',(#2883,#2884),#3011,.T.);
#3157=ADVANCED_FACE('',(#2885),#3012,.F.);
#3158=ADVANCED_FACE('',(#2886),#79,.T.);
#3159=ADVANCED_FACE('',(#2887),#3013,.T.);
#3160=ADVANCED_FACE('',(#2888),#80,.T.);
#3161=ADVANCED_FACE('',(#2889),#3014,.T.);
#3162=ADVANCED_FACE('',(#2890),#81,.T.);
#3163=ADVANCED_FACE('',(#2891),#3015,.F.);
#3164=ADVANCED_FACE('',(#2892),#82,.T.);
#3165=ADVANCED_FACE('',(#2893,#2894),#3016,.T.);
#3166=ADVANCED_FACE('',(#2895,#2896),#83,.F.);
#3167=ADVANCED_FACE('',(#2897,#2898),#84,.F.);
#3168=ADVANCED_FACE('',(#2899,#2900),#85,.F.);
#3169=ADVANCED_FACE('',(#2901,#2902),#86,.F.);
#3170=ADVANCED_FACE('',(#2903,#2904),#3017,.F.);
#3171=ADVANCED_FACE('',(#2905,#2906),#3018,.F.);
#3172=ADVANCED_FACE('',(#2907,#2908),#3019,.F.);
#3173=ADVANCED_FACE('',(#2909,#2910),#3020,.F.);
#3174=ADVANCED_FACE('',(#2911),#3021,.T.);
#3175=ADVANCED_FACE('',(#2912),#3022,.T.);
#3176=ADVANCED_FACE('',(#2913),#3023,.F.);
#3177=ADVANCED_FACE('',(#2914),#3024,.F.);
#3178=ADVANCED_FACE('',(#2915,#2916),#24,.F.);
#3179=ADVANCED_FACE('',(#2917,#2918),#25,.F.);
#3180=ADVANCED_FACE('',(#2919,#2920),#26,.F.);
#3181=ADVANCED_FACE('',(#2921,#2922),#27,.F.);
#3182=ADVANCED_FACE('',(#2923),#20,.T.);
#3183=ADVANCED_FACE('',(#2924),#87,.T.);
#3184=ADVANCED_FACE('',(#2925),#88,.T.);
#3185=ADVANCED_FACE('',(#2926),#21,.T.);
#3186=ADVANCED_FACE('',(#2927),#22,.T.);
#3187=ADVANCED_FACE('',(#2928),#89,.T.);
#3188=ADVANCED_FACE('',(#2929),#90,.T.);
#3189=ADVANCED_FACE('',(#2930),#23,.T.);
#3190=CLOSED_SHELL('',(#3025,#3026,#3027,#3028,#3029,#3030,#3031,#3032,
#3033,#3034,#3035,#3036,#3037,#3038,#3039,#3040,#3041,#3042,#3043,#3044,
#3045,#3046,#3047,#3048,#3049,#3050,#3051,#3052,#3053,#3054,#3055,#3056,
#3057,#3058,#3059,#3060,#3061,#3062,#3063,#3064,#3065,#3066,#3067,#3068,
#3069,#3070,#3071,#3072,#3073,#3074,#3075,#3076,#3077,#3078,#3079,#3080,
#3081,#3082,#3083,#3084,#3085,#3086,#3087,#3088,#3089,#3090,#3091,#3092,
#3093,#3094,#3095,#3096,#3097,#3098,#3099,#3100,#3101,#3102,#3103,#3104,
#3105,#3106,#3107,#3108,#3109,#3110,#3111,#3112,#3113,#3114,#3115,#3116,
#3117,#3118,#3119,#3120,#3121,#3122,#3123,#3124,#3125,#3126,#3127,#3128,
#3129,#3130,#3131,#3132,#3133,#3134,#3135,#3136,#3137,#3138,#3139,#3140,
#3141,#3142,#3143,#3144,#3145,#3146,#3147,#3148,#3149,#3150,#3151,#3152,
#3153,#3154,#3155,#3156,#3157,#3158,#3159,#3160,#3161,#3162,#3163,#3164,
#3165,#3166,#3167,#3168,#3169,#3170,#3171,#3172,#3173,#3174,#3175,#3176,
#3177,#3178,#3179,#3180,#3181,#3182,#3183,#3184,#3185,#3186,#3187,#3188,
#3189));
#3191=STYLED_ITEM('',(#3192),#3199);
#3192=PRESENTATION_STYLE_ASSIGNMENT((#3193));
#3193=SURFACE_STYLE_USAGE(.BOTH.,#3194);
#3194=SURFACE_SIDE_STYLE('',(#3195));
#3195=SURFACE_STYLE_FILL_AREA(#3196);
#3196=FILL_AREA_STYLE('',(#3197));
#3197=FILL_AREA_STYLE_COLOUR('',#3198);
#3198=COLOUR_RGB('',0.129411764705882,0.113725490196078,0.113725490196078);
#3199=MANIFOLD_SOLID_BREP('TopHalf',#3190);
#3200=SHAPE_DEFINITION_REPRESENTATION(#5344,#3201);
#3201=SHAPE_REPRESENTATION('TopHalf',(#3202),#5339);
#3202=AXIS2_PLACEMENT_3D('',#4418,#3502,#3503);
#3203=AXIS2_PLACEMENT_3D('',#4419,#3504,#3505);
#3204=AXIS2_PLACEMENT_3D('',#4423,#3507,#3508);
#3205=AXIS2_PLACEMENT_3D('',#4431,#3512,#3513);
#3206=AXIS2_PLACEMENT_3D('',#4439,#3517,#3518);
#3207=AXIS2_PLACEMENT_3D('',#4447,#3522,#3523);
#3208=AXIS2_PLACEMENT_3D('',#4457,#3528,#3529);
#3209=AXIS2_PLACEMENT_3D('',#4461,#3531,#3532);
#3210=AXIS2_PLACEMENT_3D('',#4465,#3534,#3535);
#3211=AXIS2_PLACEMENT_3D('',#4473,#3539,#3540);
#3212=AXIS2_PLACEMENT_3D('',#4477,#3542,#3543);
#3213=AXIS2_PLACEMENT_3D('',#4481,#3545,#3546);
#3214=AXIS2_PLACEMENT_3D('',#4489,#3550,#3551);
#3215=AXIS2_PLACEMENT_3D('',#4493,#3553,#3554);
#3216=AXIS2_PLACEMENT_3D('',#4497,#3556,#3557);
#3217=AXIS2_PLACEMENT_3D('',#4505,#3561,#3562);
#3218=AXIS2_PLACEMENT_3D('',#4509,#3564,#3565);
#3219=AXIS2_PLACEMENT_3D('',#4513,#3567,#3568);
#3220=AXIS2_PLACEMENT_3D('',#4521,#3572,#3573);
#3221=AXIS2_PLACEMENT_3D('',#4525,#3575,#3576);
#3222=AXIS2_PLACEMENT_3D('',#4529,#3578,#3579);
#3223=AXIS2_PLACEMENT_3D('',#4537,#3583,#3584);
#3224=AXIS2_PLACEMENT_3D('',#4541,#3586,#3587);
#3225=AXIS2_PLACEMENT_3D('',#4545,#3589,#3590);
#3226=AXIS2_PLACEMENT_3D('',#4553,#3594,#3595);
#3227=AXIS2_PLACEMENT_3D('',#4557,#3597,#3598);
#3228=AXIS2_PLACEMENT_3D('',#4561,#3600,#3601);
#3229=AXIS2_PLACEMENT_3D('',#4569,#3605,#3606);
#3230=AXIS2_PLACEMENT_3D('',#4573,#3608,#3609);
#3231=AXIS2_PLACEMENT_3D('',#4577,#3611,#3612);
#3232=AXIS2_PLACEMENT_3D('',#4580,#3614,#3615);
#3233=AXIS2_PLACEMENT_3D('',#4584,#3617,#3618);
#3234=AXIS2_PLACEMENT_3D('',#4588,#3620,#3621);
#3235=AXIS2_PLACEMENT_3D('',#4592,#3623,#3624);
#3236=AXIS2_PLACEMENT_3D('',#4596,#3626,#3627);
#3237=AXIS2_PLACEMENT_3D('',#4597,#3628,#3629);
#3238=AXIS2_PLACEMENT_3D('',#4599,#3630,#3631);
#3239=AXIS2_PLACEMENT_3D('',#4601,#3632,#3633);
#3240=AXIS2_PLACEMENT_3D('',#4603,#3634,#3635);
#3241=AXIS2_PLACEMENT_3D('',#4621,#3644,#3645);
#3242=AXIS2_PLACEMENT_3D('',#4635,#3653,#3654);
#3243=AXIS2_PLACEMENT_3D('',#4646,#3661,#3662);
#3244=AXIS2_PLACEMENT_3D('',#4657,#3669,#3670);
#3245=AXIS2_PLACEMENT_3D('',#4665,#3676,#3677);
#3246=AXIS2_PLACEMENT_3D('',#4666,#3678,#3679);
#3247=AXIS2_PLACEMENT_3D('',#4671,#3681,#3682);
#3248=AXIS2_PLACEMENT_3D('',#4674,#3684,#3685);
#3249=AXIS2_PLACEMENT_3D('',#4679,#3689,#3690);
#3250=AXIS2_PLACEMENT_3D('',#4680,#3691,#3692);
#3251=AXIS2_PLACEMENT_3D('',#4682,#3693,#3694);
#3252=AXIS2_PLACEMENT_3D('',#4684,#3695,#3696);
#3253=AXIS2_PLACEMENT_3D('',#4692,#3701,#3702);
#3254=AXIS2_PLACEMENT_3D('',#4693,#3703,#3704);
#3255=AXIS2_PLACEMENT_3D('',#4697,#3706,#3707);
#3256=AXIS2_PLACEMENT_3D('',#4698,#3708,#3709);
#3257=AXIS2_PLACEMENT_3D('',#4703,#3713,#3714);
#3258=AXIS2_PLACEMENT_3D('',#4704,#3715,#3716);
#3259=AXIS2_PLACEMENT_3D('',#4706,#3717,#3718);
#3260=AXIS2_PLACEMENT_3D('',#4708,#3719,#3720);
#3261=AXIS2_PLACEMENT_3D('',#4712,#3722,#3723);
#3262=AXIS2_PLACEMENT_3D('',#4716,#3725,#3726);
#3263=AXIS2_PLACEMENT_3D('',#4717,#3727,#3728);
#3264=AXIS2_PLACEMENT_3D('',#4718,#3729,#3730);
#3265=AXIS2_PLACEMENT_3D('',#4720,#3731,#3732);
#3266=AXIS2_PLACEMENT_3D('',#4722,#3733,#3734);
#3267=AXIS2_PLACEMENT_3D('',#4730,#3739,#3740);
#3268=AXIS2_PLACEMENT_3D('',#4731,#3741,#3742);
#3269=AXIS2_PLACEMENT_3D('',#4735,#3744,#3745);
#3270=AXIS2_PLACEMENT_3D('',#4736,#3746,#3747);
#3271=AXIS2_PLACEMENT_3D('',#4737,#3748,#3749);
#3272=AXIS2_PLACEMENT_3D('',#4739,#3750,#3751);
#3273=AXIS2_PLACEMENT_3D('',#4741,#3752,#3753);
#3274=AXIS2_PLACEMENT_3D('',#4750,#3758,#3759);
#3275=AXIS2_PLACEMENT_3D('',#4751,#3760,#3761);
#3276=AXIS2_PLACEMENT_3D('',#4753,#3762,#3763);
#3277=AXIS2_PLACEMENT_3D('',#4757,#3765,#3766);
#3278=AXIS2_PLACEMENT_3D('',#4765,#3771,#3772);
#3279=AXIS2_PLACEMENT_3D('',#4772,#3776,#3777);
#3280=AXIS2_PLACEMENT_3D('',#4780,#3781,#3782);
#3281=AXIS2_PLACEMENT_3D('',#4788,#3786,#3787);
#3282=AXIS2_PLACEMENT_3D('',#4796,#3791,#3792);
#3283=AXIS2_PLACEMENT_3D('',#4803,#3796,#3797);
#3284=AXIS2_PLACEMENT_3D('',#4807,#3799,#3800);
#3285=AXIS2_PLACEMENT_3D('',#4811,#3802,#3803);
#3286=AXIS2_PLACEMENT_3D('',#4815,#3805,#3806);
#3287=AXIS2_PLACEMENT_3D('',#4816,#3807,#3808);
#3288=AXIS2_PLACEMENT_3D('',#4823,#3813,#3814);
#3289=AXIS2_PLACEMENT_3D('',#4829,#3818,#3819);
#3290=AXIS2_PLACEMENT_3D('',#4830,#3820,#3821);
#3291=AXIS2_PLACEMENT_3D('',#4831,#3822,#3823);
#3292=AXIS2_PLACEMENT_3D('',#4832,#3824,#3825);
#3293=AXIS2_PLACEMENT_3D('',#4834,#3826,#3827);
#3294=AXIS2_PLACEMENT_3D('',#4836,#3828,#3829);
#3295=AXIS2_PLACEMENT_3D('',#4838,#3831,#3832);
#3296=AXIS2_PLACEMENT_3D('',#4844,#3836,#3837);
#3297=AXIS2_PLACEMENT_3D('',#4847,#3839,#3840);
#3298=AXIS2_PLACEMENT_3D('',#4848,#3841,#3842);
#3299=AXIS2_PLACEMENT_3D('',#4853,#3846,#3847);
#3300=AXIS2_PLACEMENT_3D('',#4854,#3848,#3849);
#3301=AXIS2_PLACEMENT_3D('',#4856,#3850,#3851);
#3302=AXIS2_PLACEMENT_3D('',#4858,#3852,#3853);
#3303=AXIS2_PLACEMENT_3D('',#4860,#3855,#3856);
#3304=AXIS2_PLACEMENT_3D('',#4867,#3861,#3862);
#3305=AXIS2_PLACEMENT_3D('',#4873,#3866,#3867);
#3306=AXIS2_PLACEMENT_3D('',#4874,#3868,#3869);
#3307=AXIS2_PLACEMENT_3D('',#4875,#3870,#3871);
#3308=AXIS2_PLACEMENT_3D('',#4876,#3872,#3873);
#3309=AXIS2_PLACEMENT_3D('',#4878,#3874,#3875);
#3310=AXIS2_PLACEMENT_3D('',#4880,#3876,#3877);
#3311=AXIS2_PLACEMENT_3D('',#4887,#3882,#3883);
#3312=AXIS2_PLACEMENT_3D('',#4890,#3885,#3886);
#3313=AXIS2_PLACEMENT_3D('',#4891,#3887,#3888);
#3314=AXIS2_PLACEMENT_3D('',#4895,#3891,#3892);
#3315=AXIS2_PLACEMENT_3D('',#4896,#3893,#3894);
#3316=AXIS2_PLACEMENT_3D('',#4898,#3895,#3896);
#3317=AXIS2_PLACEMENT_3D('',#4900,#3897,#3898);
#3318=AXIS2_PLACEMENT_3D('',#4901,#3899,#3900);
#3319=AXIS2_PLACEMENT_3D('',#4905,#3903,#3904);
#3320=AXIS2_PLACEMENT_3D('',#4906,#3905,#3906);
#3321=AXIS2_PLACEMENT_3D('',#4909,#3908,#3909);
#3322=AXIS2_PLACEMENT_3D('',#4911,#3911,#3912);
#3323=AXIS2_PLACEMENT_3D('',#4912,#3913,#3914);
#3324=AXIS2_PLACEMENT_3D('',#4916,#3917,#3918);
#3325=AXIS2_PLACEMENT_3D('',#4919,#3920,#3921);
#3326=AXIS2_PLACEMENT_3D('',#4920,#3922,#3923);
#3327=AXIS2_PLACEMENT_3D('',#4922,#3925,#3926);
#3328=AXIS2_PLACEMENT_3D('',#4923,#3927,#3928);
#3329=AXIS2_PLACEMENT_3D('',#4927,#3931,#3932);
#3330=AXIS2_PLACEMENT_3D('',#4928,#3933,#3934);
#3331=AXIS2_PLACEMENT_3D('',#4931,#3936,#3937);
#3332=AXIS2_PLACEMENT_3D('',#4933,#3939,#3940);
#3333=AXIS2_PLACEMENT_3D('',#4934,#3941,#3942);
#3334=AXIS2_PLACEMENT_3D('',#4938,#3945,#3946);
#3335=AXIS2_PLACEMENT_3D('',#4941,#3948,#3949);
#3336=AXIS2_PLACEMENT_3D('',#4942,#3950,#3951);
#3337=AXIS2_PLACEMENT_3D('',#4944,#3953,#3954);
#3338=AXIS2_PLACEMENT_3D('',#4945,#3955,#3956);
#3339=AXIS2_PLACEMENT_3D('',#4951,#3960,#3961);
#3340=AXIS2_PLACEMENT_3D('',#4954,#3963,#3964);
#3341=AXIS2_PLACEMENT_3D('',#4955,#3965,#3966);
#3342=AXIS2_PLACEMENT_3D('',#4959,#3969,#3970);
#3343=AXIS2_PLACEMENT_3D('',#4963,#3972,#3973);
#3344=AXIS2_PLACEMENT_3D('',#4964,#3974,#3975);
#3345=AXIS2_PLACEMENT_3D('',#4965,#3976,#3977);
#3346=AXIS2_PLACEMENT_3D('',#4968,#3979,#3980);
#3347=AXIS2_PLACEMENT_3D('',#4969,#3981,#3982);
#3348=AXIS2_PLACEMENT_3D('',#4973,#3985,#3986);
#3349=AXIS2_PLACEMENT_3D('',#4976,#3988,#3989);
#3350=AXIS2_PLACEMENT_3D('',#4977,#3990,#3991);
#3351=AXIS2_PLACEMENT_3D('',#4981,#3994,#3995);
#3352=AXIS2_PLACEMENT_3D('',#4982,#3996,#3997);
#3353=AXIS2_PLACEMENT_3D('',#4983,#3998,#3999);
#3354=AXIS2_PLACEMENT_3D('',#4985,#4001,#4002);
#3355=AXIS2_PLACEMENT_3D('',#4987,#4004,#4005);
#3356=AXIS2_PLACEMENT_3D('',#4988,#4006,#4007);
#3357=AXIS2_PLACEMENT_3D('',#4989,#4008,#4009);
#3358=AXIS2_PLACEMENT_3D('',#4992,#4011,#4012);
#3359=AXIS2_PLACEMENT_3D('',#4995,#4014,#4015);
#3360=AXIS2_PLACEMENT_3D('',#4998,#4018,#4019);
#3361=AXIS2_PLACEMENT_3D('',#5001,#4021,#4022);
#3362=AXIS2_PLACEMENT_3D('',#5002,#4023,#4024);
#3363=AXIS2_PLACEMENT_3D('',#5006,#4027,#4028);
#3364=AXIS2_PLACEMENT_3D('',#5009,#4030,#4031);
#3365=AXIS2_PLACEMENT_3D('',#5010,#4032,#4033);
#3366=AXIS2_PLACEMENT_3D('',#5012,#4035,#4036);
#3367=AXIS2_PLACEMENT_3D('',#5013,#4037,#4038);
#3368=AXIS2_PLACEMENT_3D('',#5016,#4040,#4041);
#3369=AXIS2_PLACEMENT_3D('',#5017,#4042,#4043);
#3370=AXIS2_PLACEMENT_3D('',#5021,#4046,#4047);
#3371=AXIS2_PLACEMENT_3D('',#5024,#4049,#4050);
#3372=AXIS2_PLACEMENT_3D('',#5025,#4051,#4052);
#3373=AXIS2_PLACEMENT_3D('',#5029,#4055,#4056);
#3374=AXIS2_PLACEMENT_3D('',#5030,#4057,#4058);
#3375=AXIS2_PLACEMENT_3D('',#5031,#4059,#4060);
#3376=AXIS2_PLACEMENT_3D('',#5032,#4061,#4062);
#3377=AXIS2_PLACEMENT_3D('',#5035,#4064,#4065);
#3378=AXIS2_PLACEMENT_3D('',#5038,#4067,#4068);
#3379=AXIS2_PLACEMENT_3D('',#5042,#4071,#4072);
#3380=AXIS2_PLACEMENT_3D('',#5045,#4074,#4075);
#3381=AXIS2_PLACEMENT_3D('',#5046,#4076,#4077);
#3382=AXIS2_PLACEMENT_3D('',#5050,#4080,#4081);
#3383=AXIS2_PLACEMENT_3D('',#5053,#4083,#4084);
#3384=AXIS2_PLACEMENT_3D('',#5054,#4085,#4086);
#3385=AXIS2_PLACEMENT_3D('',#5057,#4089,#4090);
#3386=AXIS2_PLACEMENT_3D('',#5060,#4093,#4094);
#3387=AXIS2_PLACEMENT_3D('',#5061,#4095,#4096);
#3388=AXIS2_PLACEMENT_3D('',#5062,#4097,#4098);
#3389=AXIS2_PLACEMENT_3D('',#5065,#4100,#4101);
#3390=AXIS2_PLACEMENT_3D('',#5070,#4105,#4106);
#3391=AXIS2_PLACEMENT_3D('',#5073,#4108,#4109);
#3392=AXIS2_PLACEMENT_3D('',#5074,#4110,#4111);
#3393=AXIS2_PLACEMENT_3D('',#5078,#4114,#4115);
#3394=AXIS2_PLACEMENT_3D('',#5081,#4117,#4118);
#3395=AXIS2_PLACEMENT_3D('',#5082,#4119,#4120);
#3396=AXIS2_PLACEMENT_3D('',#5084,#4122,#4123);
#3397=AXIS2_PLACEMENT_3D('',#5085,#4124,#4125);
#3398=AXIS2_PLACEMENT_3D('',#5086,#4126,#4127);
#3399=AXIS2_PLACEMENT_3D('',#5087,#4128,#4129);
#3400=AXIS2_PLACEMENT_3D('',#5088,#4130,#4131);
#3401=AXIS2_PLACEMENT_3D('',#5089,#4132,#4133);
#3402=AXIS2_PLACEMENT_3D('',#5098,#4138,#4139);
#3403=AXIS2_PLACEMENT_3D('',#5101,#4142,#4143);
#3404=AXIS2_PLACEMENT_3D('',#5103,#4145,#4146);
#3405=AXIS2_PLACEMENT_3D('',#5105,#4148,#4149);
#3406=AXIS2_PLACEMENT_3D('',#5106,#4150,#4151);
#3407=AXIS2_PLACEMENT_3D('',#5112,#4155,#4156);
#3408=AXIS2_PLACEMENT_3D('',#5115,#4158,#4159);
#3409=AXIS2_PLACEMENT_3D('',#5116,#4160,#4161);
#3410=AXIS2_PLACEMENT_3D('',#5120,#4164,#4165);
#3411=AXIS2_PLACEMENT_3D('',#5123,#4167,#4168);
#3412=AXIS2_PLACEMENT_3D('',#5124,#4169,#4170);
#3413=AXIS2_PLACEMENT_3D('',#5132,#4175,#4176);
#3414=AXIS2_PLACEMENT_3D('',#5133,#4177,#4178);
#3415=AXIS2_PLACEMENT_3D('',#5137,#4180,#4181);
#3416=AXIS2_PLACEMENT_3D('',#5138,#4182,#4183);
#3417=AXIS2_PLACEMENT_3D('',#5145,#4188,#4189);
#3418=AXIS2_PLACEMENT_3D('',#5146,#4190,#4191);
#3419=AXIS2_PLACEMENT_3D('',#5147,#4192,#4193);
#3420=AXIS2_PLACEMENT_3D('',#5148,#4194,#4195);
#3421=AXIS2_PLACEMENT_3D('',#5150,#4196,#4197);
#3422=AXIS2_PLACEMENT_3D('',#5156,#4201,#4202);
#3423=AXIS2_PLACEMENT_3D('',#5159,#4204,#4205);
#3424=AXIS2_PLACEMENT_3D('',#5160,#4206,#4207);
#3425=AXIS2_PLACEMENT_3D('',#5168,#4212,#4213);
#3426=AXIS2_PLACEMENT_3D('',#5169,#4214,#4215);
#3427=AXIS2_PLACEMENT_3D('',#5173,#4217,#4218);
#3428=AXIS2_PLACEMENT_3D('',#5174,#4219,#4220);
#3429=AXIS2_PLACEMENT_3D('',#5181,#4225,#4226);
#3430=AXIS2_PLACEMENT_3D('',#5184,#4228,#4229);
#3431=AXIS2_PLACEMENT_3D('',#5185,#4230,#4231);
#3432=AXIS2_PLACEMENT_3D('',#5189,#4234,#4235);
#3433=AXIS2_PLACEMENT_3D('',#5190,#4236,#4237);
#3434=AXIS2_PLACEMENT_3D('',#5191,#4238,#4239);
#3435=AXIS2_PLACEMENT_3D('',#5192,#4240,#4241);
#3436=AXIS2_PLACEMENT_3D('',#5194,#4242,#4243);
#3437=AXIS2_PLACEMENT_3D('',#5200,#4247,#4248);
#3438=AXIS2_PLACEMENT_3D('',#5203,#4250,#4251);
#3439=AXIS2_PLACEMENT_3D('',#5204,#4252,#4253);
#3440=AXIS2_PLACEMENT_3D('',#5212,#4258,#4259);
#3441=AXIS2_PLACEMENT_3D('',#5213,#4260,#4261);
#3442=AXIS2_PLACEMENT_3D('',#5217,#4263,#4264);
#3443=AXIS2_PLACEMENT_3D('',#5218,#4265,#4266);
#3444=AXIS2_PLACEMENT_3D('',#5225,#4271,#4272);
#3445=AXIS2_PLACEMENT_3D('',#5228,#4274,#4275);
#3446=AXIS2_PLACEMENT_3D('',#5229,#4276,#4277);
#3447=AXIS2_PLACEMENT_3D('',#5233,#4280,#4281);
#3448=AXIS2_PLACEMENT_3D('',#5234,#4282,#4283);
#3449=AXIS2_PLACEMENT_3D('',#5235,#4284,#4285);
#3450=AXIS2_PLACEMENT_3D('',#5236,#4286,#4287);
#3451=AXIS2_PLACEMENT_3D('',#5238,#4288,#4289);
#3452=AXIS2_PLACEMENT_3D('',#5244,#4293,#4294);
#3453=AXIS2_PLACEMENT_3D('',#5247,#4296,#4297);
#3454=AXIS2_PLACEMENT_3D('',#5248,#4298,#4299);
#3455=AXIS2_PLACEMENT_3D('',#5252,#4302,#4303);
#3456=AXIS2_PLACEMENT_3D('',#5255,#4305,#4306);
#3457=AXIS2_PLACEMENT_3D('',#5256,#4307,#4308);
#3458=AXIS2_PLACEMENT_3D('',#5264,#4313,#4314);
#3459=AXIS2_PLACEMENT_3D('',#5265,#4315,#4316);
#3460=AXIS2_PLACEMENT_3D('',#5269,#4318,#4319);
#3461=AXIS2_PLACEMENT_3D('',#5270,#4320,#4321);
#3462=AXIS2_PLACEMENT_3D('',#5277,#4326,#4327);
#3463=AXIS2_PLACEMENT_3D('',#5278,#4328,#4329);
#3464=AXIS2_PLACEMENT_3D('',#5279,#4330,#4331);
#3465=AXIS2_PLACEMENT_3D('',#5280,#4332,#4333);
#3466=AXIS2_PLACEMENT_3D('',#5282,#4334,#4335);
#3467=AXIS2_PLACEMENT_3D('',#5283,#4336,#4337);
#3468=AXIS2_PLACEMENT_3D('',#5285,#4338,#4339);
#3469=AXIS2_PLACEMENT_3D('',#5286,#4340,#4341);
#3470=AXIS2_PLACEMENT_3D('',#5288,#4342,#4343);
#3471=AXIS2_PLACEMENT_3D('',#5289,#4344,#4345);
#3472=AXIS2_PLACEMENT_3D('',#5291,#4346,#4347);
#3473=AXIS2_PLACEMENT_3D('',#5292,#4348,#4349);
#3474=AXIS2_PLACEMENT_3D('',#5294,#4350,#4351);
#3475=AXIS2_PLACEMENT_3D('',#5298,#4354,#4355);
#3476=AXIS2_PLACEMENT_3D('',#5302,#4358,#4359);
#3477=AXIS2_PLACEMENT_3D('',#5306,#4362,#4363);
#3478=AXIS2_PLACEMENT_3D('',#5310,#4366,#4367);
#3479=AXIS2_PLACEMENT_3D('',#5313,#4370,#4371);
#3480=AXIS2_PLACEMENT_3D('',#5315,#4373,#4374);
#3481=AXIS2_PLACEMENT_3D('',#5317,#4376,#4377);
#3482=AXIS2_PLACEMENT_3D('',#5318,#4378,#4379);
#3483=AXIS2_PLACEMENT_3D('',#5319,#4380,#4381);
#3484=AXIS2_PLACEMENT_3D('',#5320,#4382,#4383);
#3485=AXIS2_PLACEMENT_3D('',#5321,#4384,#4385);
#3486=AXIS2_PLACEMENT_3D('',#5322,#4386,#4387);
#3487=AXIS2_PLACEMENT_3D('',#5323,#4388,#4389);
#3488=AXIS2_PLACEMENT_3D('',#5324,#4390,#4391);
#3489=AXIS2_PLACEMENT_3D('',#5325,#4392,#4393);
#3490=AXIS2_PLACEMENT_3D('',#5326,#4394,#4395);
#3491=AXIS2_PLACEMENT_3D('',#5327,#4396,#4397);
#3492=AXIS2_PLACEMENT_3D('',#5328,#4398,#4399);
#3493=AXIS2_PLACEMENT_3D('',#5329,#4400,#4401);
#3494=AXIS2_PLACEMENT_3D('',#5330,#4402,#4403);
#3495=AXIS2_PLACEMENT_3D('',#5331,#4404,#4405);
#3496=AXIS2_PLACEMENT_3D('',#5332,#4406,#4407);
#3497=AXIS2_PLACEMENT_3D('',#5333,#4408,#4409);
#3498=AXIS2_PLACEMENT_3D('',#5334,#4410,#4411);
#3499=AXIS2_PLACEMENT_3D('',#5335,#4412,#4413);
#3500=AXIS2_PLACEMENT_3D('',#5336,#4414,#4415);
#3501=AXIS2_PLACEMENT_3D('',#5337,#4416,#4417);
#3502=DIRECTION('',(0.,0.,1.));
#3503=DIRECTION('',(1.,0.,0.));
#3504=DIRECTION('',(0.,0.,1.));
#3505=DIRECTION('',(1.,0.,0.));
#3506=DIRECTION('',(-1.,0.,0.));
#3507=DIRECTION('',(0.,0.,1.));
#3508=DIRECTION('',(1.,0.,0.));
#3509=DIRECTION('',(0.,-1.,0.));
#3510=DIRECTION('',(-1.,0.,0.));
#3511=DIRECTION('',(0.,-1.,0.));
#3512=DIRECTION('',(0.,0.,1.));
#3513=DIRECTION('',(1.,0.,0.));
#3514=DIRECTION('',(1.,0.,0.));
#3515=DIRECTION('',(-1.020425574104E-16,-1.,0.));
#3516=DIRECTION('',(1.,0.,0.));
#3517=DIRECTION('',(0.,0.,1.));
#3518=DIRECTION('',(1.,0.,0.));
#3519=DIRECTION('',(0.,1.,0.));
#3520=DIRECTION('',(-1.,0.,0.));
#3521=DIRECTION('',(0.,1.,0.));
#3522=DIRECTION('',(0.,0.,1.));
#3523=DIRECTION('',(1.,0.,0.));
#3524=DIRECTION('',(-1.,0.,0.));
#3525=DIRECTION('',(-1.020425574104E-16,-1.,0.));
#3526=DIRECTION('',(2.97041691091919E-16,-1.,0.));
#3527=DIRECTION('',(-1.,5.67396141871026E-16,0.));
#3528=DIRECTION('',(0.,0.,-1.));
#3529=DIRECTION('',(1.,-5.67396141871026E-16,0.));
#3530=DIRECTION('',(5.67396141871026E-16,1.,0.));
#3531=DIRECTION('',(0.,0.,-1.));
#3532=DIRECTION('',(1.,-5.67396141871026E-16,0.));
#3533=DIRECTION('',(1.,-5.67396141871026E-16,0.));
#3534=DIRECTION('',(0.,0.,-1.));
#3535=DIRECTION('',(1.,-5.67396141871026E-16,0.));
#3536=DIRECTION('',(-5.67396141871026E-16,-1.,0.));
#3537=DIRECTION('',(-1.,0.,0.));
#3538=DIRECTION('',(5.67396141871026E-16,-1.,0.));
#3539=DIRECTION('',(0.,0.,1.));
#3540=DIRECTION('',(-1.,-5.67396141871026E-16,0.));
#3541=DIRECTION('',(-1.,-5.67396141871026E-16,0.));
#3542=DIRECTION('',(0.,0.,1.));
#3543=DIRECTION('',(-1.,-5.67396141871026E-16,0.));
#3544=DIRECTION('',(-5.67396141871026E-16,1.,0.));
#3545=DIRECTION('',(0.,0.,1.));
#3546=DIRECTION('',(-1.,-5.67396141871026E-16,0.));
#3547=DIRECTION('',(1.,5.67396141871026E-16,0.));
#3548=DIRECTION('',(2.97041691091919E-16,-1.,0.));
#3549=DIRECTION('',(1.,0.,0.));
#3550=DIRECTION('',(0.,0.,-1.));
#3551=DIRECTION('',(-1.,0.,0.));
#3552=DIRECTION('',(0.,-1.,0.));
#3553=DIRECTION('',(0.,0.,-1.));
#3554=DIRECTION('',(-1.,0.,0.));
#3555=DIRECTION('',(-1.,0.,0.));
#3556=DIRECTION('',(0.,0.,-1.));
#3557=DIRECTION('',(-1.,0.,0.));
#3558=DIRECTION('',(0.,1.,0.));
#3559=DIRECTION('',(-1.,-1.38777878078145E-16,0.));
#3560=DIRECTION('',(0.,1.,0.));
#3561=DIRECTION('',(0.,0.,1.));
#3562=DIRECTION('',(1.,0.,0.));
#3563=DIRECTION('',(1.,0.,0.));
#3564=DIRECTION('',(0.,0.,1.));
#3565=DIRECTION('',(1.,0.,0.));
#3566=DIRECTION('',(0.,-1.,0.));
#3567=DIRECTION('',(0.,0.,1.));
#3568=DIRECTION('',(1.,0.,0.));
#3569=DIRECTION('',(-1.,0.,0.));
#3570=DIRECTION('',(3.56755470637904E-16,-1.,0.));
#3571=DIRECTION('',(1.,-5.40693031473291E-16,0.));
#3572=DIRECTION('',(0.,0.,-1.));
#3573=DIRECTION('',(1.,-5.40693031473291E-16,0.));
#3574=DIRECTION('',(5.40693031473291E-16,1.,0.));
#3575=DIRECTION('',(0.,0.,-1.));
#3576=DIRECTION('',(1.,-5.40693031473291E-16,0.));
#3577=DIRECTION('',(1.,-5.40693031473291E-16,0.));
#3578=DIRECTION('',(0.,0.,-1.));
#3579=DIRECTION('',(1.,-5.40693031473291E-16,0.));
#3580=DIRECTION('',(5.40693031473291E-16,1.,0.));
#3581=DIRECTION('',(-1.,-1.19274166390044E-16,0.));
#3582=DIRECTION('',(-5.40693031473291E-16,1.,0.));
#3583=DIRECTION('',(0.,0.,1.));
#3584=DIRECTION('',(-1.,-5.40693031473291E-16,0.));
#3585=DIRECTION('',(-1.,-5.40693031473291E-16,0.));
#3586=DIRECTION('',(0.,0.,1.));
#3587=DIRECTION('',(-1.,-5.40693031473291E-16,0.));
#3588=DIRECTION('',(-5.40693031473291E-16,1.,0.));
#3589=DIRECTION('',(0.,0.,1.));
#3590=DIRECTION('',(-1.,-5.40693031473291E-16,0.));
#3591=DIRECTION('',(-1.,-5.40693031473291E-16,0.));
#3592=DIRECTION('',(3.56755470637904E-16,-1.,0.));
#3593=DIRECTION('',(-1.,0.,0.));
#3594=DIRECTION('',(0.,0.,-1.));
#3595=DIRECTION('',(-1.,0.,0.));
#3596=DIRECTION('',(0.,-1.,0.));
#3597=DIRECTION('',(0.,0.,-1.));
#3598=DIRECTION('',(-1.,0.,0.));
#3599=DIRECTION('',(-1.,0.,0.));
#3600=DIRECTION('',(0.,0.,-1.));
#3601=DIRECTION('',(-1.,0.,0.));
#3602=DIRECTION('',(0.,-1.,0.));
#3603=DIRECTION('',(-1.,0.,0.));
#3604=DIRECTION('',(0.,-1.,0.));
#3605=DIRECTION('',(0.,0.,1.));
#3606=DIRECTION('',(1.,0.,0.));
#3607=DIRECTION('',(1.,0.,0.));
#3608=DIRECTION('',(0.,0.,1.));
#3609=DIRECTION('',(1.,0.,0.));
#3610=DIRECTION('',(0.,-1.,0.));
#3611=DIRECTION('',(0.,0.,1.));
#3612=DIRECTION('',(1.,0.,0.));
#3613=DIRECTION('',(1.,0.,0.));
#3614=DIRECTION('',(0.,0.,1.));
#3615=DIRECTION('',(1.,0.,0.));
#3616=DIRECTION('',(1.,0.,0.));
#3617=DIRECTION('',(0.,0.,1.));
#3618=DIRECTION('',(1.,0.,0.));
#3619=DIRECTION('',(9.91270557701033E-17,1.,0.));
#3620=DIRECTION('',(0.,0.,1.));
#3621=DIRECTION('',(1.,0.,0.));
#3622=DIRECTION('',(-1.,0.,0.));
#3623=DIRECTION('',(0.,0.,1.));
#3624=DIRECTION('',(1.,0.,0.));
#3625=DIRECTION('',(-9.91270557701033E-17,-1.,0.));
#3626=DIRECTION('',(0.,0.,1.));
#3627=DIRECTION('',(1.,0.,0.));
#3628=DIRECTION('',(0.,0.,-1.));
#3629=DIRECTION('',(-1.,0.,0.));
#3630=DIRECTION('',(0.,0.,-1.));
#3631=DIRECTION('',(-1.,0.,0.));
#3632=DIRECTION('',(0.,0.,-1.));
#3633=DIRECTION('',(-1.,0.,0.));
#3634=DIRECTION('',(0.,0.,-1.));
#3635=DIRECTION('',(-1.,0.,0.));
#3636=DIRECTION('',(3.21245088143853E-16,-1.,0.));
#3637=DIRECTION('',(-1.,0.,0.));
#3638=DIRECTION('',(3.21245088143853E-16,-1.,0.));
#3639=DIRECTION('',(-1.,-1.18546023415272E-16,0.));
#3640=DIRECTION('',(-1.,-1.19274166390044E-16,0.));
#3641=DIRECTION('',(3.56755470637904E-16,-1.,0.));
#3642=DIRECTION('',(-1.,0.,0.));
#3643=DIRECTION('',(3.56755470637904E-16,-1.,0.));
#3644=DIRECTION('',(-1.,-2.97041691091919E-16,0.));
#3645=DIRECTION('',(2.97041691091919E-16,-1.,0.));
#3646=DIRECTION('',(2.97041691091919E-16,-1.,0.));
#3647=DIRECTION('',(0.,0.,1.));
#3648=DIRECTION('',(2.97041691091919E-16,-1.,0.));
#3649=DIRECTION('',(0.,0.,-1.));
#3650=DIRECTION('',(0.,0.,-1.));
#3651=DIRECTION('',(2.97041691091919E-16,-1.,0.));
#3652=DIRECTION('',(0.,0.,1.));
#3653=DIRECTION('',(0.,1.,0.));
#3654=DIRECTION('',(0.,0.,1.));
#3655=DIRECTION('',(-1.,0.,0.));
#3656=DIRECTION('',(-1.,0.,0.));
#3657=DIRECTION('',(0.,0.,-1.));
#3658=DIRECTION('',(0.,0.,-1.));
#3659=DIRECTION('',(-1.,0.,0.));
#3660=DIRECTION('',(0.,0.,1.));
#3661=DIRECTION('',(-1.,-2.97041691091919E-16,0.));
#3662=DIRECTION('',(2.97041691091919E-16,-1.,0.));
#3663=DIRECTION('',(0.,0.,1.));
#3664=DIRECTION('',(2.97041691091919E-16,-1.,0.));
#3665=DIRECTION('',(2.97041691091919E-16,-1.,0.));
#3666=DIRECTION('',(0.,0.,1.));
#3667=DIRECTION('',(0.,0.,1.));
#3668=DIRECTION('',(2.97041691091919E-16,-1.,0.));
#3669=DIRECTION('',(-1.38777878078145E-16,1.,0.));
#3670=DIRECTION('',(-1.,-1.38777878078145E-16,0.));
#3671=DIRECTION('',(-1.,-1.38777878078145E-16,0.));
#3672=DIRECTION('',(-1.,-1.38777878078145E-16,0.));
#3673=DIRECTION('',(0.,0.,1.));
#3674=DIRECTION('',(0.,0.,1.));
#3675=DIRECTION('',(-1.,-1.38777878078145E-16,0.));
#3676=DIRECTION('',(0.,0.,1.));
#3677=DIRECTION('',(1.,0.,0.));
#3678=DIRECTION('',(0.,0.,1.));
#3679=DIRECTION('',(1.,0.,0.));
#3680=DIRECTION('',(0.,0.,1.));
#3681=DIRECTION('',(0.,0.,-1.));
#3682=DIRECTION('',(-1.,0.,0.));
#3683=DIRECTION('',(0.,0.,1.));
#3684=DIRECTION('',(1.,0.,0.));
#3685=DIRECTION('',(0.,0.,-1.));
#3686=DIRECTION('',(0.,-1.,0.));
#3687=DIRECTION('',(0.,0.,1.));
#3688=DIRECTION('',(0.,1.,0.));
#3689=DIRECTION('',(0.,0.,1.));
#3690=DIRECTION('',(1.,0.,0.));
#3691=DIRECTION('',(0.,0.,1.));
#3692=DIRECTION('',(1.,0.,0.));
#3693=DIRECTION('',(0.,0.,1.));
#3694=DIRECTION('',(1.,0.,0.));
#3695=DIRECTION('',(1.,0.,0.));
#3696=DIRECTION('',(0.,0.,-1.));
#3697=DIRECTION('',(0.,-1.,0.));
#3698=DIRECTION('',(0.,0.,1.));
#3699=DIRECTION('',(0.,1.,0.));
#3700=DIRECTION('',(0.,0.,1.));
#3701=DIRECTION('',(0.,0.,1.));
#3702=DIRECTION('',(1.,0.,0.));
#3703=DIRECTION('',(0.,0.,1.));
#3704=DIRECTION('',(1.,0.,0.));
#3705=DIRECTION('',(0.,0.,1.));
#3706=DIRECTION('',(0.,0.,1.));
#3707=DIRECTION('',(1.,0.,0.));
#3708=DIRECTION('',(0.,1.,0.));
#3709=DIRECTION('',(0.,0.,1.));
#3710=DIRECTION('',(1.,0.,0.));
#3711=DIRECTION('',(0.,0.,1.));
#3712=DIRECTION('',(-1.,0.,0.));
#3713=DIRECTION('',(0.,0.,1.));
#3714=DIRECTION('',(1.,0.,0.));
#3715=DIRECTION('',(0.,0.,1.));
#3716=DIRECTION('',(1.,0.,0.));
#3717=DIRECTION('',(0.,0.,1.));
#3718=DIRECTION('',(1.,0.,0.));
#3719=DIRECTION('',(0.,0.,1.));
#3720=DIRECTION('',(1.,0.,0.));
#3721=DIRECTION('',(0.,0.,1.));
#3722=DIRECTION('',(0.,0.,1.));
#3723=DIRECTION('',(1.,0.,0.));
#3724=DIRECTION('',(0.,0.,1.));
#3725=DIRECTION('',(0.,0.,1.));
#3726=DIRECTION('',(-1.,-5.67396141871026E-16,0.));
#3727=DIRECTION('',(0.,0.,1.));
#3728=DIRECTION('',(1.,0.,0.));
#3729=DIRECTION('',(0.,0.,1.));
#3730=DIRECTION('',(1.,0.,0.));
#3731=DIRECTION('',(0.,0.,1.));
#3732=DIRECTION('',(1.,0.,0.));
#3733=DIRECTION('',(5.67396141871026E-16,1.,0.));
#3734=DIRECTION('',(-1.,5.67396141871026E-16,0.));
#3735=DIRECTION('',(1.,-5.67396141871026E-16,0.));
#3736=DIRECTION('',(0.,0.,1.));
#3737=DIRECTION('',(-1.,5.67396141871026E-16,0.));
#3738=DIRECTION('',(0.,0.,1.));
#3739=DIRECTION('',(0.,0.,1.));
#3740=DIRECTION('',(1.,0.,0.));
#3741=DIRECTION('',(0.,0.,1.));
#3742=DIRECTION('',(1.,0.,0.));
#3743=DIRECTION('',(0.,0.,1.));
#3744=DIRECTION('',(0.,0.,-1.));
#3745=DIRECTION('',(1.,-5.67396141871026E-16,0.));
#3746=DIRECTION('',(0.,0.,1.));
#3747=DIRECTION('',(1.,0.,0.));
#3748=DIRECTION('',(0.,0.,1.));
#3749=DIRECTION('',(1.,0.,0.));
#3750=DIRECTION('',(0.,0.,1.));
#3751=DIRECTION('',(1.,0.,0.));
#3752=DIRECTION('',(0.,0.,1.));
#3753=DIRECTION('',(1.,0.,0.));
#3754=DIRECTION('',(-1.020425574104E-16,-1.,0.));
#3755=DIRECTION('',(-1.,1.83697019872067E-16,0.));
#3756=DIRECTION('',(-9.91270557701033E-17,-1.,0.));
#3757=DIRECTION('',(-1.,9.91270557701033E-17,0.));
#3758=DIRECTION('',(1.,-1.020425574104E-16,0.));
#3759=DIRECTION('',(1.020425574104E-16,1.,0.));
#3760=DIRECTION('',(1.,-1.020425574104E-16,0.));
#3761=DIRECTION('',(1.020425574104E-16,1.,0.));
#3762=DIRECTION('',(1.,-1.020425574104E-16,0.));
#3763=DIRECTION('',(1.020425574104E-16,1.,0.));
#3764=DIRECTION('',(1.020425574104E-16,1.,0.));
#3765=DIRECTION('',(1.,-1.020425574104E-16,0.));
#3766=DIRECTION('',(1.020425574104E-16,1.,0.));
#3767=DIRECTION('',(-1.020425574104E-16,-1.,0.));
#3768=DIRECTION('',(0.,0.,-1.));
#3769=DIRECTION('',(0.,0.,-1.));
#3770=DIRECTION('',(-1.020425574104E-16,-1.,0.));
#3771=DIRECTION('',(0.,0.,1.));
#3772=DIRECTION('',(1.,0.,0.));
#3773=DIRECTION('',(-9.91270557701033E-17,-1.,0.));
#3774=DIRECTION('',(-1.,1.83697019872067E-16,0.));
#3775=DIRECTION('',(-1.020425574104E-16,-1.,0.));
#3776=DIRECTION('',(0.,0.,1.));
#3777=DIRECTION('',(1.,0.,0.));
#3778=DIRECTION('',(-1.,0.,0.));
#3779=DIRECTION('',(-1.,0.,0.));
#3780=DIRECTION('',(-1.,0.,0.));
#3781=DIRECTION('',(0.,0.,1.));
#3782=DIRECTION('',(1.,0.,0.));
#3783=DIRECTION('',(-1.020425574104E-16,-1.,0.));
#3784=DIRECTION('',(-1.020425574104E-16,-1.,0.));
#3785=DIRECTION('',(-1.020425574104E-16,-1.,0.));
#3786=DIRECTION('',(0.,0.,1.));
#3787=DIRECTION('',(1.,0.,0.));
#3788=DIRECTION('',(-1.,0.,0.));
#3789=DIRECTION('',(-1.,0.,0.));
#3790=DIRECTION('',(-1.,0.,0.));
#3791=DIRECTION('',(0.,0.,1.));
#3792=DIRECTION('',(1.,0.,0.));
#3793=DIRECTION('',(-1.020425574104E-16,-1.,0.));
#3794=DIRECTION('',(-1.,9.91270557701033E-17,0.));
#3795=DIRECTION('',(-9.91270557701033E-17,-1.,0.));
#3796=DIRECTION('',(0.,0.,1.));
#3797=DIRECTION('',(1.,0.,0.));
#3798=DIRECTION('',(-1.,0.,0.));
#3799=DIRECTION('',(0.,0.,1.));
#3800=DIRECTION('',(1.,0.,0.));
#3801=DIRECTION('',(-9.91270557701033E-17,-1.,0.));
#3802=DIRECTION('',(0.,0.,1.));
#3803=DIRECTION('',(1.,0.,0.));
#3804=DIRECTION('',(-1.,0.,0.));
#3805=DIRECTION('',(0.,0.,1.));
#3806=DIRECTION('',(1.,0.,0.));
#3807=DIRECTION('',(1.,0.,0.));
#3808=DIRECTION('',(0.,0.,-1.));
#3809=DIRECTION('',(0.,0.,-1.));
#3810=DIRECTION('',(0.,0.,-1.));
#3811=DIRECTION('',(0.,-1.,0.));
#3812=DIRECTION('',(0.,0.,-1.));
#3813=DIRECTION('',(0.,-1.,0.));
#3814=DIRECTION('',(0.,0.,-1.));
#3815=DIRECTION('',(0.,0.,-1.));
#3816=DIRECTION('',(0.,0.,-1.));
#3817=DIRECTION('',(-1.,0.,0.));
#3818=DIRECTION('',(0.,0.,-1.));
#3819=DIRECTION('',(-1.,0.,0.));
#3820=DIRECTION('',(0.,0.,1.));
#3821=DIRECTION('',(1.,0.,0.));
#3822=DIRECTION('',(0.,0.,1.));
#3823=DIRECTION('',(1.,0.,0.));
#3824=DIRECTION('',(0.,0.,1.));
#3825=DIRECTION('',(1.,0.,0.));
#3826=DIRECTION('',(0.,0.,-1.));
#3827=DIRECTION('',(-1.,0.,0.));
#3828=DIRECTION('',(0.,-1.,0.));
#3829=DIRECTION('',(0.,0.,-1.));
#3830=DIRECTION('',(0.,0.,-1.));
#3831=DIRECTION('',(1.,0.,0.));
#3832=DIRECTION('',(0.,0.,-1.));
#3833=DIRECTION('',(0.,0.,-1.));
#3834=DIRECTION('',(0.,-1.,0.));
#3835=DIRECTION('',(0.,0.,-1.));
#3836=DIRECTION('',(0.,0.,-1.));
#3837=DIRECTION('',(-1.,0.,0.));
#3838=DIRECTION('',(0.,0.,-1.));
#3839=DIRECTION('',(0.,0.,-1.));
#3840=DIRECTION('',(-1.,0.,0.));
#3841=DIRECTION('',(0.,1.,0.));
#3842=DIRECTION('',(0.,0.,1.));
#3843=DIRECTION('',(1.,0.,0.));
#3844=DIRECTION('',(0.,0.,-1.));
#3845=DIRECTION('',(0.,0.,-1.));
#3846=DIRECTION('',(0.,0.,1.));
#3847=DIRECTION('',(1.,0.,0.));
#3848=DIRECTION('',(0.,0.,1.));
#3849=DIRECTION('',(1.,0.,0.));
#3850=DIRECTION('',(0.,0.,-1.));
#3851=DIRECTION('',(-1.,0.,0.));
#3852=DIRECTION('',(1.,-1.020425574104E-16,0.));
#3853=DIRECTION('',(1.020425574104E-16,1.,0.));
#3854=DIRECTION('',(0.,0.,-1.));
#3855=DIRECTION('',(-1.,0.,0.));
#3856=DIRECTION('',(0.,0.,1.));
#3857=DIRECTION('',(0.,0.,-1.));
#3858=DIRECTION('',(0.,0.,-1.));
#3859=DIRECTION('',(0.,1.,0.));
#3860=DIRECTION('',(0.,0.,-1.));
#3861=DIRECTION('',(0.,1.,0.));
#3862=DIRECTION('',(0.,0.,1.));
#3863=DIRECTION('',(0.,0.,-1.));
#3864=DIRECTION('',(0.,0.,-1.));
#3865=DIRECTION('',(1.,0.,0.));
#3866=DIRECTION('',(0.,0.,-1.));
#3867=DIRECTION('',(-1.,0.,0.));
#3868=DIRECTION('',(0.,0.,1.));
#3869=DIRECTION('',(-1.,0.,0.));
#3870=DIRECTION('',(0.,0.,1.));
#3871=DIRECTION('',(1.,0.,0.));
#3872=DIRECTION('',(0.,0.,1.));
#3873=DIRECTION('',(1.,0.,0.));
#3874=DIRECTION('',(0.,0.,-1.));
#3875=DIRECTION('',(-1.,0.,0.));
#3876=DIRECTION('',(-1.,0.,0.));
#3877=DIRECTION('',(0.,0.,1.));
#3878=DIRECTION('',(0.,0.,-1.));
#3879=DIRECTION('',(0.,0.,-1.));
#3880=DIRECTION('',(0.,1.,0.));
#3881=DIRECTION('',(0.,0.,-1.));
#3882=DIRECTION('',(0.,0.,-1.));
#3883=DIRECTION('',(-1.,0.,0.));
#3884=DIRECTION('',(0.,0.,-1.));
#3885=DIRECTION('',(0.,0.,-1.));
#3886=DIRECTION('',(1.,0.,0.));
#3887=DIRECTION('',(0.,-1.,0.));
#3888=DIRECTION('',(0.,0.,-1.));
#3889=DIRECTION('',(-1.,0.,0.));
#3890=DIRECTION('',(0.,0.,-1.));
#3891=DIRECTION('',(0.,0.,1.));
#3892=DIRECTION('',(1.,0.,0.));
#3893=DIRECTION('',(0.,0.,1.));
#3894=DIRECTION('',(1.,0.,0.));
#3895=DIRECTION('',(0.,0.,-1.));
#3896=DIRECTION('',(-1.,0.,0.));
#3897=DIRECTION('',(0.,-1.,0.));
#3898=DIRECTION('',(0.,0.,-1.));
#3899=DIRECTION('',(0.,-1.,0.));
#3900=DIRECTION('',(0.,0.,-1.));
#3901=DIRECTION('',(-1.,0.,0.));
#3902=DIRECTION('',(0.,0.,-1.));
#3903=DIRECTION('',(0.,0.,-1.));
#3904=DIRECTION('',(-1.,0.,0.));
#3905=DIRECTION('',(0.,0.,1.));
#3906=DIRECTION('',(1.,0.,0.));
#3907=DIRECTION('',(0.,0.,-1.));
#3908=DIRECTION('',(1.,0.,0.));
#3909=DIRECTION('',(0.,0.,-1.));
#3910=DIRECTION('',(0.,-1.,0.));
#3911=DIRECTION('',(0.,0.,1.));
#3912=DIRECTION('',(1.,0.,0.));
#3913=DIRECTION('',(1.,0.,0.));
#3914=DIRECTION('',(0.,0.,-1.));
#3915=DIRECTION('',(0.,0.,-1.));
#3916=DIRECTION('',(0.,-1.,0.));
#3917=DIRECTION('',(0.,0.,-1.));
#3918=DIRECTION('',(-1.,0.,0.));
#3919=DIRECTION('',(0.,0.,-1.));
#3920=DIRECTION('',(0.,0.,-1.));
#3921=DIRECTION('',(-1.,0.,0.));
#3922=DIRECTION('',(0.,1.,0.));
#3923=DIRECTION('',(0.,0.,1.));
#3924=DIRECTION('',(1.,0.,0.));
#3925=DIRECTION('',(0.,0.,1.));
#3926=DIRECTION('',(-1.,0.,0.));
#3927=DIRECTION('',(0.,1.,0.));
#3928=DIRECTION('',(0.,0.,1.));
#3929=DIRECTION('',(1.,0.,0.));
#3930=DIRECTION('',(0.,0.,-1.));
#3931=DIRECTION('',(0.,0.,-1.));
#3932=DIRECTION('',(-1.,0.,0.));
#3933=DIRECTION('',(0.,0.,1.));
#3934=DIRECTION('',(-1.,0.,0.));
#3935=DIRECTION('',(0.,0.,-1.));
#3936=DIRECTION('',(-1.,0.,0.));
#3937=DIRECTION('',(0.,0.,1.));
#3938=DIRECTION('',(0.,1.,0.));
#3939=DIRECTION('',(0.,0.,1.));
#3940=DIRECTION('',(-1.,0.,0.));
#3941=DIRECTION('',(-1.,0.,0.));
#3942=DIRECTION('',(0.,0.,1.));
#3943=DIRECTION('',(0.,0.,-1.));
#3944=DIRECTION('',(0.,1.,0.));
#3945=DIRECTION('',(0.,0.,-1.));
#3946=DIRECTION('',(-1.,0.,0.));
#3947=DIRECTION('',(0.,0.,-1.));
#3948=DIRECTION('',(0.,0.,-1.));
#3949=DIRECTION('',(1.,0.,0.));
#3950=DIRECTION('',(0.,-1.,0.));
#3951=DIRECTION('',(0.,0.,-1.));
#3952=DIRECTION('',(-1.,0.,0.));
#3953=DIRECTION('',(0.,0.,1.));
#3954=DIRECTION('',(1.,0.,0.));
#3955=DIRECTION('',(0.,-1.,0.));
#3956=DIRECTION('',(0.,0.,-1.));
#3957=DIRECTION('',(0.,0.,-1.));
#3958=DIRECTION('',(-1.,0.,0.));
#3959=DIRECTION('',(0.,0.,-1.));
#3960=DIRECTION('',(0.,0.,-1.));
#3961=DIRECTION('',(-1.,0.,0.));
#3962=DIRECTION('',(0.,0.,-1.));
#3963=DIRECTION('',(0.,0.,1.));
#3964=DIRECTION('',(1.,0.,0.));
#3965=DIRECTION('',(1.,-9.91270557701033E-17,0.));
#3966=DIRECTION('',(9.91270557701033E-17,1.,0.));
#3967=DIRECTION('',(0.,0.,-1.));
#3968=DIRECTION('',(-9.91270557701033E-17,-1.,0.));
#3969=DIRECTION('',(-1.,9.91270557701033E-17,0.));
#3970=DIRECTION('',(-9.91270557701033E-17,-1.,0.));
#3971=DIRECTION('',(-9.91270557701033E-17,-1.,0.));
#3972=DIRECTION('',(1.,-9.91270557701033E-17,0.));
#3973=DIRECTION('',(-9.91270557701033E-17,-1.,0.));
#3974=DIRECTION('',(1.,-9.91270557701033E-17,0.));
#3975=DIRECTION('',(9.91270557701033E-17,1.,0.));
#3976=DIRECTION('',(0.,0.,-1.));
#3977=DIRECTION('',(-1.,0.,0.));
#3978=DIRECTION('',(0.,0.,-1.));
#3979=DIRECTION('',(0.,0.,1.));
#3980=DIRECTION('',(1.,0.,0.));
#3981=DIRECTION('',(0.,-1.,0.));
#3982=DIRECTION('',(0.,0.,-1.));
#3983=DIRECTION('',(0.,0.,-1.));
#3984=DIRECTION('',(1.,0.,0.));
#3985=DIRECTION('',(0.,0.,-1.));
#3986=DIRECTION('',(-1.,0.,0.));
#3987=DIRECTION('',(0.,0.,-1.));
#3988=DIRECTION('',(0.,0.,1.));
#3989=DIRECTION('',(1.,0.,0.));
#3990=DIRECTION('',(1.,-9.91270557701033E-17,0.));
#3991=DIRECTION('',(9.91270557701033E-17,1.,0.));
#3992=DIRECTION('',(0.,0.,-1.));
#3993=DIRECTION('',(9.91270557701033E-17,1.,0.));
#3994=DIRECTION('',(0.,0.,-1.));
#3995=DIRECTION('',(-1.,0.,0.));
#3996=DIRECTION('',(0.,0.,1.));
#3997=DIRECTION('',(1.,0.,0.));
#3998=DIRECTION('',(-1.,9.91270557701033E-17,0.));
#3999=DIRECTION('',(-9.91270557701033E-17,-1.,0.));
#4000=DIRECTION('',(-1.,9.91270557701033E-17,0.));
#4001=DIRECTION('',(0.,0.,-1.));
#4002=DIRECTION('',(-1.,0.,0.));
#4003=DIRECTION('',(-1.,9.91270557701033E-17,0.));
#4004=DIRECTION('',(-1.,9.91270557701033E-17,0.));
#4005=DIRECTION('',(-9.91270557701033E-17,-1.,0.));
#4006=DIRECTION('',(-1.,1.83697019872067E-16,0.));
#4007=DIRECTION('',(-1.83697019872067E-16,-1.,0.));
#4008=DIRECTION('',(0.,0.,1.));
#4009=DIRECTION('',(1.,0.,0.));
#4010=DIRECTION('',(0.,0.,1.));
#4011=DIRECTION('',(0.,0.,-1.));
#4012=DIRECTION('',(-1.,0.,0.));
#4013=DIRECTION('',(0.,0.,1.));
#4014=DIRECTION('',(0.,-1.,0.));
#4015=DIRECTION('',(0.,0.,-1.));
#4016=DIRECTION('',(-1.,0.,0.));
#4017=DIRECTION('',(1.,0.,0.));
#4018=DIRECTION('',(0.,0.,1.));
#4019=DIRECTION('',(1.,0.,0.));
#4020=DIRECTION('',(0.,0.,1.));
#4021=DIRECTION('',(0.,0.,-1.));
#4022=DIRECTION('',(-1.,0.,0.));
#4023=DIRECTION('',(0.,1.,0.));
#4024=DIRECTION('',(0.,0.,1.));
#4025=DIRECTION('',(0.,0.,1.));
#4026=DIRECTION('',(-1.,0.,0.));
#4027=DIRECTION('',(0.,0.,1.));
#4028=DIRECTION('',(1.,0.,0.));
#4029=DIRECTION('',(0.,0.,1.));
#4030=DIRECTION('',(0.,0.,-1.));
#4031=DIRECTION('',(-1.,0.,0.));
#4032=DIRECTION('',(-1.,0.,0.));
#4033=DIRECTION('',(0.,0.,1.));
#4034=DIRECTION('',(0.,-1.,0.));
#4035=DIRECTION('',(0.,0.,-1.));
#4036=DIRECTION('',(1.,0.,0.));
#4037=DIRECTION('',(0.,0.,1.));
#4038=DIRECTION('',(1.,0.,0.));
#4039=DIRECTION('',(0.,0.,1.));
#4040=DIRECTION('',(0.,0.,1.));
#4041=DIRECTION('',(1.,0.,0.));
#4042=DIRECTION('',(-1.,0.,0.));
#4043=DIRECTION('',(0.,0.,1.));
#4044=DIRECTION('',(0.,0.,1.));
#4045=DIRECTION('',(0.,-1.,0.));
#4046=DIRECTION('',(0.,0.,1.));
#4047=DIRECTION('',(1.,0.,0.));
#4048=DIRECTION('',(0.,0.,1.));
#4049=DIRECTION('',(0.,0.,1.));
#4050=DIRECTION('',(1.,0.,0.));
#4051=DIRECTION('',(0.,-1.,0.));
#4052=DIRECTION('',(0.,0.,-1.));
#4053=DIRECTION('',(0.,0.,1.));
#4054=DIRECTION('',(1.,0.,0.));
#4055=DIRECTION('',(0.,0.,1.));
#4056=DIRECTION('',(1.,0.,0.));
#4057=DIRECTION('',(0.,0.,1.));
#4058=DIRECTION('',(1.,0.,0.));
#4059=DIRECTION('',(0.,0.,-1.));
#4060=DIRECTION('',(-1.,0.,0.));
#4061=DIRECTION('',(0.,0.,1.));
#4062=DIRECTION('',(1.,0.,0.));
#4063=DIRECTION('',(0.,0.,1.));
#4064=DIRECTION('',(0.,0.,1.));
#4065=DIRECTION('',(-1.,-5.67396141871026E-16,0.));
#4066=DIRECTION('',(0.,0.,1.));
#4067=DIRECTION('',(1.,5.67396141871026E-16,0.));
#4068=DIRECTION('',(-5.67396141871026E-16,1.,0.));
#4069=DIRECTION('',(0.,0.,1.));
#4070=DIRECTION('',(-5.67396141871026E-16,1.,0.));
#4071=DIRECTION('',(0.,0.,1.));
#4072=DIRECTION('',(1.,0.,0.));
#4073=DIRECTION('',(0.,0.,1.));
#4074=DIRECTION('',(0.,0.,1.));
#4075=DIRECTION('',(-1.,-5.67396141871026E-16,0.));
#4076=DIRECTION('',(-5.67396141871026E-16,1.,0.));
#4077=DIRECTION('',(-1.,-5.67396141871026E-16,0.));
#4078=DIRECTION('',(0.,0.,1.));
#4079=DIRECTION('',(-1.,-5.67396141871026E-16,0.));
#4080=DIRECTION('',(0.,0.,1.));
#4081=DIRECTION('',(1.,0.,0.));
#4082=DIRECTION('',(0.,0.,1.));
#4083=DIRECTION('',(0.,0.,1.));
#4084=DIRECTION('',(-1.,-5.67396141871026E-16,0.));
#4085=DIRECTION('',(-1.,-5.67396141871026E-16,0.));
#4086=DIRECTION('',(5.67396141871026E-16,-1.,0.));
#4087=DIRECTION('',(-5.67396141871026E-16,1.,0.));
#4088=DIRECTION('',(5.67396141871026E-16,-1.,0.));
#4089=DIRECTION('',(5.67396141871026E-16,-1.,0.));
#4090=DIRECTION('',(1.,5.67396141871026E-16,0.));
#4091=DIRECTION('',(1.,5.67396141871026E-16,0.));
#4092=DIRECTION('',(-1.,-5.67396141871026E-16,0.));
#4093=DIRECTION('',(0.,0.,-1.));
#4094=DIRECTION('',(1.,5.67396141871026E-16,0.));
#4095=DIRECTION('',(0.,0.,1.));
#4096=DIRECTION('',(1.,0.,0.));
#4097=DIRECTION('',(0.,0.,-1.));
#4098=DIRECTION('',(1.,-5.67396141871026E-16,0.));
#4099=DIRECTION('',(0.,0.,1.));
#4100=DIRECTION('',(-1.,5.67396141871026E-16,0.));
#4101=DIRECTION('',(-5.67396141871026E-16,-1.,0.));
#4102=DIRECTION('',(0.,0.,1.));
#4103=DIRECTION('',(-5.67396141871026E-16,-1.,0.));
#4104=DIRECTION('',(5.67396141871026E-16,1.,0.));
#4105=DIRECTION('',(0.,0.,1.));
#4106=DIRECTION('',(1.,0.,0.));
#4107=DIRECTION('',(0.,0.,1.));
#4108=DIRECTION('',(0.,0.,-1.));
#4109=DIRECTION('',(1.,-5.67396141871026E-16,0.));
#4110=DIRECTION('',(-5.67396141871026E-16,-1.,0.));
#4111=DIRECTION('',(1.,-5.67396141871026E-16,0.));
#4112=DIRECTION('',(0.,0.,1.));
#4113=DIRECTION('',(1.,-5.67396141871026E-16,0.));
#4114=DIRECTION('',(0.,0.,1.));
#4115=DIRECTION('',(1.,0.,0.));
#4116=DIRECTION('',(0.,0.,1.));
#4117=DIRECTION('',(0.,0.,-1.));
#4118=DIRECTION('',(1.,-5.67396141871026E-16,0.));
#4119=DIRECTION('',(1.,-5.67396141871026E-16,0.));
#4120=DIRECTION('',(5.67396141871026E-16,1.,0.));
#4121=DIRECTION('',(5.67396141871026E-16,1.,0.));
#4122=DIRECTION('',(0.,0.,-1.));
#4123=DIRECTION('',(-1.,5.67396141871026E-16,0.));
#4124=DIRECTION('',(0.,0.,1.));
#4125=DIRECTION('',(1.,0.,0.));
#4126=DIRECTION('',(0.,0.,1.));
#4127=DIRECTION('',(1.,0.,0.));
#4128=DIRECTION('',(0.,0.,1.));
#4129=DIRECTION('',(1.,0.,0.));
#4130=DIRECTION('',(0.,0.,1.));
#4131=DIRECTION('',(1.,0.,0.));
#4132=DIRECTION('',(0.,0.,1.));
#4133=DIRECTION('',(1.,0.,0.));
#4134=DIRECTION('',(1.,0.,0.));
#4135=DIRECTION('',(-3.21245088143853E-16,1.,0.));
#4136=DIRECTION('',(1.,1.18546023415272E-16,0.));
#4137=DIRECTION('',(-3.21245088143853E-16,1.,0.));
#4138=DIRECTION('',(-1.,-3.21245088143853E-16,0.));
#4139=DIRECTION('',(3.21245088143853E-16,-1.,0.));
#4140=DIRECTION('',(0.,0.,1.));
#4141=DIRECTION('',(0.,0.,1.));
#4142=DIRECTION('',(-1.18546023415272E-16,1.,0.));
#4143=DIRECTION('',(-1.,-1.18546023415272E-16,0.));
#4144=DIRECTION('',(0.,0.,1.));
#4145=DIRECTION('',(0.,1.,0.));
#4146=DIRECTION('',(0.,0.,1.));
#4147=DIRECTION('',(0.,0.,1.));
#4148=DIRECTION('',(-1.,-3.21245088143853E-16,0.));
#4149=DIRECTION('',(3.21245088143853E-16,-1.,0.));
#4150=DIRECTION('',(0.,1.,0.));
#4151=DIRECTION('',(0.,0.,1.));
#4152=DIRECTION('',(0.,0.,1.));
#4153=DIRECTION('',(-1.,0.,0.));
#4154=DIRECTION('',(0.,0.,1.));
#4155=DIRECTION('',(0.,0.,1.));
#4156=DIRECTION('',(1.,0.,0.));
#4157=DIRECTION('',(0.,0.,1.));
#4158=DIRECTION('',(0.,0.,-1.));
#4159=DIRECTION('',(-1.,0.,0.));
#4160=DIRECTION('',(-1.,0.,0.));
#4161=DIRECTION('',(0.,0.,1.));
#4162=DIRECTION('',(0.,0.,1.));
#4163=DIRECTION('',(0.,-1.,0.));
#4164=DIRECTION('',(0.,0.,1.));
#4165=DIRECTION('',(1.,0.,0.));
#4166=DIRECTION('',(0.,0.,1.));
#4167=DIRECTION('',(0.,0.,-1.));
#4168=DIRECTION('',(-1.,0.,0.));
#4169=DIRECTION('',(0.,1.,0.));
#4170=DIRECTION('',(0.,0.,1.));
#4171=DIRECTION('',(0.,0.,1.));
#4172=DIRECTION('',(-1.,0.,0.));
#4173=DIRECTION('',(0.,0.,1.));
#4174=DIRECTION('',(-1.,0.,0.));
#4175=DIRECTION('',(0.,0.,1.));
#4176=DIRECTION('',(1.,0.,0.));
#4177=DIRECTION('',(0.,0.,-1.));
#4178=DIRECTION('',(-1.,0.,0.));
#4179=DIRECTION('',(0.,0.,1.));
#4180=DIRECTION('',(0.,0.,-1.));
#4181=DIRECTION('',(-1.,0.,0.));
#4182=DIRECTION('',(-1.,0.,0.));
#4183=DIRECTION('',(0.,0.,1.));
#4184=DIRECTION('',(0.,-1.,0.));
#4185=DIRECTION('',(0.,0.,-1.));
#4186=DIRECTION('',(0.,0.,1.));
#4187=DIRECTION('',(0.,-1.,0.));
#4188=DIRECTION('',(0.,0.,1.));
#4189=DIRECTION('',(1.,0.,0.));
#4190=DIRECTION('',(0.,0.,-1.));
#4191=DIRECTION('',(-1.,0.,0.));
#4192=DIRECTION('',(0.,0.,-1.));
#4193=DIRECTION('',(1.,0.,0.));
#4194=DIRECTION('',(0.,0.,1.));
#4195=DIRECTION('',(1.,0.,0.));
#4196=DIRECTION('',(0.,-1.,0.));
#4197=DIRECTION('',(0.,0.,-1.));
#4198=DIRECTION('',(0.,0.,1.));
#4199=DIRECTION('',(1.,0.,0.));
#4200=DIRECTION('',(0.,0.,1.));
#4201=DIRECTION('',(0.,0.,1.));
#4202=DIRECTION('',(1.,0.,0.));
#4203=DIRECTION('',(0.,0.,1.));
#4204=DIRECTION('',(0.,0.,1.));
#4205=DIRECTION('',(1.,0.,0.));
#4206=DIRECTION('',(-1.,0.,0.));
#4207=DIRECTION('',(0.,0.,1.));
#4208=DIRECTION('',(0.,0.,-1.));
#4209=DIRECTION('',(0.,-1.,0.));
#4210=DIRECTION('',(0.,0.,1.));
#4211=DIRECTION('',(0.,-1.,0.));
#4212=DIRECTION('',(0.,0.,1.));
#4213=DIRECTION('',(1.,0.,0.));
#4214=DIRECTION('',(0.,0.,1.));
#4215=DIRECTION('',(1.,0.,0.));
#4216=DIRECTION('',(0.,0.,1.));
#4217=DIRECTION('',(0.,0.,1.));
#4218=DIRECTION('',(1.,0.,0.));
#4219=DIRECTION('',(0.,-1.,0.));
#4220=DIRECTION('',(0.,0.,-1.));
#4221=DIRECTION('',(1.,0.,0.));
#4222=DIRECTION('',(0.,0.,-1.));
#4223=DIRECTION('',(0.,0.,1.));
#4224=DIRECTION('',(1.,0.,0.));
#4225=DIRECTION('',(0.,0.,1.));
#4226=DIRECTION('',(1.,0.,0.));
#4227=DIRECTION('',(0.,0.,1.));
#4228=DIRECTION('',(0.,0.,1.));
#4229=DIRECTION('',(1.,0.,0.));
#4230=DIRECTION('',(-1.,0.,0.));
#4231=DIRECTION('',(0.,0.,1.));
#4232=DIRECTION('',(0.,0.,1.));
#4233=DIRECTION('',(0.,-1.,0.));
#4234=DIRECTION('',(0.,0.,1.));
#4235=DIRECTION('',(1.,0.,0.));
#4236=DIRECTION('',(0.,0.,1.));
#4237=DIRECTION('',(1.,0.,0.));
#4238=DIRECTION('',(0.,0.,-1.));
#4239=DIRECTION('',(-1.,0.,0.));
#4240=DIRECTION('',(0.,0.,1.));
#4241=DIRECTION('',(1.,0.,0.));
#4242=DIRECTION('',(-5.40693031473291E-16,1.,0.));
#4243=DIRECTION('',(-1.,-5.40693031473291E-16,0.));
#4244=DIRECTION('',(0.,0.,1.));
#4245=DIRECTION('',(-1.,-5.40693031473291E-16,0.));
#4246=DIRECTION('',(0.,0.,1.));
#4247=DIRECTION('',(0.,0.,1.));
#4248=DIRECTION('',(1.,0.,0.));
#4249=DIRECTION('',(0.,0.,1.));
#4250=DIRECTION('',(0.,0.,1.));
#4251=DIRECTION('',(-1.,-5.40693031473291E-16,0.));
#4252=DIRECTION('',(1.,5.40693031473291E-16,0.));
#4253=DIRECTION('',(-5.40693031473291E-16,1.,0.));
#4254=DIRECTION('',(0.,0.,1.));
#4255=DIRECTION('',(-5.40693031473291E-16,1.,0.));
#4256=DIRECTION('',(0.,0.,1.));
#4257=DIRECTION('',(-5.40693031473291E-16,1.,0.));
#4258=DIRECTION('',(0.,0.,1.));
#4259=DIRECTION('',(1.,0.,0.));
#4260=DIRECTION('',(0.,0.,1.));
#4261=DIRECTION('',(-1.,-5.40693031473291E-16,0.));
#4262=DIRECTION('',(0.,0.,1.));
#4263=DIRECTION('',(0.,0.,1.));
#4264=DIRECTION('',(-1.,-5.40693031473291E-16,0.));
#4265=DIRECTION('',(-5.40693031473291E-16,1.,0.));
#4266=DIRECTION('',(-1.,-5.40693031473291E-16,0.));
#4267=DIRECTION('',(-1.,-5.40693031473291E-16,0.));
#4268=DIRECTION('',(0.,0.,1.));
#4269=DIRECTION('',(0.,0.,1.));
#4270=DIRECTION('',(-1.,-5.40693031473291E-16,0.));
#4271=DIRECTION('',(0.,0.,1.));
#4272=DIRECTION('',(1.,0.,0.));
#4273=DIRECTION('',(0.,0.,1.));
#4274=DIRECTION('',(0.,0.,1.));
#4275=DIRECTION('',(-1.,-5.40693031473291E-16,0.));
#4276=DIRECTION('',(1.,5.40693031473291E-16,0.));
#4277=DIRECTION('',(-5.40693031473291E-16,1.,0.));
#4278=DIRECTION('',(0.,0.,1.));
#4279=DIRECTION('',(-5.40693031473291E-16,1.,0.));
#4280=DIRECTION('',(0.,0.,1.));
#4281=DIRECTION('',(1.,0.,0.));
#4282=DIRECTION('',(0.,0.,1.));
#4283=DIRECTION('',(-1.,-5.40693031473291E-16,0.));
#4284=DIRECTION('',(0.,0.,-1.));
#4285=DIRECTION('',(1.,5.40693031473291E-16,0.));
#4286=DIRECTION('',(0.,0.,1.));
#4287=DIRECTION('',(1.,0.,0.));
#4288=DIRECTION('',(-5.40693031473291E-16,-1.,0.));
#4289=DIRECTION('',(1.,-5.40693031473291E-16,0.));
#4290=DIRECTION('',(0.,0.,1.));
#4291=DIRECTION('',(1.,-5.40693031473291E-16,0.));
#4292=DIRECTION('',(0.,0.,1.));
#4293=DIRECTION('',(0.,0.,1.));
#4294=DIRECTION('',(1.,0.,0.));
#4295=DIRECTION('',(0.,0.,1.));
#4296=DIRECTION('',(0.,0.,-1.));
#4297=DIRECTION('',(1.,-5.40693031473291E-16,0.));
#4298=DIRECTION('',(1.,-5.40693031473291E-16,0.));
#4299=DIRECTION('',(5.40693031473291E-16,1.,0.));
#4300=DIRECTION('',(0.,0.,1.));
#4301=DIRECTION('',(5.40693031473291E-16,1.,0.));
#4302=DIRECTION('',(0.,0.,1.));
#4303=DIRECTION('',(1.,0.,0.));
#4304=DIRECTION('',(0.,0.,1.));
#4305=DIRECTION('',(0.,0.,-1.));
#4306=DIRECTION('',(1.,-5.40693031473291E-16,0.));
#4307=DIRECTION('',(-5.40693031473291E-16,-1.,0.));
#4308=DIRECTION('',(1.,-5.40693031473291E-16,0.));
#4309=DIRECTION('',(0.,0.,-1.));
#4310=DIRECTION('',(1.,-5.40693031473291E-16,0.));
#4311=DIRECTION('',(0.,0.,1.));
#4312=DIRECTION('',(1.,-5.40693031473291E-16,0.));
#4313=DIRECTION('',(0.,0.,1.));
#4314=DIRECTION('',(1.,0.,0.));
#4315=DIRECTION('',(0.,0.,-1.));
#4316=DIRECTION('',(1.,-5.40693031473291E-16,0.));
#4317=DIRECTION('',(0.,0.,1.));
#4318=DIRECTION('',(0.,0.,-1.));
#4319=DIRECTION('',(1.,-5.40693031473291E-16,0.));
#4320=DIRECTION('',(1.,-5.40693031473291E-16,0.));
#4321=DIRECTION('',(5.40693031473291E-16,1.,0.));
#4322=DIRECTION('',(5.40693031473291E-16,1.,0.));
#4323=DIRECTION('',(0.,0.,1.));
#4324=DIRECTION('',(0.,0.,1.));
#4325=DIRECTION('',(5.40693031473291E-16,1.,0.));
#4326=DIRECTION('',(0.,0.,1.));
#4327=DIRECTION('',(1.,0.,0.));
#4328=DIRECTION('',(0.,0.,-1.));
#4329=DIRECTION('',(1.,-5.40693031473291E-16,0.));
#4330=DIRECTION('',(0.,0.,-1.));
#4331=DIRECTION('',(-1.,5.40693031473291E-16,0.));
#4332=DIRECTION('',(0.,0.,1.));
#4333=DIRECTION('',(1.,0.,0.));
#4334=DIRECTION('',(0.,0.,1.));
#4335=DIRECTION('',(1.,0.,0.));
#4336=DIRECTION('',(0.,0.,-1.));
#4337=DIRECTION('',(-1.,0.,0.));
#4338=DIRECTION('',(0.,0.,1.));
#4339=DIRECTION('',(1.,0.,0.));
#4340=DIRECTION('',(0.,0.,-1.));
#4341=DIRECTION('',(-1.,0.,0.));
#4342=DIRECTION('',(0.,0.,1.));
#4343=DIRECTION('',(1.,0.,0.));
#4344=DIRECTION('',(0.,0.,-1.));
#4345=DIRECTION('',(-1.,0.,0.));
#4346=DIRECTION('',(0.,0.,1.));
#4347=DIRECTION('',(1.,0.,0.));
#4348=DIRECTION('',(0.,0.,-1.));
#4349=DIRECTION('',(-1.,0.,0.));
#4350=DIRECTION('',(0.,0.,-1.));
#4351=DIRECTION('',(1.,0.,0.));
#4352=DIRECTION('',(3.56755470637904E-16,-1.,0.));
#4353=DIRECTION('',(-1.,0.,0.));
#4354=DIRECTION('',(0.,0.,-1.));
#4355=DIRECTION('',(-1.,0.,0.));
#4356=DIRECTION('',(-1.,0.,0.));
#4357=DIRECTION('',(3.56755470637904E-16,-1.,0.));
#4358=DIRECTION('',(0.,0.,-1.));
#4359=DIRECTION('',(1.,5.40693031473291E-16,0.));
#4360=DIRECTION('',(-1.,-1.19274166390044E-16,0.));
#4361=DIRECTION('',(3.56755470637904E-16,-1.,0.));
#4362=DIRECTION('',(0.,0.,-1.));
#4363=DIRECTION('',(-1.,5.40693031473291E-16,0.));
#4364=DIRECTION('',(3.56755470637904E-16,-1.,0.));
#4365=DIRECTION('',(-1.,-1.19274166390044E-16,0.));
#4366=DIRECTION('',(0.,1.,0.));
#4367=DIRECTION('',(0.,0.,1.));
#4368=DIRECTION('',(0.,0.,1.));
#4369=DIRECTION('',(0.,0.,1.));
#4370=DIRECTION('',(-1.,-3.56755470637904E-16,0.));
#4371=DIRECTION('',(3.56755470637904E-16,-1.,0.));
#4372=DIRECTION('',(0.,0.,1.));
#4373=DIRECTION('',(-1.19274166390044E-16,1.,0.));
#4374=DIRECTION('',(-1.,-1.19274166390044E-16,0.));
#4375=DIRECTION('',(0.,0.,1.));
#4376=DIRECTION('',(-1.,-3.56755470637904E-16,0.));
#4377=DIRECTION('',(3.56755470637904E-16,-1.,0.));
#4378=DIRECTION('',(0.,0.,1.));
#4379=DIRECTION('',(1.,0.,0.));
#4380=DIRECTION('',(0.,0.,1.));
#4381=DIRECTION('',(1.,0.,0.));
#4382=DIRECTION('',(0.,0.,1.));
#4383=DIRECTION('',(1.,0.,0.));
#4384=DIRECTION('',(0.,0.,1.));
#4385=DIRECTION('',(1.,0.,0.));
#4386=DIRECTION('',(0.,0.,1.));
#4387=DIRECTION('',(1.,0.,0.));
#4388=DIRECTION('',(1.,0.,0.));
#4389=DIRECTION('',(0.,0.,-1.));
#4390=DIRECTION('',(0.,-1.,0.));
#4391=DIRECTION('',(0.,0.,-1.));
#4392=DIRECTION('',(9.91270557701033E-17,1.,0.));
#4393=DIRECTION('',(-1.,9.91270557701033E-17,0.));
#4394=DIRECTION('',(6.93889390390723E-15,-1.,0.));
#4395=DIRECTION('',(1.,6.93889390390723E-15,0.));
#4396=DIRECTION('',(1.,0.,0.));
#4397=DIRECTION('',(0.,0.,-1.));
#4398=DIRECTION('',(1.,0.,0.));
#4399=DIRECTION('',(0.,0.,-1.));
#4400=DIRECTION('',(0.,0.,1.));
#4401=DIRECTION('',(1.,0.,0.));
#4402=DIRECTION('',(1.,0.,0.));
#4403=DIRECTION('',(0.,0.,-1.));
#4404=DIRECTION('',(0.,0.,1.));
#4405=DIRECTION('',(1.,0.,0.));
#4406=DIRECTION('',(3.46944695195361E-15,-1.,0.));
#4407=DIRECTION('',(1.,3.46944695195361E-15,0.));
#4408=DIRECTION('',(1.,0.,0.));
#4409=DIRECTION('',(0.,0.,-1.));
#4410=DIRECTION('',(1.,0.,0.));
#4411=DIRECTION('',(0.,0.,-1.));
#4412=DIRECTION('',(9.91270557701033E-17,1.,0.));
#4413=DIRECTION('',(-1.,9.91270557701033E-17,0.));
#4414=DIRECTION('',(0.,-1.,0.));
#4415=DIRECTION('',(0.,0.,-1.));
#4416=DIRECTION('',(0.,0.,1.));
#4417=DIRECTION('',(1.,0.,0.));
#4418=CARTESIAN_POINT('',(0.,0.,0.));
#4419=CARTESIAN_POINT('',(0.,0.,0.013));
#4420=CARTESIAN_POINT('',(-0.029,0.063,0.013));
#4421=CARTESIAN_POINT('',(-0.025,0.063,0.013));
#4422=CARTESIAN_POINT('',(-0.033,0.063,0.013));
#4423=CARTESIAN_POINT('',(-0.025,0.065,0.013));
#4424=CARTESIAN_POINT('',(-0.023,0.065,0.013));
#4425=CARTESIAN_POINT('',(-0.023,0.069,0.013));
#4426=CARTESIAN_POINT('',(-0.023,0.073,0.013));
#4427=CARTESIAN_POINT('',(3.46944695195361E-18,0.073,0.013));
#4428=CARTESIAN_POINT('',(0.023,0.073,0.013));
#4429=CARTESIAN_POINT('',(0.023,0.069,0.013));
#4430=CARTESIAN_POINT('',(0.023,0.065,0.013));
#4431=CARTESIAN_POINT('',(0.025,0.065,0.013));
#4432=CARTESIAN_POINT('',(0.025,0.063,0.013));
#4433=CARTESIAN_POINT('',(0.029,0.063,0.013));
#4434=CARTESIAN_POINT('',(0.033,0.063,0.013));
#4435=CARTESIAN_POINT('',(0.033,0.,0.013));
#4436=CARTESIAN_POINT('',(0.033,-0.063,0.013));
#4437=CARTESIAN_POINT('',(0.029,-0.063,0.013));
#4438=CARTESIAN_POINT('',(0.025,-0.063,0.013));
#4439=CARTESIAN_POINT('',(0.025,-0.065,0.013));
#4440=CARTESIAN_POINT('',(0.023,-0.065,0.013));
#4441=CARTESIAN_POINT('',(0.023,-0.069,0.013));
#4442=CARTESIAN_POINT('',(0.023,-0.073,0.013));
#4443=CARTESIAN_POINT('',(-3.46944695195361E-18,-0.073,0.013));
#4444=CARTESIAN_POINT('',(-0.023,-0.073,0.013));
#4445=CARTESIAN_POINT('',(-0.023,-0.069,0.013));
#4446=CARTESIAN_POINT('',(-0.023,-0.065,0.013));
#4447=CARTESIAN_POINT('',(-0.025,-0.065,0.013));
#4448=CARTESIAN_POINT('',(-0.025,-0.063,0.013));
#4449=CARTESIAN_POINT('',(-0.029,-0.063,0.013));
#4450=CARTESIAN_POINT('',(-0.033,-0.063,0.013));
#4451=CARTESIAN_POINT('',(-0.033,0.,0.013));
#4452=CARTESIAN_POINT('',(0.01875,5.56953170797348E-18,0.013));
#4453=CARTESIAN_POINT('',(0.01875,0.06,0.013));
#4454=CARTESIAN_POINT('',(0.01875,0.0116,0.013));
#4455=CARTESIAN_POINT('',(0.014875,0.06,0.013));
#4456=CARTESIAN_POINT('',(0.02,0.06,0.013));
#4457=CARTESIAN_POINT('',(0.02,0.062,0.013));
#4458=CARTESIAN_POINT('',(0.022,0.062,0.013));
#4459=CARTESIAN_POINT('',(0.022,0.064,0.013));
#4460=CARTESIAN_POINT('',(0.022,0.066,0.013));
#4461=CARTESIAN_POINT('',(0.02,0.066,0.013));
#4462=CARTESIAN_POINT('',(0.02,0.068,0.013));
#4463=CARTESIAN_POINT('',(0.017125,0.068,0.013));
#4464=CARTESIAN_POINT('',(0.01425,0.068,0.013));
#4465=CARTESIAN_POINT('',(0.01425,0.066,0.013));
#4466=CARTESIAN_POINT('',(0.01225,0.066,0.013));
#4467=CARTESIAN_POINT('',(0.01225,0.06225,0.013));
#4468=CARTESIAN_POINT('',(0.01225,0.065,0.013));
#4469=CARTESIAN_POINT('',(0.,0.065,0.013));
#4470=CARTESIAN_POINT('',(-0.01225,0.065,0.013));
#4471=CARTESIAN_POINT('',(-0.01225,0.06225,0.013));
#4472=CARTESIAN_POINT('',(-0.01225,0.066,0.013));
#4473=CARTESIAN_POINT('',(-0.01425,0.066,0.013));
#4474=CARTESIAN_POINT('',(-0.01425,0.068,0.013));
#4475=CARTESIAN_POINT('',(-0.017125,0.068,0.013));
#4476=CARTESIAN_POINT('',(-0.02,0.068,0.013));
#4477=CARTESIAN_POINT('',(-0.02,0.066,0.013));
#4478=CARTESIAN_POINT('',(-0.022,0.066,0.013));
#4479=CARTESIAN_POINT('',(-0.022,0.064,0.013));
#4480=CARTESIAN_POINT('',(-0.022,0.062,0.013));
#4481=CARTESIAN_POINT('',(-0.02,0.062,0.013));
#4482=CARTESIAN_POINT('',(-0.02,0.06,0.013));
#4483=CARTESIAN_POINT('',(-0.014875,0.06,0.013));
#4484=CARTESIAN_POINT('',(-0.01875,0.06,0.013));
#4485=CARTESIAN_POINT('',(-0.01875,-5.56953170797348E-18,0.013));
#4486=CARTESIAN_POINT('',(-0.01875,0.0116,0.013));
#4487=CARTESIAN_POINT('',(-0.014875,0.0116,0.013));
#4488=CARTESIAN_POINT('',(-0.02,0.0116,0.013));
#4489=CARTESIAN_POINT('',(-0.02,0.0096,0.013));
#4490=CARTESIAN_POINT('',(-0.022,0.0096,0.013));
#4491=CARTESIAN_POINT('',(-0.022,0.0076,0.013));
#4492=CARTESIAN_POINT('',(-0.022,0.0056,0.013));
#4493=CARTESIAN_POINT('',(-0.02,0.0056,0.013));
#4494=CARTESIAN_POINT('',(-0.02,0.0036,0.013));
#4495=CARTESIAN_POINT('',(-0.017125,0.0036,0.013));
#4496=CARTESIAN_POINT('',(-0.01425,0.0036,0.013));
#4497=CARTESIAN_POINT('',(-0.01425,0.0056,0.013));
#4498=CARTESIAN_POINT('',(-0.01225,0.0056,0.013));
#4499=CARTESIAN_POINT('',(-0.01225,0.00935,0.013));
#4500=CARTESIAN_POINT('',(-0.01225,0.0066,0.013));
#4501=CARTESIAN_POINT('',(-9.15933995315755E-19,0.0066,0.013));
#4502=CARTESIAN_POINT('',(0.01225,0.0066,0.013));
#4503=CARTESIAN_POINT('',(0.01225,0.00935,0.013));
#4504=CARTESIAN_POINT('',(0.01225,0.0056,0.013));
#4505=CARTESIAN_POINT('',(0.01425,0.0056,0.013));
#4506=CARTESIAN_POINT('',(0.01425,0.0036,0.013));
#4507=CARTESIAN_POINT('',(0.017125,0.0036,0.013));
#4508=CARTESIAN_POINT('',(0.02,0.0036,0.013));
#4509=CARTESIAN_POINT('',(0.02,0.0056,0.013));
#4510=CARTESIAN_POINT('',(0.022,0.0056,0.013));
#4511=CARTESIAN_POINT('',(0.022,0.0076,0.013));
#4512=CARTESIAN_POINT('',(0.022,0.0096,0.013));
#4513=CARTESIAN_POINT('',(0.02,0.0096,0.013));
#4514=CARTESIAN_POINT('',(0.02,0.0116,0.013));
#4515=CARTESIAN_POINT('',(0.014875,0.0116,0.013));
#4516=CARTESIAN_POINT('',(0.01818,6.48581445619708E-18,0.013));
#4517=CARTESIAN_POINT('',(0.01818,-0.01012164,0.013));
#4518=CARTESIAN_POINT('',(0.01818,-0.03177836,0.013));
#4519=CARTESIAN_POINT('',(0.017115,-0.01012164,0.013));
#4520=CARTESIAN_POINT('',(0.01899,-0.01012164,0.013));
#4521=CARTESIAN_POINT('',(0.01899,-0.00812164,0.013));
#4522=CARTESIAN_POINT('',(0.02099,-0.00812164,0.013));
#4523=CARTESIAN_POINT('',(0.02099,-0.00437164,0.013));
#4524=CARTESIAN_POINT('',(0.02099,-0.000621640000000014,0.013));
#4525=CARTESIAN_POINT('',(0.01899,-0.000621640000000007,0.013));
#4526=CARTESIAN_POINT('',(0.01899,0.00137836,0.013));
#4527=CARTESIAN_POINT('',(0.017115,0.00137836,0.013));
#4528=CARTESIAN_POINT('',(0.01524,0.00137836,0.013));
#4529=CARTESIAN_POINT('',(0.01524,-0.000621640000000007,0.013));
#4530=CARTESIAN_POINT('',(0.01324,-0.000621640000000007,0.013));
#4531=CARTESIAN_POINT('',(0.01324,-0.00437164,0.013));
#4532=CARTESIAN_POINT('',(0.01324,-0.0015,0.013));
#4533=CARTESIAN_POINT('',(1.78911249585066E-19,-0.0015,0.013));
#4534=CARTESIAN_POINT('',(-0.01324,-0.0015,0.013));
#4535=CARTESIAN_POINT('',(-0.01324,-0.00437164,0.013));
#4536=CARTESIAN_POINT('',(-0.01324,-0.000621640000000007,0.013));
#4537=CARTESIAN_POINT('',(-0.01524,-0.000621640000000007,0.013));
#4538=CARTESIAN_POINT('',(-0.01524,0.00137836,0.013));
#4539=CARTESIAN_POINT('',(-0.017115,0.00137836,0.013));
#4540=CARTESIAN_POINT('',(-0.01899,0.00137836,0.013));
#4541=CARTESIAN_POINT('',(-0.01899,-0.000621640000000007,0.013));
#4542=CARTESIAN_POINT('',(-0.02099,-0.000621640000000014,0.013));
#4543=CARTESIAN_POINT('',(-0.02099,-0.00437164,0.013));
#4544=CARTESIAN_POINT('',(-0.02099,-0.00812164,0.013));
#4545=CARTESIAN_POINT('',(-0.01899,-0.00812164,0.013));
#4546=CARTESIAN_POINT('',(-0.01899,-0.01012164,0.013));
#4547=CARTESIAN_POINT('',(-0.017115,-0.01012164,0.013));
#4548=CARTESIAN_POINT('',(-0.01818,-0.01012164,0.013));
#4549=CARTESIAN_POINT('',(-0.01818,-6.4858144561971E-18,0.013));
#4550=CARTESIAN_POINT('',(-0.01818,-0.03177836,0.013));
#4551=CARTESIAN_POINT('',(-0.017115,-0.03177836,0.013));
#4552=CARTESIAN_POINT('',(-0.01899,-0.03177836,0.013));
#4553=CARTESIAN_POINT('',(-0.01899,-0.03377836,0.013));
#4554=CARTESIAN_POINT('',(-0.02099,-0.03377836,0.013));
#4555=CARTESIAN_POINT('',(-0.02099,-0.03752836,0.013));
#4556=CARTESIAN_POINT('',(-0.02099,-0.04127836,0.013));
#4557=CARTESIAN_POINT('',(-0.01899,-0.04127836,0.013));
#4558=CARTESIAN_POINT('',(-0.01899,-0.04327836,0.013));
#4559=CARTESIAN_POINT('',(-0.017115,-0.04327836,0.013));
#4560=CARTESIAN_POINT('',(-0.01524,-0.04327836,0.013));
#4561=CARTESIAN_POINT('',(-0.01524,-0.04127836,0.013));
#4562=CARTESIAN_POINT('',(-0.01324,-0.04127836,0.013));
#4563=CARTESIAN_POINT('',(-0.01324,-0.03752836,0.013));
#4564=CARTESIAN_POINT('',(-0.01324,-0.0404,0.013));
#4565=CARTESIAN_POINT('',(0.,-0.0404,0.013));
#4566=CARTESIAN_POINT('',(0.01324,-0.0404,0.013));
#4567=CARTESIAN_POINT('',(0.01324,-0.03752836,0.013));
#4568=CARTESIAN_POINT('',(0.01324,-0.04127836,0.013));
#4569=CARTESIAN_POINT('',(0.01524,-0.04127836,0.013));
#4570=CARTESIAN_POINT('',(0.01524,-0.04327836,0.013));
#4571=CARTESIAN_POINT('',(0.017115,-0.04327836,0.013));
#4572=CARTESIAN_POINT('',(0.01899,-0.04327836,0.013));
#4573=CARTESIAN_POINT('',(0.01899,-0.04127836,0.013));
#4574=CARTESIAN_POINT('',(0.02099,-0.04127836,0.013));
#4575=CARTESIAN_POINT('',(0.02099,-0.03752836,0.013));
#4576=CARTESIAN_POINT('',(0.02099,-0.03377836,0.013));
#4577=CARTESIAN_POINT('',(0.01899,-0.03377836,0.013));
#4578=CARTESIAN_POINT('',(0.01899,-0.03177836,0.013));
#4579=CARTESIAN_POINT('',(0.017115,-0.03177836,0.013));
#4580=CARTESIAN_POINT('',(0.,0.,0.015));
#4581=CARTESIAN_POINT('',(0.,-0.071,0.015));
#4582=CARTESIAN_POINT('',(-0.03,-0.071,0.015));
#4583=CARTESIAN_POINT('',(0.03,-0.071,0.015));
#4584=CARTESIAN_POINT('',(0.03,-0.07,0.015));
#4585=CARTESIAN_POINT('',(0.031,-0.07,0.015));
#4586=CARTESIAN_POINT('',(0.031,-3.0729387288732E-18,0.015));
#4587=CARTESIAN_POINT('',(0.031,0.07,0.015));
#4588=CARTESIAN_POINT('',(0.03,0.07,0.015));
#4589=CARTESIAN_POINT('',(0.03,0.071,0.015));
#4590=CARTESIAN_POINT('',(-0.03,0.071,0.015));
#4591=CARTESIAN_POINT('',(-0.03,0.071,0.015));
#4592=CARTESIAN_POINT('',(-0.03,0.07,0.015));
#4593=CARTESIAN_POINT('',(-0.031,0.07,0.015));
#4594=CARTESIAN_POINT('',(-0.031,-0.07,0.015));
#4595=CARTESIAN_POINT('',(-0.031,-0.07,0.015));
#4596=CARTESIAN_POINT('',(-0.03,-0.07,0.015));
#4597=CARTESIAN_POINT('',(0.028,-0.068,0.015));
#4598=CARTESIAN_POINT('',(0.02575,-0.068,0.015));
#4599=CARTESIAN_POINT('',(-0.028,-0.068,0.015));
#4600=CARTESIAN_POINT('',(-0.03025,-0.068,0.015));
#4601=CARTESIAN_POINT('',(0.028,0.068,0.015));
#4602=CARTESIAN_POINT('',(0.02575,0.068,0.015));
#4603=CARTESIAN_POINT('',(-0.028,0.068,0.015));
#4604=CARTESIAN_POINT('',(-0.03025,0.068,0.015));
#4605=CARTESIAN_POINT('',(-0.02195,0.0358,0.015));
#4606=CARTESIAN_POINT('',(-0.02195,0.0682,0.015));
#4607=CARTESIAN_POINT('',(-0.02195,0.0034,0.015));
#4608=CARTESIAN_POINT('',(-1.04083408558608E-17,0.0682,0.015));
#4609=CARTESIAN_POINT('',(0.02195,0.0682,0.015));
#4610=CARTESIAN_POINT('',(0.02195,0.0358,0.015));
#4611=CARTESIAN_POINT('',(0.02195,0.0034,0.015));
#4612=CARTESIAN_POINT('',(1.04083408558608E-17,0.0034,0.015));
#4613=CARTESIAN_POINT('',(-2.42861286636753E-17,-0.0015,0.015));
#4614=CARTESIAN_POINT('',(0.01818,-0.0015,0.015));
#4615=CARTESIAN_POINT('',(-0.01818,-0.0015,0.015));
#4616=CARTESIAN_POINT('',(0.01818,-0.02095,0.015));
#4617=CARTESIAN_POINT('',(0.01818,-0.0404,0.015));
#4618=CARTESIAN_POINT('',(-1.04083408558608E-17,-0.0404,0.015));
#4619=CARTESIAN_POINT('',(-0.01818,-0.0404,0.015));
#4620=CARTESIAN_POINT('',(-0.01818,-0.02095,0.015));
#4621=CARTESIAN_POINT('',(-0.01875,0.0358,0.0102));
#4622=CARTESIAN_POINT('',(-0.01875,0.0358,0.0138));
#4623=CARTESIAN_POINT('',(-0.01875,0.065,0.0138));
#4624=CARTESIAN_POINT('',(-0.01875,0.0066,0.0138));
#4625=CARTESIAN_POINT('',(-0.01875,0.0066,0.0102));
#4626=CARTESIAN_POINT('',(-0.01875,0.0066,0.0102));
#4627=CARTESIAN_POINT('',(-0.01875,0.0358,0.0102));
#4628=CARTESIAN_POINT('',(-0.01875,0.0116,0.0102));
#4629=CARTESIAN_POINT('',(-0.01875,0.0116,0.008));
#4630=CARTESIAN_POINT('',(-0.01875,0.06,0.008));
#4631=CARTESIAN_POINT('',(-0.01875,0.06,0.0102));
#4632=CARTESIAN_POINT('',(-0.01875,0.0358,0.0102));
#4633=CARTESIAN_POINT('',(-0.01875,0.065,0.0102));
#4634=CARTESIAN_POINT('',(-0.01875,0.065,0.0102));
#4635=CARTESIAN_POINT('',(-3.46944695195361E-18,0.065,0.0102));
#4636=CARTESIAN_POINT('',(-3.46944695195361E-18,0.065,0.0138));
#4637=CARTESIAN_POINT('',(0.01875,0.065,0.0138));
#4638=CARTESIAN_POINT('',(-3.46944695195361E-18,0.065,0.0102));
#4639=CARTESIAN_POINT('',(-0.01225,0.065,0.0102));
#4640=CARTESIAN_POINT('',(-0.01225,0.065,0.008));
#4641=CARTESIAN_POINT('',(0.01225,0.065,0.008));
#4642=CARTESIAN_POINT('',(0.01225,0.065,0.0102));
#4643=CARTESIAN_POINT('',(-3.46944695195361E-18,0.065,0.0102));
#4644=CARTESIAN_POINT('',(0.01875,0.065,0.0102));
#4645=CARTESIAN_POINT('',(0.01875,0.065,0.0102));
#4646=CARTESIAN_POINT('',(0.01875,0.0358,0.0102));
#4647=CARTESIAN_POINT('',(0.01875,0.0066,0.0102));
#4648=CARTESIAN_POINT('',(0.01875,0.0066,0.0102));
#4649=CARTESIAN_POINT('',(0.01875,0.0066,0.0138));
#4650=CARTESIAN_POINT('',(0.01875,0.0358,0.0138));
#4651=CARTESIAN_POINT('',(0.01875,0.0358,0.0102));
#4652=CARTESIAN_POINT('',(0.01875,0.06,0.0102));
#4653=CARTESIAN_POINT('',(0.01875,0.06,0.008));
#4654=CARTESIAN_POINT('',(0.01875,0.0116,0.008));
#4655=CARTESIAN_POINT('',(0.01875,0.0116,0.0102));
#4656=CARTESIAN_POINT('',(0.01875,0.0358,0.0102));
#4657=CARTESIAN_POINT('',(1.38777878078145E-17,0.0066,0.0102));
#4658=CARTESIAN_POINT('',(1.38777878078145E-17,0.0066,0.0138));
#4659=CARTESIAN_POINT('',(1.38777878078145E-17,0.0066,0.0102));
#4660=CARTESIAN_POINT('',(0.01225,0.0066,0.0102));
#4661=CARTESIAN_POINT('',(0.01225,0.0066,0.008));
#4662=CARTESIAN_POINT('',(-0.01225,0.0066,0.008));
#4663=CARTESIAN_POINT('',(-0.01225,0.0066,0.0102));
#4664=CARTESIAN_POINT('',(1.38777878078145E-17,0.0066,0.0102));
#4665=CARTESIAN_POINT('',(-0.01425,0.0096,0.008));
#4666=CARTESIAN_POINT('',(-0.01425,0.0096,0.0102));
#4667=CARTESIAN_POINT('',(-0.01225,0.0096,0.0102));
#4668=CARTESIAN_POINT('',(-0.01425,0.0116,0.0102));
#4669=CARTESIAN_POINT('',(-0.01225,0.0096,0.008));
#4670=CARTESIAN_POINT('',(-0.01225,0.0096,0.008));
#4671=CARTESIAN_POINT('',(-0.01425,0.0096,0.008));
#4672=CARTESIAN_POINT('',(-0.01425,0.0116,0.008));
#4673=CARTESIAN_POINT('',(-0.01425,0.0116,0.008));
#4674=CARTESIAN_POINT('',(-0.01225,0.00935,0.008));
#4675=CARTESIAN_POINT('',(-0.01225,0.00935,0.0102));
#4676=CARTESIAN_POINT('',(-0.01225,0.0056,0.008));
#4677=CARTESIAN_POINT('',(-0.01225,0.0056,0.008));
#4678=CARTESIAN_POINT('',(-0.01225,0.00935,0.008));
#4679=CARTESIAN_POINT('',(-0.0155,0.0091,0.008));
#4680=CARTESIAN_POINT('',(-0.0155,0.0091,0.008));
#4681=CARTESIAN_POINT('',(-0.0139,0.0091,0.008));
#4682=CARTESIAN_POINT('',(-0.0155,0.0091,0.0102));
#4683=CARTESIAN_POINT('',(-0.0139,0.0091,0.0102));
#4684=CARTESIAN_POINT('',(0.01225,0.00935,0.008));
#4685=CARTESIAN_POINT('',(0.01225,0.00935,0.0102));
#4686=CARTESIAN_POINT('',(0.01225,0.0096,0.0102));
#4687=CARTESIAN_POINT('',(0.01225,0.0096,0.008));
#4688=CARTESIAN_POINT('',(0.01225,0.0096,0.008));
#4689=CARTESIAN_POINT('',(0.01225,0.00935,0.008));
#4690=CARTESIAN_POINT('',(0.01225,0.0056,0.008));
#4691=CARTESIAN_POINT('',(0.01225,0.0056,0.008));
#4692=CARTESIAN_POINT('',(0.01425,0.0096,0.008));
#4693=CARTESIAN_POINT('',(0.01425,0.0096,0.0102));
#4694=CARTESIAN_POINT('',(0.01425,0.0116,0.0102));
#4695=CARTESIAN_POINT('',(0.01425,0.0116,0.008));
#4696=CARTESIAN_POINT('',(0.01425,0.0116,0.008));
#4697=CARTESIAN_POINT('',(0.01425,0.0096,0.008));
#4698=CARTESIAN_POINT('',(0.014875,0.0116,0.008));
#4699=CARTESIAN_POINT('',(0.014875,0.0116,0.0102));
#4700=CARTESIAN_POINT('',(0.02,0.0116,0.008));
#4701=CARTESIAN_POINT('',(0.02,0.0116,0.008));
#4702=CARTESIAN_POINT('',(0.014875,0.0116,0.008));
#4703=CARTESIAN_POINT('',(0.0155,0.0091,0.008));
#4704=CARTESIAN_POINT('',(0.0155,0.0091,0.008));
#4705=CARTESIAN_POINT('',(0.0171,0.0091,0.008));
#4706=CARTESIAN_POINT('',(0.0155,0.0091,0.0102));
#4707=CARTESIAN_POINT('',(0.0171,0.0091,0.0102));
#4708=CARTESIAN_POINT('',(-0.01425,0.062,0.008));
#4709=CARTESIAN_POINT('',(-0.01225,0.062,0.008));
#4710=CARTESIAN_POINT('',(-0.01225,0.062,0.008));
#4711=CARTESIAN_POINT('',(-0.01225,0.062,0.0102));
#4712=CARTESIAN_POINT('',(-0.01425,0.062,0.0102));
#4713=CARTESIAN_POINT('',(-0.01425,0.06,0.0102));
#4714=CARTESIAN_POINT('',(-0.01425,0.06,0.008));
#4715=CARTESIAN_POINT('',(-0.01425,0.06,0.008));
#4716=CARTESIAN_POINT('',(-0.01425,0.062,0.008));
#4717=CARTESIAN_POINT('',(-0.0155,0.0625,0.008));
#4718=CARTESIAN_POINT('',(-0.0155,0.0625,0.008));
#4719=CARTESIAN_POINT('',(-0.0139,0.0625,0.008));
#4720=CARTESIAN_POINT('',(-0.0155,0.0625,0.0102));
#4721=CARTESIAN_POINT('',(-0.0139,0.0625,0.0102));
#4722=CARTESIAN_POINT('',(0.014875,0.06,0.008));
#4723=CARTESIAN_POINT('',(0.014875,0.06,0.0102));
#4724=CARTESIAN_POINT('',(0.01425,0.06,0.0102));
#4725=CARTESIAN_POINT('',(0.01425,0.06,0.008));
#4726=CARTESIAN_POINT('',(0.01425,0.06,0.008));
#4727=CARTESIAN_POINT('',(0.014875,0.06,0.008));
#4728=CARTESIAN_POINT('',(0.02,0.06,0.008));
#4729=CARTESIAN_POINT('',(0.02,0.06,0.008));
#4730=CARTESIAN_POINT('',(0.01425,0.062,0.008));
#4731=CARTESIAN_POINT('',(0.01425,0.062,0.0102));
#4732=CARTESIAN_POINT('',(0.01225,0.062,0.0102));
#4733=CARTESIAN_POINT('',(0.01225,0.062,0.008));
#4734=CARTESIAN_POINT('',(0.01225,0.062,0.008));
#4735=CARTESIAN_POINT('',(0.01425,0.062,0.008));
#4736=CARTESIAN_POINT('',(0.0155,0.0625,0.008));
#4737=CARTESIAN_POINT('',(0.0155,0.0625,0.008));
#4738=CARTESIAN_POINT('',(0.0171,0.0625,0.008));
#4739=CARTESIAN_POINT('',(0.0155,0.0625,0.0102));
#4740=CARTESIAN_POINT('',(0.0171,0.0625,0.0102));
#4741=CARTESIAN_POINT('',(0.,0.,0.0075));
#4742=CARTESIAN_POINT('',(-0.033,0.,0.0075));
#4743=CARTESIAN_POINT('',(-0.033,-0.0195172133602881,0.0075));
#4744=CARTESIAN_POINT('',(-0.033,-0.0415430775279703,0.0075));
#4745=CARTESIAN_POINT('',(-0.0288,-0.0415430775279703,0.0075));
#4746=CARTESIAN_POINT('',(-0.035,-0.0415430775279703,0.0075));
#4747=CARTESIAN_POINT('',(-0.035,0.,0.0075));
#4748=CARTESIAN_POINT('',(-0.035,-0.0195172133602881,0.0075));
#4749=CARTESIAN_POINT('',(-0.01,-0.0195172133602881,0.0075));
#4750=CARTESIAN_POINT('',(-0.033,0.,0.0145));
#4751=CARTESIAN_POINT('',(-0.033,-0.0446,0.006985));
#4752=CARTESIAN_POINT('',(-0.033,-0.0476569224720297,0.0075));
#4753=CARTESIAN_POINT('',(-0.033,-0.01789,0.00677849));
#4754=CARTESIAN_POINT('',(-0.033,-0.01789,0.00855849));
#4755=CARTESIAN_POINT('',(-0.033,0.,0.00855849));
#4756=CARTESIAN_POINT('',(-0.033,-0.01151,0.00855849));
#4757=CARTESIAN_POINT('',(-0.033,-0.01151,0.00677849));
#4758=CARTESIAN_POINT('',(-0.033,-0.00988278663971194,0.0075));
#4759=CARTESIAN_POINT('',(-0.033,0.,0.0075));
#4760=CARTESIAN_POINT('',(-0.033,0.063,0.0075));
#4761=CARTESIAN_POINT('',(-0.033,0.063,0.0135));
#4762=CARTESIAN_POINT('',(-0.033,-0.063,0.0135));
#4763=CARTESIAN_POINT('',(-0.033,-0.063,0.0075));
#4764=CARTESIAN_POINT('',(-0.033,0.,0.0075));
#4765=CARTESIAN_POINT('',(0.,0.,0.0075));
#4766=CARTESIAN_POINT('',(-0.035,0.,0.0075));
#4767=CARTESIAN_POINT('',(-0.035,-0.0476569224720297,0.0075));
#4768=CARTESIAN_POINT('',(-0.035,-0.07,0.0075));
#4769=CARTESIAN_POINT('',(-0.0288,-0.0476569224720297,0.0075));
#4770=CARTESIAN_POINT('',(-0.033,0.,0.0075));
#4771=CARTESIAN_POINT('',(-0.033,-0.068,0.0075));
#4772=CARTESIAN_POINT('',(-0.028,-0.068,0.0075));
#4773=CARTESIAN_POINT('',(-0.028,-0.073,0.0075));
#4774=CARTESIAN_POINT('',(-0.028,-0.073,0.0075));
#4775=CARTESIAN_POINT('',(-0.023,-0.073,0.0075));
#4776=CARTESIAN_POINT('',(-3.46944695195361E-18,-0.073,0.0075));
#4777=CARTESIAN_POINT('',(0.023,-0.073,0.0075));
#4778=CARTESIAN_POINT('',(-3.46944695195361E-18,-0.073,0.0075));
#4779=CARTESIAN_POINT('',(0.028,-0.073,0.0075));
#4780=CARTESIAN_POINT('',(0.028,-0.068,0.0075));
#4781=CARTESIAN_POINT('',(0.033,-0.068,0.0075));
#4782=CARTESIAN_POINT('',(0.033,0.,0.0075));
#4783=CARTESIAN_POINT('',(0.033,-0.063,0.0075));
#4784=CARTESIAN_POINT('',(0.033,0.,0.0075));
#4785=CARTESIAN_POINT('',(0.033,0.063,0.0075));
#4786=CARTESIAN_POINT('',(0.033,0.,0.0075));
#4787=CARTESIAN_POINT('',(0.033,0.068,0.0075));
#4788=CARTESIAN_POINT('',(0.028,0.068,0.0075));
#4789=CARTESIAN_POINT('',(0.028,0.073,0.0075));
#4790=CARTESIAN_POINT('',(3.46944695195361E-18,0.073,0.0075));
#4791=CARTESIAN_POINT('',(0.023,0.073,0.0075));
#4792=CARTESIAN_POINT('',(3.46944695195361E-18,0.073,0.0075));
#4793=CARTESIAN_POINT('',(-0.023,0.073,0.0075));
#4794=CARTESIAN_POINT('',(3.46944695195361E-18,0.073,0.0075));
#4795=CARTESIAN_POINT('',(-0.028,0.073,0.0075));
#4796=CARTESIAN_POINT('',(-0.028,0.068,0.0075));
#4797=CARTESIAN_POINT('',(-0.033,0.068,0.0075));
#4798=CARTESIAN_POINT('',(-0.033,0.,0.0075));
#4799=CARTESIAN_POINT('',(-0.01,-0.00988278663971194,0.0075));
#4800=CARTESIAN_POINT('',(-0.035,-0.00988278663971194,0.0075));
#4801=CARTESIAN_POINT('',(-0.035,0.,0.0075));
#4802=CARTESIAN_POINT('',(-0.035,0.07,0.0075));
#4803=CARTESIAN_POINT('',(-0.03,0.07,0.0075));
#4804=CARTESIAN_POINT('',(-0.03,0.075,0.0075));
#4805=CARTESIAN_POINT('',(3.46944695195361E-18,0.075,0.0075));
#4806=CARTESIAN_POINT('',(0.03,0.075,0.0075));
#4807=CARTESIAN_POINT('',(0.03,0.07,0.0075));
#4808=CARTESIAN_POINT('',(0.035,0.07,0.0075));
#4809=CARTESIAN_POINT('',(0.035,0.,0.0075));
#4810=CARTESIAN_POINT('',(0.035,-0.07,0.0075));
#4811=CARTESIAN_POINT('',(0.03,-0.07,0.0075));
#4812=CARTESIAN_POINT('',(0.03,-0.075,0.0075));
#4813=CARTESIAN_POINT('',(-3.46944695195361E-18,-0.075,0.0075));
#4814=CARTESIAN_POINT('',(-0.03,-0.075,0.0075));
#4815=CARTESIAN_POINT('',(-0.03,-0.07,0.0075));
#4816=CARTESIAN_POINT('',(-0.023,0.069,0.0135));
#4817=CARTESIAN_POINT('',(-0.023,0.073,0.0135));
#4818=CARTESIAN_POINT('',(-0.023,0.065,0.0135));
#4819=CARTESIAN_POINT('',(-0.023,0.065,0.0045));
#4820=CARTESIAN_POINT('',(-0.023,0.069,0.0045));
#4821=CARTESIAN_POINT('',(-0.023,0.073,0.0045));
#4822=CARTESIAN_POINT('',(-0.023,0.073,0.0135));
#4823=CARTESIAN_POINT('',(-0.029,0.063,0.0135));
#4824=CARTESIAN_POINT('',(-0.025,0.063,0.0135));
#4825=CARTESIAN_POINT('',(-0.025,0.063,0.0045));
#4826=CARTESIAN_POINT('',(-0.033,0.063,0.0135));
#4827=CARTESIAN_POINT('',(-0.033,0.063,0.0045));
#4828=CARTESIAN_POINT('',(-0.029,0.063,0.0045));
#4829=CARTESIAN_POINT('',(-0.025,0.065,0.0135));
#4830=CARTESIAN_POINT('',(-0.025,0.065,0.0045));
#4831=CARTESIAN_POINT('',(-0.028,0.068,0.0045));
#4832=CARTESIAN_POINT('',(-0.028,0.068,0.0045));
#4833=CARTESIAN_POINT('',(-0.0269,0.068,0.0045));
#4834=CARTESIAN_POINT('',(-0.028,0.068,0.01385));
#4835=CARTESIAN_POINT('',(-0.0291,0.068,0.01385));
#4836=CARTESIAN_POINT('',(3.46944695195361E-18,0.073,0.0145));
#4837=CARTESIAN_POINT('',(0.023,0.073,0.0135));
#4838=CARTESIAN_POINT('',(0.023,0.069,0.0135));
#4839=CARTESIAN_POINT('',(0.023,0.073,0.0135));
#4840=CARTESIAN_POINT('',(0.023,0.073,0.0045));
#4841=CARTESIAN_POINT('',(0.023,0.069,0.0045));
#4842=CARTESIAN_POINT('',(0.023,0.065,0.0045));
#4843=CARTESIAN_POINT('',(0.023,0.065,0.0135));
#4844=CARTESIAN_POINT('',(0.025,0.065,0.0135));
#4845=CARTESIAN_POINT('',(0.025,0.063,0.0135));
#4846=CARTESIAN_POINT('',(0.025,0.063,0.0045));
#4847=CARTESIAN_POINT('',(0.025,0.065,0.0045));
#4848=CARTESIAN_POINT('',(0.029,0.063,0.0135));
#4849=CARTESIAN_POINT('',(0.029,0.063,0.0045));
#4850=CARTESIAN_POINT('',(0.033,0.063,0.0045));
#4851=CARTESIAN_POINT('',(0.033,0.063,0.0135));
#4852=CARTESIAN_POINT('',(0.033,0.063,0.0135));
#4853=CARTESIAN_POINT('',(0.028,0.068,0.0045));
#4854=CARTESIAN_POINT('',(0.028,0.068,0.0045));
#4855=CARTESIAN_POINT('',(0.0291,0.068,0.0045));
#4856=CARTESIAN_POINT('',(0.028,0.068,0.01385));
#4857=CARTESIAN_POINT('',(0.0269,0.068,0.01385));
#4858=CARTESIAN_POINT('',(0.033,0.,0.0145));
#4859=CARTESIAN_POINT('',(0.033,-0.063,0.0135));
#4860=CARTESIAN_POINT('',(0.023,-0.069,0.0135));
#4861=CARTESIAN_POINT('',(0.023,-0.073,0.0135));
#4862=CARTESIAN_POINT('',(0.023,-0.065,0.0135));
#4863=CARTESIAN_POINT('',(0.023,-0.065,0.0045));
#4864=CARTESIAN_POINT('',(0.023,-0.069,0.0045));
#4865=CARTESIAN_POINT('',(0.023,-0.073,0.0045));
#4866=CARTESIAN_POINT('',(0.023,-0.073,0.0135));
#4867=CARTESIAN_POINT('',(0.029,-0.063,0.0135));
#4868=CARTESIAN_POINT('',(0.025,-0.063,0.0135));
#4869=CARTESIAN_POINT('',(0.025,-0.063,0.0045));
#4870=CARTESIAN_POINT('',(0.033,-0.063,0.0135));
#4871=CARTESIAN_POINT('',(0.033,-0.063,0.0045));
#4872=CARTESIAN_POINT('',(0.029,-0.063,0.0045));
#4873=CARTESIAN_POINT('',(0.025,-0.065,0.0135));
#4874=CARTESIAN_POINT('',(0.025,-0.065,0.0045));
#4875=CARTESIAN_POINT('',(0.028,-0.068,0.0045));
#4876=CARTESIAN_POINT('',(0.028,-0.068,0.0045));
#4877=CARTESIAN_POINT('',(0.0291,-0.068,0.0045));
#4878=CARTESIAN_POINT('',(0.028,-0.068,0.01385));
#4879=CARTESIAN_POINT('',(0.0269,-0.068,0.01385));
#4880=CARTESIAN_POINT('',(-0.023,-0.069,0.0135));
#4881=CARTESIAN_POINT('',(-0.023,-0.073,0.0135));
#4882=CARTESIAN_POINT('',(-0.023,-0.073,0.0135));
#4883=CARTESIAN_POINT('',(-0.023,-0.073,0.0045));
#4884=CARTESIAN_POINT('',(-0.023,-0.069,0.0045));
#4885=CARTESIAN_POINT('',(-0.023,-0.065,0.0045));
#4886=CARTESIAN_POINT('',(-0.023,-0.065,0.0135));
#4887=CARTESIAN_POINT('',(-0.025,-0.065,0.0135));
#4888=CARTESIAN_POINT('',(-0.025,-0.063,0.0135));
#4889=CARTESIAN_POINT('',(-0.025,-0.063,0.0045));
#4890=CARTESIAN_POINT('',(-0.025,-0.065,0.0045));
#4891=CARTESIAN_POINT('',(-0.029,-0.063,0.0135));
#4892=CARTESIAN_POINT('',(-0.029,-0.063,0.0045));
#4893=CARTESIAN_POINT('',(-0.033,-0.063,0.0045));
#4894=CARTESIAN_POINT('',(-0.033,-0.063,0.0135));
#4895=CARTESIAN_POINT('',(-0.028,-0.068,0.0045));
#4896=CARTESIAN_POINT('',(-0.028,-0.068,0.0045));
#4897=CARTESIAN_POINT('',(-0.0269,-0.068,0.0045));
#4898=CARTESIAN_POINT('',(-0.028,-0.068,0.01385));
#4899=CARTESIAN_POINT('',(-0.0291,-0.068,0.01385));
#4900=CARTESIAN_POINT('',(-3.46944695195361E-18,-0.073,0.0145));
#4901=CARTESIAN_POINT('',(-0.028,0.073,0.0135));
#4902=CARTESIAN_POINT('',(-0.028,0.073,0.0045));
#4903=CARTESIAN_POINT('',(-0.028,0.073,0.0045));
#4904=CARTESIAN_POINT('',(-0.028,0.073,0.0135));
#4905=CARTESIAN_POINT('',(-0.028,0.068,0.0135));
#4906=CARTESIAN_POINT('',(-0.028,0.068,0.0045));
#4907=CARTESIAN_POINT('',(-0.033,0.068,0.0045));
#4908=CARTESIAN_POINT('',(-0.033,0.068,0.0135));
#4909=CARTESIAN_POINT('',(-0.033,0.068,0.0135));
#4910=CARTESIAN_POINT('',(-0.033,0.068,0.0045));
#4911=CARTESIAN_POINT('',(-0.028,0.068,0.0045));
#4912=CARTESIAN_POINT('',(0.033,0.068,0.0135));
#4913=CARTESIAN_POINT('',(0.033,0.068,0.0135));
#4914=CARTESIAN_POINT('',(0.033,0.068,0.0045));
#4915=CARTESIAN_POINT('',(0.033,0.068,0.0045));
#4916=CARTESIAN_POINT('',(0.028,0.068,0.0135));
#4917=CARTESIAN_POINT('',(0.028,0.073,0.0135));
#4918=CARTESIAN_POINT('',(0.028,0.073,0.0045));
#4919=CARTESIAN_POINT('',(0.028,0.068,0.0045));
#4920=CARTESIAN_POINT('',(0.028,0.073,0.0135));
#4921=CARTESIAN_POINT('',(0.028,0.073,0.0045));
#4922=CARTESIAN_POINT('',(0.028,0.068,0.0045));
#4923=CARTESIAN_POINT('',(0.028,-0.073,0.0135));
#4924=CARTESIAN_POINT('',(0.028,-0.073,0.0045));
#4925=CARTESIAN_POINT('',(0.028,-0.073,0.0045));
#4926=CARTESIAN_POINT('',(0.028,-0.073,0.0135));
#4927=CARTESIAN_POINT('',(0.028,-0.068,0.0135));
#4928=CARTESIAN_POINT('',(0.028,-0.068,0.0045));
#4929=CARTESIAN_POINT('',(0.033,-0.068,0.0045));
#4930=CARTESIAN_POINT('',(0.033,-0.068,0.0135));
#4931=CARTESIAN_POINT('',(0.033,-0.068,0.0135));
#4932=CARTESIAN_POINT('',(0.033,-0.068,0.0045));
#4933=CARTESIAN_POINT('',(0.028,-0.068,0.0045));
#4934=CARTESIAN_POINT('',(-0.033,-0.068,0.0135));
#4935=CARTESIAN_POINT('',(-0.033,-0.068,0.0135));
#4936=CARTESIAN_POINT('',(-0.033,-0.068,0.0045));
#4937=CARTESIAN_POINT('',(-0.033,-0.068,0.0045));
#4938=CARTESIAN_POINT('',(-0.028,-0.068,0.0135));
#4939=CARTESIAN_POINT('',(-0.028,-0.073,0.0135));
#4940=CARTESIAN_POINT('',(-0.028,-0.073,0.0045));
#4941=CARTESIAN_POINT('',(-0.028,-0.068,0.0045));
#4942=CARTESIAN_POINT('',(-0.028,-0.073,0.0135));
#4943=CARTESIAN_POINT('',(-0.028,-0.073,0.0045));
#4944=CARTESIAN_POINT('',(-0.028,-0.068,0.0045));
#4945=CARTESIAN_POINT('',(3.46944695195361E-18,0.075,0.0145));
#4946=CARTESIAN_POINT('',(-0.03,0.075,0.0145));
#4947=CARTESIAN_POINT('',(-0.03,0.075,0.011));
#4948=CARTESIAN_POINT('',(0.03,0.075,0.011));
#4949=CARTESIAN_POINT('',(0.03,0.075,0.011));
#4950=CARTESIAN_POINT('',(0.03,0.075,0.0145));
#4951=CARTESIAN_POINT('',(-0.03,0.07,0.0145));
#4952=CARTESIAN_POINT('',(-0.035,0.07,0.0145));
#4953=CARTESIAN_POINT('',(-0.035,0.07,0.011));
#4954=CARTESIAN_POINT('',(-0.03,0.07,0.011));
#4955=CARTESIAN_POINT('',(-0.035,0.,0.0145));
#4956=CARTESIAN_POINT('',(-0.035,-0.07,0.0145));
#4957=CARTESIAN_POINT('',(-0.035,-0.07,0.011));
#4958=CARTESIAN_POINT('',(-0.035,0.07,0.011));
#4959=CARTESIAN_POINT('',(-0.035,-0.01151,0.00677849));
#4960=CARTESIAN_POINT('',(-0.035,-0.01151,0.00855849));
#4961=CARTESIAN_POINT('',(-0.035,-0.016295,0.00855849));
#4962=CARTESIAN_POINT('',(-0.035,-0.01789,0.00855849));
#4963=CARTESIAN_POINT('',(-0.035,-0.01789,0.00677849));
#4964=CARTESIAN_POINT('',(-0.035,-0.0446,0.006985));
#4965=CARTESIAN_POINT('',(-0.03,-0.07,0.0145));
#4966=CARTESIAN_POINT('',(-0.03,-0.075,0.0145));
#4967=CARTESIAN_POINT('',(-0.03,-0.075,0.011));
#4968=CARTESIAN_POINT('',(-0.03,-0.07,0.011));
#4969=CARTESIAN_POINT('',(-3.46944695195361E-18,-0.075,0.0145));
#4970=CARTESIAN_POINT('',(0.03,-0.075,0.0145));
#4971=CARTESIAN_POINT('',(0.03,-0.075,0.011));
#4972=CARTESIAN_POINT('',(-3.46944695195361E-18,-0.075,0.011));
#4973=CARTESIAN_POINT('',(0.03,-0.07,0.0145));
#4974=CARTESIAN_POINT('',(0.035,-0.07,0.0145));
#4975=CARTESIAN_POINT('',(0.035,-0.07,0.011));
#4976=CARTESIAN_POINT('',(0.03,-0.07,0.011));
#4977=CARTESIAN_POINT('',(0.035,0.,0.0145));
#4978=CARTESIAN_POINT('',(0.035,0.07,0.0145));
#4979=CARTESIAN_POINT('',(0.035,0.07,0.011));
#4980=CARTESIAN_POINT('',(0.035,0.,0.011));
#4981=CARTESIAN_POINT('',(0.03,0.07,0.0145));
#4982=CARTESIAN_POINT('',(0.03,0.07,0.011));
#4983=CARTESIAN_POINT('',(-0.01,-0.01789,0.00677849));
#4984=CARTESIAN_POINT('',(-0.01,-0.01789,0.00855849));
#4985=CARTESIAN_POINT('',(-0.01,-0.016295,0.00855849));
#4986=CARTESIAN_POINT('',(-0.01,-0.01151,0.00855849));
#4987=CARTESIAN_POINT('',(-0.01,-0.01151,0.00677849));
#4988=CARTESIAN_POINT('',(-0.0288,-0.0446,0.006985));
#4989=CARTESIAN_POINT('',(-0.02,0.0096,0.008));
#4990=CARTESIAN_POINT('',(-0.02,0.0116,0.008));
#4991=CARTESIAN_POINT('',(-0.02,0.0116,0.008));
#4992=CARTESIAN_POINT('',(-0.02,0.0096,0.008));
#4993=CARTESIAN_POINT('',(-0.022,0.0096,0.008));
#4994=CARTESIAN_POINT('',(-0.022,0.0096,0.008));
#4995=CARTESIAN_POINT('',(-0.014875,0.0116,0.008));
#4996=CARTESIAN_POINT('',(-0.014875,0.0116,0.0102));
#4997=CARTESIAN_POINT('',(-0.014875,0.0116,0.008));
#4998=CARTESIAN_POINT('',(-0.01425,0.0056,0.008));
#4999=CARTESIAN_POINT('',(-0.01425,0.0036,0.008));
#5000=CARTESIAN_POINT('',(-0.01425,0.0036,0.008));
#5001=CARTESIAN_POINT('',(-0.01425,0.0056,0.008));
#5002=CARTESIAN_POINT('',(-0.017125,0.0036,0.008));
#5003=CARTESIAN_POINT('',(-0.02,0.0036,0.008));
#5004=CARTESIAN_POINT('',(-0.02,0.0036,0.008));
#5005=CARTESIAN_POINT('',(-0.017125,0.0036,0.008));
#5006=CARTESIAN_POINT('',(-0.02,0.0056,0.008));
#5007=CARTESIAN_POINT('',(-0.022,0.0056,0.008));
#5008=CARTESIAN_POINT('',(-0.022,0.0056,0.008));
#5009=CARTESIAN_POINT('',(-0.02,0.0056,0.008));
#5010=CARTESIAN_POINT('',(-0.022,0.0076,0.008));
#5011=CARTESIAN_POINT('',(-0.022,0.0076,0.008));
#5012=CARTESIAN_POINT('',(6.93889390390723E-18,0.,0.008));
#5013=CARTESIAN_POINT('',(0.02,0.0096,0.008));
#5014=CARTESIAN_POINT('',(0.022,0.0096,0.008));
#5015=CARTESIAN_POINT('',(0.022,0.0096,0.008));
#5016=CARTESIAN_POINT('',(0.02,0.0096,0.008));
#5017=CARTESIAN_POINT('',(0.022,0.0076,0.008));
#5018=CARTESIAN_POINT('',(0.022,0.0056,0.008));
#5019=CARTESIAN_POINT('',(0.022,0.0056,0.008));
#5020=CARTESIAN_POINT('',(0.022,0.0076,0.008));
#5021=CARTESIAN_POINT('',(0.02,0.0056,0.008));
#5022=CARTESIAN_POINT('',(0.02,0.0036,0.008));
#5023=CARTESIAN_POINT('',(0.02,0.0036,0.008));
#5024=CARTESIAN_POINT('',(0.02,0.0056,0.008));
#5025=CARTESIAN_POINT('',(0.017125,0.0036,0.008));
#5026=CARTESIAN_POINT('',(0.01425,0.0036,0.008));
#5027=CARTESIAN_POINT('',(0.01425,0.0036,0.008));
#5028=CARTESIAN_POINT('',(0.017125,0.0036,0.008));
#5029=CARTESIAN_POINT('',(0.01425,0.0056,0.008));
#5030=CARTESIAN_POINT('',(0.01425,0.0056,0.008));
#5031=CARTESIAN_POINT('',(-6.93889390390723E-18,0.,0.008));
#5032=CARTESIAN_POINT('',(-0.02,0.062,0.008));
#5033=CARTESIAN_POINT('',(-0.022,0.062,0.008));
#5034=CARTESIAN_POINT('',(-0.022,0.062,0.008));
#5035=CARTESIAN_POINT('',(-0.02,0.062,0.008));
#5036=CARTESIAN_POINT('',(-0.02,0.06,0.008));
#5037=CARTESIAN_POINT('',(-0.02,0.06,0.008));
#5038=CARTESIAN_POINT('',(-0.022,0.064,0.008));
#5039=CARTESIAN_POINT('',(-0.022,0.066,0.008));
#5040=CARTESIAN_POINT('',(-0.022,0.066,0.008));
#5041=CARTESIAN_POINT('',(-0.022,0.064,0.008));
#5042=CARTESIAN_POINT('',(-0.02,0.066,0.008));
#5043=CARTESIAN_POINT('',(-0.02,0.068,0.008));
#5044=CARTESIAN_POINT('',(-0.02,0.068,0.008));
#5045=CARTESIAN_POINT('',(-0.02,0.066,0.008));
#5046=CARTESIAN_POINT('',(-0.017125,0.068,0.008));
#5047=CARTESIAN_POINT('',(-0.01425,0.068,0.008));
#5048=CARTESIAN_POINT('',(-0.01425,0.068,0.008));
#5049=CARTESIAN_POINT('',(-0.017125,0.068,0.008));
#5050=CARTESIAN_POINT('',(-0.01425,0.066,0.008));
#5051=CARTESIAN_POINT('',(-0.01225,0.066,0.008));
#5052=CARTESIAN_POINT('',(-0.01225,0.066,0.008));
#5053=CARTESIAN_POINT('',(-0.01425,0.066,0.008));
#5054=CARTESIAN_POINT('',(-0.01225,0.06225,0.008));
#5055=CARTESIAN_POINT('',(-0.01225,0.06225,0.0102));
#5056=CARTESIAN_POINT('',(-0.01225,0.06225,0.008));
#5057=CARTESIAN_POINT('',(-0.014875,0.06,0.008));
#5058=CARTESIAN_POINT('',(-0.014875,0.06,0.008));
#5059=CARTESIAN_POINT('',(-0.014875,0.06,0.0102));
#5060=CARTESIAN_POINT('',(-1.33738879750755E-17,0.0716,0.008));
#5061=CARTESIAN_POINT('',(0.02,0.062,0.008));
#5062=CARTESIAN_POINT('',(0.02,0.062,0.008));
#5063=CARTESIAN_POINT('',(0.022,0.062,0.008));
#5064=CARTESIAN_POINT('',(0.022,0.062,0.008));
#5065=CARTESIAN_POINT('',(0.01225,0.06225,0.008));
#5066=CARTESIAN_POINT('',(0.01225,0.066,0.008));
#5067=CARTESIAN_POINT('',(0.01225,0.066,0.008));
#5068=CARTESIAN_POINT('',(0.01225,0.06225,0.008));
#5069=CARTESIAN_POINT('',(0.01225,0.06225,0.0102));
#5070=CARTESIAN_POINT('',(0.01425,0.066,0.008));
#5071=CARTESIAN_POINT('',(0.01425,0.068,0.008));
#5072=CARTESIAN_POINT('',(0.01425,0.068,0.008));
#5073=CARTESIAN_POINT('',(0.01425,0.066,0.008));
#5074=CARTESIAN_POINT('',(0.017125,0.068,0.008));
#5075=CARTESIAN_POINT('',(0.02,0.068,0.008));
#5076=CARTESIAN_POINT('',(0.02,0.068,0.008));
#5077=CARTESIAN_POINT('',(0.017125,0.068,0.008));
#5078=CARTESIAN_POINT('',(0.02,0.066,0.008));
#5079=CARTESIAN_POINT('',(0.022,0.066,0.008));
#5080=CARTESIAN_POINT('',(0.022,0.066,0.008));
#5081=CARTESIAN_POINT('',(0.02,0.066,0.008));
#5082=CARTESIAN_POINT('',(0.022,0.064,0.008));
#5083=CARTESIAN_POINT('',(0.022,0.064,0.008));
#5084=CARTESIAN_POINT('',(1.33738879750755E-17,0.0716,0.008));
#5085=CARTESIAN_POINT('',(-6.93889390390723E-18,0.,0.0102));
#5086=CARTESIAN_POINT('',(-6.93889390390723E-18,0.,0.0102));
#5087=CARTESIAN_POINT('',(-6.93889390390723E-18,0.,0.0102));
#5088=CARTESIAN_POINT('',(-6.93889390390723E-18,0.,0.0102));
#5089=CARTESIAN_POINT('',(-6.93889390390723E-18,0.,0.0138));
#5090=CARTESIAN_POINT('',(-1.04083408558608E-17,0.0682,0.0138));
#5091=CARTESIAN_POINT('',(-0.02195,0.0682,0.0138));
#5092=CARTESIAN_POINT('',(0.02195,0.0682,0.0138));
#5093=CARTESIAN_POINT('',(-0.02195,0.0358,0.0138));
#5094=CARTESIAN_POINT('',(-0.02195,0.0034,0.0138));
#5095=CARTESIAN_POINT('',(1.04083408558608E-17,0.0034,0.0138));
#5096=CARTESIAN_POINT('',(0.02195,0.0034,0.0138));
#5097=CARTESIAN_POINT('',(0.02195,0.0358,0.0138));
#5098=CARTESIAN_POINT('',(0.02195,0.0358,0.013798));
#5099=CARTESIAN_POINT('',(0.02195,0.0034,0.013798));
#5100=CARTESIAN_POINT('',(0.02195,0.0682,0.013798));
#5101=CARTESIAN_POINT('',(1.04083408558608E-17,0.0034,0.013798));
#5102=CARTESIAN_POINT('',(-0.02195,0.0034,0.013798));
#5103=CARTESIAN_POINT('',(-1.04083408558608E-17,0.0682,0.013798));
#5104=CARTESIAN_POINT('',(-0.02195,0.0682,0.013798));
#5105=CARTESIAN_POINT('',(-0.02195,0.0358,0.013798));
#5106=CARTESIAN_POINT('',(-0.017115,-0.04327836,0.007));
#5107=CARTESIAN_POINT('',(-0.01899,-0.04327836,0.007));
#5108=CARTESIAN_POINT('',(-0.01899,-0.04327836,0.007));
#5109=CARTESIAN_POINT('',(-0.017115,-0.04327836,0.007));
#5110=CARTESIAN_POINT('',(-0.01524,-0.04327836,0.007));
#5111=CARTESIAN_POINT('',(-0.01524,-0.04327836,0.007));
#5112=CARTESIAN_POINT('',(-0.01899,-0.04127836,0.007));
#5113=CARTESIAN_POINT('',(-0.02099,-0.04127836,0.007));
#5114=CARTESIAN_POINT('',(-0.02099,-0.04127836,0.007));
#5115=CARTESIAN_POINT('',(-0.01899,-0.04127836,0.007));
#5116=CARTESIAN_POINT('',(-0.02099,-0.03752836,0.007));
#5117=CARTESIAN_POINT('',(-0.02099,-0.03377836,0.007));
#5118=CARTESIAN_POINT('',(-0.02099,-0.03377836,0.007));
#5119=CARTESIAN_POINT('',(-0.02099,-0.03752836,0.007));
#5120=CARTESIAN_POINT('',(-0.01899,-0.03377836,0.007));
#5121=CARTESIAN_POINT('',(-0.01899,-0.03177836,0.007));
#5122=CARTESIAN_POINT('',(-0.01899,-0.03177836,0.007));
#5123=CARTESIAN_POINT('',(-0.01899,-0.03377836,0.007));
#5124=CARTESIAN_POINT('',(-0.017115,-0.03177836,0.007));
#5125=CARTESIAN_POINT('',(-0.01818,-0.03177836,0.007));
#5126=CARTESIAN_POINT('',(-0.01818,-0.03177836,0.009));
#5127=CARTESIAN_POINT('',(-0.017115,-0.03177836,0.009));
#5128=CARTESIAN_POINT('',(-0.01524,-0.03177836,0.009));
#5129=CARTESIAN_POINT('',(-0.01524,-0.03177836,0.007));
#5130=CARTESIAN_POINT('',(-0.01524,-0.03177836,0.007));
#5131=CARTESIAN_POINT('',(-0.017115,-0.03177836,0.007));
#5132=CARTESIAN_POINT('',(-0.01524,-0.03377836,0.007));
#5133=CARTESIAN_POINT('',(-0.01524,-0.03377836,0.009));
#5134=CARTESIAN_POINT('',(-0.01324,-0.03377836,0.009));
#5135=CARTESIAN_POINT('',(-0.01324,-0.03377836,0.007));
#5136=CARTESIAN_POINT('',(-0.01324,-0.03377836,0.007));
#5137=CARTESIAN_POINT('',(-0.01524,-0.03377836,0.007));
#5138=CARTESIAN_POINT('',(-0.01324,-0.03752836,0.007));
#5139=CARTESIAN_POINT('',(-0.01324,-0.03752836,0.009));
#5140=CARTESIAN_POINT('',(-0.01324,-0.0404,0.009));
#5141=CARTESIAN_POINT('',(-0.01324,-0.0404,0.007));
#5142=CARTESIAN_POINT('',(-0.01324,-0.04127836,0.007));
#5143=CARTESIAN_POINT('',(-0.01324,-0.04127836,0.007));
#5144=CARTESIAN_POINT('',(-0.01324,-0.03752836,0.007));
#5145=CARTESIAN_POINT('',(-0.01524,-0.04127836,0.007));
#5146=CARTESIAN_POINT('',(-0.01524,-0.04127836,0.007));
#5147=CARTESIAN_POINT('',(-0.00693,0.01291082,0.007));
#5148=CARTESIAN_POINT('',(-0.01524,-0.03492,0.007));
#5149=CARTESIAN_POINT('',(-0.01389,-0.03492,0.007));
#5150=CARTESIAN_POINT('',(0.017115,-0.04327836,0.007));
#5151=CARTESIAN_POINT('',(0.01524,-0.04327836,0.007));
#5152=CARTESIAN_POINT('',(0.01524,-0.04327836,0.007));
#5153=CARTESIAN_POINT('',(0.017115,-0.04327836,0.007));
#5154=CARTESIAN_POINT('',(0.01899,-0.04327836,0.007));
#5155=CARTESIAN_POINT('',(0.01899,-0.04327836,0.007));
#5156=CARTESIAN_POINT('',(0.01524,-0.04127836,0.007));
#5157=CARTESIAN_POINT('',(0.01324,-0.04127836,0.007));
#5158=CARTESIAN_POINT('',(0.01324,-0.04127836,0.007));
#5159=CARTESIAN_POINT('',(0.01524,-0.04127836,0.007));
#5160=CARTESIAN_POINT('',(0.01324,-0.03752836,0.007));
#5161=CARTESIAN_POINT('',(0.01324,-0.0404,0.007));
#5162=CARTESIAN_POINT('',(0.01324,-0.0404,0.009));
#5163=CARTESIAN_POINT('',(0.01324,-0.03752836,0.009));
#5164=CARTESIAN_POINT('',(0.01324,-0.03377836,0.009));
#5165=CARTESIAN_POINT('',(0.01324,-0.03377836,0.007));
#5166=CARTESIAN_POINT('',(0.01324,-0.03377836,0.007));
#5167=CARTESIAN_POINT('',(0.01324,-0.03752836,0.007));
#5168=CARTESIAN_POINT('',(0.01524,-0.03377836,0.007));
#5169=CARTESIAN_POINT('',(0.01524,-0.03377836,0.009));
#5170=CARTESIAN_POINT('',(0.01524,-0.03177836,0.009));
#5171=CARTESIAN_POINT('',(0.01524,-0.03177836,0.007));
#5172=CARTESIAN_POINT('',(0.01524,-0.03177836,0.007));
#5173=CARTESIAN_POINT('',(0.01524,-0.03377836,0.007));
#5174=CARTESIAN_POINT('',(0.017115,-0.03177836,0.007));
#5175=CARTESIAN_POINT('',(0.017115,-0.03177836,0.009));
#5176=CARTESIAN_POINT('',(0.01818,-0.03177836,0.009));
#5177=CARTESIAN_POINT('',(0.01818,-0.03177836,0.007));
#5178=CARTESIAN_POINT('',(0.01899,-0.03177836,0.007));
#5179=CARTESIAN_POINT('',(0.01899,-0.03177836,0.007));
#5180=CARTESIAN_POINT('',(0.017115,-0.03177836,0.007));
#5181=CARTESIAN_POINT('',(0.01899,-0.03377836,0.007));
#5182=CARTESIAN_POINT('',(0.02099,-0.03377836,0.007));
#5183=CARTESIAN_POINT('',(0.02099,-0.03377836,0.007));
#5184=CARTESIAN_POINT('',(0.01899,-0.03377836,0.007));
#5185=CARTESIAN_POINT('',(0.02099,-0.03752836,0.007));
#5186=CARTESIAN_POINT('',(0.02099,-0.04127836,0.007));
#5187=CARTESIAN_POINT('',(0.02099,-0.04127836,0.007));
#5188=CARTESIAN_POINT('',(0.02099,-0.03752836,0.007));
#5189=CARTESIAN_POINT('',(0.01899,-0.04127836,0.007));
#5190=CARTESIAN_POINT('',(0.01899,-0.04127836,0.007));
#5191=CARTESIAN_POINT('',(0.00693,0.01291082,0.007));
#5192=CARTESIAN_POINT('',(0.01524,-0.03492,0.007));
#5193=CARTESIAN_POINT('',(0.01659,-0.03492,0.007));
#5194=CARTESIAN_POINT('',(-0.017115,0.00137836,0.007));
#5195=CARTESIAN_POINT('',(-0.01524,0.00137836,0.007));
#5196=CARTESIAN_POINT('',(-0.01524,0.00137836,0.007));
#5197=CARTESIAN_POINT('',(-0.017115,0.00137836,0.007));
#5198=CARTESIAN_POINT('',(-0.01899,0.00137836,0.007));
#5199=CARTESIAN_POINT('',(-0.01899,0.00137836,0.007));
#5200=CARTESIAN_POINT('',(-0.01524,-0.000621640000000007,0.007));
#5201=CARTESIAN_POINT('',(-0.01324,-0.000621640000000007,0.007));
#5202=CARTESIAN_POINT('',(-0.01324,-0.000621640000000007,0.007));
#5203=CARTESIAN_POINT('',(-0.01524,-0.000621640000000007,0.007));
#5204=CARTESIAN_POINT('',(-0.01324,-0.00437164,0.007));
#5205=CARTESIAN_POINT('',(-0.01324,-0.0015,0.007));
#5206=CARTESIAN_POINT('',(-0.01324,-0.0015,0.009));
#5207=CARTESIAN_POINT('',(-0.01324,-0.00437164,0.009));
#5208=CARTESIAN_POINT('',(-0.01324,-0.00812164,0.009));
#5209=CARTESIAN_POINT('',(-0.01324,-0.00812164,0.007));
#5210=CARTESIAN_POINT('',(-0.01324,-0.00812164,0.007));
#5211=CARTESIAN_POINT('',(-0.01324,-0.00437164,0.007));
#5212=CARTESIAN_POINT('',(-0.01524,-0.00812164,0.007));
#5213=CARTESIAN_POINT('',(-0.01524,-0.00812164,0.009));
#5214=CARTESIAN_POINT('',(-0.01524,-0.01012164,0.009));
#5215=CARTESIAN_POINT('',(-0.01524,-0.01012164,0.007));
#5216=CARTESIAN_POINT('',(-0.01524,-0.01012164,0.007));
#5217=CARTESIAN_POINT('',(-0.01524,-0.00812164,0.007));
#5218=CARTESIAN_POINT('',(-0.017115,-0.01012164,0.007));
#5219=CARTESIAN_POINT('',(-0.017115,-0.01012164,0.009));
#5220=CARTESIAN_POINT('',(-0.01818,-0.01012164,0.009));
#5221=CARTESIAN_POINT('',(-0.01818,-0.01012164,0.007));
#5222=CARTESIAN_POINT('',(-0.01899,-0.01012164,0.007));
#5223=CARTESIAN_POINT('',(-0.01899,-0.01012164,0.007));
#5224=CARTESIAN_POINT('',(-0.017115,-0.01012164,0.007));
#5225=CARTESIAN_POINT('',(-0.01899,-0.00812164,0.007));
#5226=CARTESIAN_POINT('',(-0.02099,-0.00812164,0.007));
#5227=CARTESIAN_POINT('',(-0.02099,-0.00812164,0.007));
#5228=CARTESIAN_POINT('',(-0.01899,-0.00812164,0.007));
#5229=CARTESIAN_POINT('',(-0.02099,-0.00437164,0.007));
#5230=CARTESIAN_POINT('',(-0.02099,-0.000621640000000014,0.007));
#5231=CARTESIAN_POINT('',(-0.02099,-0.000621640000000014,0.007));
#5232=CARTESIAN_POINT('',(-0.02099,-0.00437164,0.007));
#5233=CARTESIAN_POINT('',(-0.01899,-0.000621640000000007,0.007));
#5234=CARTESIAN_POINT('',(-0.01899,-0.000621640000000007,0.007));
#5235=CARTESIAN_POINT('',(-0.00693,-0.05481082,0.007));
#5236=CARTESIAN_POINT('',(-0.01524,-0.00444,0.007));
#5237=CARTESIAN_POINT('',(-0.01389,-0.00444,0.007));
#5238=CARTESIAN_POINT('',(0.017115,0.00137836,0.007));
#5239=CARTESIAN_POINT('',(0.01899,0.00137836,0.007));
#5240=CARTESIAN_POINT('',(0.01899,0.00137836,0.007));
#5241=CARTESIAN_POINT('',(0.017115,0.00137836,0.007));
#5242=CARTESIAN_POINT('',(0.01524,0.00137836,0.007));
#5243=CARTESIAN_POINT('',(0.01524,0.00137836,0.007));
#5244=CARTESIAN_POINT('',(0.01899,-0.000621640000000007,0.007));
#5245=CARTESIAN_POINT('',(0.02099,-0.000621640000000014,0.007));
#5246=CARTESIAN_POINT('',(0.02099,-0.000621640000000014,0.007));
#5247=CARTESIAN_POINT('',(0.01899,-0.000621640000000007,0.007));
#5248=CARTESIAN_POINT('',(0.02099,-0.00437164,0.007));
#5249=CARTESIAN_POINT('',(0.02099,-0.00812164,0.007));
#5250=CARTESIAN_POINT('',(0.02099,-0.00812164,0.007));
#5251=CARTESIAN_POINT('',(0.02099,-0.00437164,0.007));
#5252=CARTESIAN_POINT('',(0.01899,-0.00812164,0.007));
#5253=CARTESIAN_POINT('',(0.01899,-0.01012164,0.007));
#5254=CARTESIAN_POINT('',(0.01899,-0.01012164,0.007));
#5255=CARTESIAN_POINT('',(0.01899,-0.00812164,0.007));
#5256=CARTESIAN_POINT('',(0.017115,-0.01012164,0.007));
#5257=CARTESIAN_POINT('',(0.01818,-0.01012164,0.007));
#5258=CARTESIAN_POINT('',(0.01818,-0.01012164,0.009));
#5259=CARTESIAN_POINT('',(0.017115,-0.01012164,0.009));
#5260=CARTESIAN_POINT('',(0.01524,-0.01012164,0.009));
#5261=CARTESIAN_POINT('',(0.01524,-0.01012164,0.007));
#5262=CARTESIAN_POINT('',(0.01524,-0.01012164,0.007));
#5263=CARTESIAN_POINT('',(0.017115,-0.01012164,0.007));
#5264=CARTESIAN_POINT('',(0.01524,-0.00812164,0.007));
#5265=CARTESIAN_POINT('',(0.01524,-0.00812164,0.009));
#5266=CARTESIAN_POINT('',(0.01324,-0.00812164,0.009));
#5267=CARTESIAN_POINT('',(0.01324,-0.00812164,0.007));
#5268=CARTESIAN_POINT('',(0.01324,-0.00812164,0.007));
#5269=CARTESIAN_POINT('',(0.01524,-0.00812164,0.007));
#5270=CARTESIAN_POINT('',(0.01324,-0.00437164,0.007));
#5271=CARTESIAN_POINT('',(0.01324,-0.00437164,0.009));
#5272=CARTESIAN_POINT('',(0.01324,-0.0015,0.009));
#5273=CARTESIAN_POINT('',(0.01324,-0.0015,0.007));
#5274=CARTESIAN_POINT('',(0.01324,-0.000621640000000007,0.007));
#5275=CARTESIAN_POINT('',(0.01324,-0.000621640000000007,0.007));
#5276=CARTESIAN_POINT('',(0.01324,-0.00437164,0.007));
#5277=CARTESIAN_POINT('',(0.01524,-0.000621640000000007,0.007));
#5278=CARTESIAN_POINT('',(0.01524,-0.000621640000000007,0.007));
#5279=CARTESIAN_POINT('',(0.00693,-0.05481082,0.007));
#5280=CARTESIAN_POINT('',(0.01524,-0.00444,0.007));
#5281=CARTESIAN_POINT('',(0.01659,-0.00444,0.007));
#5282=CARTESIAN_POINT('',(0.01524,-0.00444,0.007));
#5283=CARTESIAN_POINT('',(0.01524,-0.00444,0.009));
#5284=CARTESIAN_POINT('',(0.01389,-0.00444,0.009));
#5285=CARTESIAN_POINT('',(-0.01524,-0.00444,0.007));
#5286=CARTESIAN_POINT('',(-0.01524,-0.00444,0.009));
#5287=CARTESIAN_POINT('',(-0.01659,-0.00444,0.009));
#5288=CARTESIAN_POINT('',(0.01524,-0.03492,0.007));
#5289=CARTESIAN_POINT('',(0.01524,-0.03492,0.009));
#5290=CARTESIAN_POINT('',(0.01389,-0.03492,0.009));
#5291=CARTESIAN_POINT('',(-0.01524,-0.03492,0.007));
#5292=CARTESIAN_POINT('',(-0.01524,-0.03492,0.009));
#5293=CARTESIAN_POINT('',(-0.01659,-0.03492,0.009));
#5294=CARTESIAN_POINT('',(-0.00693,0.01291082,0.009));
#5295=CARTESIAN_POINT('',(-0.01818,-0.02095,0.009));
#5296=CARTESIAN_POINT('',(-0.01818,-0.0404,0.009));
#5297=CARTESIAN_POINT('',(-1.04083408558608E-17,-0.0404,0.009));
#5298=CARTESIAN_POINT('',(0.00693,0.01291082,0.009));
#5299=CARTESIAN_POINT('',(-1.04083408558608E-17,-0.0404,0.009));
#5300=CARTESIAN_POINT('',(0.01818,-0.0404,0.009));
#5301=CARTESIAN_POINT('',(0.01818,-0.02095,0.009));
#5302=CARTESIAN_POINT('',(-0.00693,-0.05481082,0.009));
#5303=CARTESIAN_POINT('',(-2.42861286636753E-17,-0.0015,0.009));
#5304=CARTESIAN_POINT('',(-0.01818,-0.0015,0.009));
#5305=CARTESIAN_POINT('',(-0.01818,-0.02095,0.009));
#5306=CARTESIAN_POINT('',(0.00693,-0.05481082,0.009));
#5307=CARTESIAN_POINT('',(0.01818,-0.02095,0.009));
#5308=CARTESIAN_POINT('',(0.01818,-0.0015,0.009));
#5309=CARTESIAN_POINT('',(-2.42861286636753E-17,-0.0015,0.009));
#5310=CARTESIAN_POINT('',(-1.04083408558608E-17,-0.0404,0.008998));
#5311=CARTESIAN_POINT('',(-0.01818,-0.0404,0.008998));
#5312=CARTESIAN_POINT('',(0.01818,-0.0404,0.008998));
#5313=CARTESIAN_POINT('',(0.01818,-0.02095,0.008998));
#5314=CARTESIAN_POINT('',(0.01818,-0.0015,0.008998));
#5315=CARTESIAN_POINT('',(-2.42861286636753E-17,-0.0015,0.008998));
#5316=CARTESIAN_POINT('',(-0.01818,-0.0015,0.008998));
#5317=CARTESIAN_POINT('',(-0.01818,-0.02095,0.008998));
#5318=CARTESIAN_POINT('',(-0.028,0.068,0.015));
#5319=CARTESIAN_POINT('',(0.028,0.068,0.015));
#5320=CARTESIAN_POINT('',(-0.028,-0.068,0.015));
#5321=CARTESIAN_POINT('',(0.028,-0.068,0.015));
#5322=CARTESIAN_POINT('',(-0.03,0.07,0.011));
#5323=CARTESIAN_POINT('',(-0.03,0.071,0.011));
#5324=CARTESIAN_POINT('',(-0.031,0.07,0.011));
#5325=CARTESIAN_POINT('',(-0.031,3.0729387288732E-18,0.011));
#5326=CARTESIAN_POINT('',(-0.031,-0.07,0.011));
#5327=CARTESIAN_POINT('',(0.,0.071,0.011));
#5328=CARTESIAN_POINT('',(0.03,0.071,0.011));
#5329=CARTESIAN_POINT('',(-0.03,-0.07,0.011));
#5330=CARTESIAN_POINT('',(-0.03,-0.071,0.011));
#5331=CARTESIAN_POINT('',(0.03,0.07,0.011));
#5332=CARTESIAN_POINT('',(0.031,0.07,0.011));
#5333=CARTESIAN_POINT('',(0.,-0.071,0.011));
#5334=CARTESIAN_POINT('',(0.03,-0.071,0.011));
#5335=CARTESIAN_POINT('',(0.031,-3.0729387288732E-18,0.011));
#5336=CARTESIAN_POINT('',(0.031,-0.07,0.011));
#5337=CARTESIAN_POINT('',(0.03,-0.07,0.011));
#5338=MECHANICAL_DESIGN_GEOMETRIC_PRESENTATION_REPRESENTATION('',(#3191),
#5339);
#5339=(
GEOMETRIC_REPRESENTATION_CONTEXT(3)
GLOBAL_UNCERTAINTY_ASSIGNED_CONTEXT((#5340))
GLOBAL_UNIT_ASSIGNED_CONTEXT((#5343,#5342,#5341))
REPRESENTATION_CONTEXT('TopHalf','TOP_LEVEL_ASSEMBLY_PART')
);
#5340=UNCERTAINTY_MEASURE_WITH_UNIT(LENGTH_MEASURE(1.E-8),#5343,
'DISTANCE_ACCURACY_VALUE','Maximum Tolerance applied to model');
#5341=(
NAMED_UNIT(*)
SI_UNIT($,.STERADIAN.)
SOLID_ANGLE_UNIT()
);
#5342=(
NAMED_UNIT(*)
PLANE_ANGLE_UNIT()
SI_UNIT($,.RADIAN.)
);
#5343=(
LENGTH_UNIT()
NAMED_UNIT(*)
SI_UNIT($,.METRE.)
);
#5344=PRODUCT_DEFINITION_SHAPE('','',#5345);
#5345=PRODUCT_DEFINITION('','',#5347,#5346);
#5346=PRODUCT_DEFINITION_CONTEXT('',#5353,'design');
#5347=PRODUCT_DEFINITION_FORMATION_WITH_SPECIFIED_SOURCE('','',#5349,
 .NOT_KNOWN.);
#5348=PRODUCT_RELATED_PRODUCT_CATEGORY('','',(#5349));
#5349=PRODUCT('TopHalf','TopHalf','TopHalf',(#5351));
#5350=PRODUCT_CATEGORY('','');
#5351=PRODUCT_CONTEXT('',#5353,'mechanical');
#5352=APPLICATION_PROTOCOL_DEFINITION('international standard',
'automotive_design',2010,#5353);
#5353=APPLICATION_CONTEXT(
'core data for automotive mechanical design processes');
ENDSEC;
END-ISO-10303-21;
